6003 info attempt registry request try #1 at 2:49:47 PM
6004 http request GET https://registry.npmjs.org/source-map-js
6005 http 200 https://registry.npmjs.org/source-map-js
6006 verbose headers { date: 'Tue, 11 Aug 2026 05:49:47 GMT',
6006 verbose headers   'content-type': 'application/json',
6006 verbose headers   'transfer-encoding': 'chunked',
6006 verbose headers   connection: 'keep-alive',
6006 verbose headers   'set-cookie':
6006 verbose headers    [ '__cf_bm=38Cov2fW3MTltennYX0dey6c4jv2zPBIJm8shEOfDKc-1786427387.4535885-1.0.1.1-on7qFIWhDuqpOSovFiJ6ErK1x3ty4gr7XZ7u2X_t6r5_MpCk3vYHPVt0XSMzIjcd4rxPliVNGjAIwQSjbL82OIOqiA_P8_rYqDpxiTuJTk3YUhrX4fi3Jnz8DFbAqlkZ; HttpOnly; SameSite=None; Secure; Path=/; Domain=npmjs.org; Expires=Tue, 11 Aug 2026 06:19:47 GMT',
6006 verbose headers      '_cfuvid=g8zKtE.b5k2LkzI3Kq2630X7dljqPJ90_KC0Rbo_vCw-1786427387.4535885-1.0.1.1-7sQXdLHaqnwYXoSY6R_g1kV3T85UQPxsr1Np0ssqGlo; HttpOnly; SameSite=None; Secure; Path=/; Domain=npmjs.org' ],
6006 verbose headers   'cf-ray': 'a294f58399ddd1da-ICN',
6006 verbose headers   'cf-cache-status': 'HIT',
6006 verbose headers   'access-control-allow-origin': '*',
6006 verbose headers   age: '8',
6006 verbose headers   'cache-control': 'public, max-age=300',
6006 verbose headers   vary: 'accept-encoding, accept',
6006 verbose headers   'last-modified': 'Sun, 08 Sep 2024 16:22:57 GMT',
6006 verbose headers   server: 'cloudflare',
6006 verbose headers   etag: 'W/"1da50c33371c28000297fd606a91a4ab"',
6006 verbose headers   'content-encoding': 'gzip' }
6007 silly get cb [ 200,
6007 silly get   { date: 'Tue, 11 Aug 2026 05:49:47 GMT',
6007 silly get     'content-type': 'application/json',
6007 silly get     'transfer-encoding': 'chunked',
6007 silly get     connection: 'keep-alive',
6007 silly get     'set-cookie':
6007 silly get      [ '__cf_bm=38Cov2fW3MTltennYX0dey6c4jv2zPBIJm8shEOfDKc-1786427387.4535885-1.0.1.1-on7qFIWhDuqpOSovFiJ6ErK1x3ty4gr7XZ7u2X_t6r5_MpCk3vYHPVt0XSMzIjcd4rxPliVNGjAIwQSjbL82OIOqiA_P8_rYqDpxiTuJTk3YUhrX4fi3Jnz8DFbAqlkZ; HttpOnly; SameSite=None; Secure; Path=/; Domain=npmjs.org; Expires=Tue, 11 Aug 2026 06:19:47 GMT',
6007 silly get        '_cfuvid=g8zKtE.b5k2LkzI3Kq2630X7dljqPJ90_KC0Rbo_vCw-1786427387.4535885-1.0.1.1-7sQXdLHaqnwYXoSY6R_g1kV3T85UQPxsr1Np0ssqGlo; HttpOnly; SameSite=None; Secure; Path=/; Domain=npmjs.org' ],
6007 silly get     'cf-ray': 'a294f58399ddd1da-ICN',
6007 silly get     'cf-cache-status': 'HIT',
6007 silly get     'access-control-allow-origin': '*',
6007 silly get     age: '8',
6007 silly get     'cache-control': 'public, max-age=300',
6007 silly get     vary: 'accept-encoding, accept',
6007 silly get     'last-modified': 'Sun, 08 Sep 2024 16:22:57 GMT',
6007 silly get     server: 'cloudflare',
6007 silly get     etag: 'W/"1da50c33371c28000297fd606a91a4ab"',
6007 silly get     'content-encoding': 'gzip' } ]
6008 verbose get saving source-map-js to /Users/hyypucs/.npm/registry.npmjs.org/source-map-js/.cache.json
6009 verbose correctMkdir /Users/hyypucs/.npm correctMkdir not in flight; initializing
6010 silly resolveWithNewModule source-map-js@1.2.1 checking installable status
6011 silly cache add args [ 'source-map-js@^1.2.1', null ]
6012 verbose cache add spec source-map-js@^1.2.1
6013 silly cache add parsed spec Result {
6013 silly cache add   raw: 'source-map-js@^1.2.1',
6013 silly cache add   scope: null,
6013 silly cache add   escapedName: 'source-map-js',
6013 silly cache add   name: 'source-map-js',
6013 silly cache add   rawSpec: '^1.2.1',
6013 silly cache add   spec: '>=1.2.1 <2.0.0',
6013 silly cache add   type: 'range' }
6014 silly addNamed source-map-js@>=1.2.1 <2.0.0
6015 verbose addNamed ">=1.2.1 <2.0.0" is a valid semver range for source-map-js
6016 silly addNameRange { name: 'source-map-js',
6016 silly addNameRange   range: '>=1.2.1 <2.0.0',
6016 silly addNameRange   hasData: false }
6017 silly mapToRegistry name source-map-js
6018 silly mapToRegistry using default registry
6019 silly mapToRegistry registry https://registry.npmjs.org/
6020 silly mapToRegistry data Result {
6020 silly mapToRegistry   raw: 'source-map-js',
6020 silly mapToRegistry   scope: null,
6020 silly mapToRegistry   escapedName: 'source-map-js',
6020 silly mapToRegistry   name: 'source-map-js',
6020 silly mapToRegistry   rawSpec: '',
6020 silly mapToRegistry   spec: 'latest',
6020 silly mapToRegistry   type: 'tag' }
6021 silly mapToRegistry uri https://registry.npmjs.org/source-map-js
6022 verbose addNameRange registry:https://registry.npmjs.org/source-map-js not in flight; fetching
6023 verbose get https://registry.npmjs.org/source-map-js not expired, no request
6024 silly addNameRange number 2 { name: 'source-map-js', range: '>=1.2.1 <2.0.0', hasData: true }
6025 silly addNameRange versions [ 'source-map-js',
6025 silly addNameRange   [ '0.6.2',
6025 silly addNameRange     '1.0.0',
6025 silly addNameRange     '1.0.1',
6025 silly addNameRange     '1.0.2',
6025 silly addNameRange     '1.0.3',
6025 silly addNameRange     '1.1.0',
6025 silly addNameRange     '1.2.0',
6025 silly addNameRange     '1.2.1' ] ]
6026 silly addNamed source-map-js@1.2.1
6027 verbose addNamed "1.2.1" is a plain semver version for source-map-js
6028 silly mapToRegistry name source-map-js
6029 silly mapToRegistry using default registry
6030 silly mapToRegistry registry https://registry.npmjs.org/
6031 silly mapToRegistry data Result {
6031 silly mapToRegistry   raw: 'source-map-js',
6031 silly mapToRegistry   scope: null,
6031 silly mapToRegistry   escapedName: 'source-map-js',
6031 silly mapToRegistry   name: 'source-map-js',
6031 silly mapToRegistry   rawSpec: '',
6031 silly mapToRegistry   spec: 'latest',
6031 silly mapToRegistry   type: 'tag' }
6032 silly mapToRegistry uri https://registry.npmjs.org/source-map-js
6033 verbose addRemoteTarball https://registry.npmjs.org/source-map-js/-/source-map-js-1.2.1.tgz not in flight; adding
6034 verbose addRemoteTarball [ 'https://registry.npmjs.org/source-map-js/-/source-map-js-1.2.1.tgz',
6034 verbose addRemoteTarball   '1ce5650fddd87abc099eda37dcff024c2667ae46' ]
6035 info retry fetch attempt 1 at 2:49:47 PM
6036 info attempt registry request try #1 at 2:49:47 PM
6037 http fetch GET https://registry.npmjs.org/source-map-js/-/source-map-js-1.2.1.tgz
6038 http 200 https://registry.npmjs.org/nanoid
6039 verbose headers { date: 'Tue, 11 Aug 2026 05:49:47 GMT',
6039 verbose headers   'content-type': 'application/json',
6039 verbose headers   'transfer-encoding': 'chunked',
6039 verbose headers   connection: 'keep-alive',
6039 verbose headers   'set-cookie':
6039 verbose headers    [ '__cf_bm=s5T4rERdYHfYtUv_3Dho2wIsjJ5_iIb3w2w.HnCWFT0-1786427387.4543526-1.0.1.1-ZXNFNt83FqwSRDFMwML1ASWi3gh1Pn54DthA3_U2u0HVHnUT4LRd3HhzXC5132xEPpF3uoNW3QfbKWVbpN984jAvWD56uTwL0ABjxmPC88xKxHP0VZtMj4zvfMcDePT9; HttpOnly; SameSite=None; Secure; Path=/; Domain=npmjs.org; Expires=Tue, 11 Aug 2026 06:19:47 GMT',
6039 verbose headers      '_cfuvid=d_rR0tubsBTynE0ruB.eDAaBTDp7F8mAE_W1YAWh4bM-1786427387.4543526-1.0.1.1-Q1q353R7KUswlyEkZD8Hzaks1xIBz38VMtBe.okbMqw; HttpOnly; SameSite=None; Secure; Path=/; Domain=npmjs.org' ],
6039 verbose headers   'cf-ray': 'a294f5839c3cebec-ICN',
6039 verbose headers   'cf-cache-status': 'HIT',
6039 verbose headers   'access-control-allow-origin': '*',
6039 verbose headers   age: '115',
6039 verbose headers   'cache-control': 'public, max-age=300',
6039 verbose headers   vary: 'accept-encoding, accept',
6039 verbose headers   'last-modified': 'Fri, 07 Aug 2026 16:41:07 GMT',
6039 verbose headers   server: 'cloudflare',
6039 verbose headers   etag: 'W/"cb1dd3e5986e778fe0bd23fdefbeecab"',
6039 verbose headers   'content-encoding': 'gzip' }
6040 silly get cb [ 200,
6040 silly get   { date: 'Tue, 11 Aug 2026 05:49:47 GMT',
6040 silly get     'content-type': 'application/json',
6040 silly get     'transfer-encoding': 'chunked',
6040 silly get     connection: 'keep-alive',
6040 silly get     'set-cookie':
6040 silly get      [ '__cf_bm=s5T4rERdYHfYtUv_3Dho2wIsjJ5_iIb3w2w.HnCWFT0-1786427387.4543526-1.0.1.1-ZXNFNt83FqwSRDFMwML1ASWi3gh1Pn54DthA3_U2u0HVHnUT4LRd3HhzXC5132xEPpF3uoNW3QfbKWVbpN984jAvWD56uTwL0ABjxmPC88xKxHP0VZtMj4zvfMcDePT9; HttpOnly; SameSite=None; Secure; Path=/; Domain=npmjs.org; Expires=Tue, 11 Aug 2026 06:19:47 GMT',
6040 silly get        '_cfuvid=d_rR0tubsBTynE0ruB.eDAaBTDp7F8mAE_W1YAWh4bM-1786427387.4543526-1.0.1.1-Q1q353R7KUswlyEkZD8Hzaks1xIBz38VMtBe.okbMqw; HttpOnly; SameSite=None; Secure; Path=/; Domain=npmjs.org' ],
6040 silly get     'cf-ray': 'a294f5839c3cebec-ICN',
6040 silly get     'cf-cache-status': 'HIT',
6040 silly get     'access-control-allow-origin': '*',
6040 silly get     age: '115',
6040 silly get     'cache-control': 'public, max-age=300',
6040 silly get     vary: 'accept-encoding, accept',
6040 silly get     'last-modified': 'Fri, 07 Aug 2026 16:41:07 GMT',
6040 silly get     server: 'cloudflare',
6040 silly get     etag: 'W/"cb1dd3e5986e778fe0bd23fdefbeecab"',
6040 silly get     'content-encoding': 'gzip' } ]
6041 verbose get saving nanoid to /Users/hyypucs/.npm/registry.npmjs.org/nanoid/.cache.json
6042 verbose correctMkdir /Users/hyypucs/.npm correctMkdir not in flight; initializing
6043 http fetch 200 https://registry.npmjs.org/source-map-js/-/source-map-js-1.2.1.tgz
6044 silly fetchAndShaCheck shasum 1ce5650fddd87abc099eda37dcff024c2667ae46
6045 verbose addTmpTarball /var/folders/b0/dvmh502d60d_5pnbb140ht_c0000gn/T/npm-5666-61c1bef1/registry.npmjs.org/source-map-js/-/source-map-js-1.2.1.tgz not in flight; adding
6046 verbose addTmpTarball already have metadata; skipping unpack for source-map-js@1.2.1
6047 verbose correctMkdir /Users/hyypucs/.npm correctMkdir not in flight; initializing
6048 silly resolveWithNewModule nanoid@3.3.18 checking installable status
6049 silly cache add args [ 'nanoid@^3.3.17', null ]
6050 verbose cache add spec nanoid@^3.3.17
6051 silly cache add parsed spec Result {
6051 silly cache add   raw: 'nanoid@^3.3.17',
6051 silly cache add   scope: null,
6051 silly cache add   escapedName: 'nanoid',
6051 silly cache add   name: 'nanoid',
6051 silly cache add   rawSpec: '^3.3.17',
6051 silly cache add   spec: '>=3.3.17 <4.0.0',
6051 silly cache add   type: 'range' }
6052 silly addNamed nanoid@>=3.3.17 <4.0.0
6053 verbose addNamed ">=3.3.17 <4.0.0" is a valid semver range for nanoid
6054 silly addNameRange { name: 'nanoid', range: '>=3.3.17 <4.0.0', hasData: false }
6055 silly mapToRegistry name nanoid
6056 silly mapToRegistry using default registry
6057 silly mapToRegistry registry https://registry.npmjs.org/
6058 silly mapToRegistry data Result {
6058 silly mapToRegistry   raw: 'nanoid',
6058 silly mapToRegistry   scope: null,
6058 silly mapToRegistry   escapedName: 'nanoid',
6058 silly mapToRegistry   name: 'nanoid',
6058 silly mapToRegistry   rawSpec: '',
6058 silly mapToRegistry   spec: 'latest',
6058 silly mapToRegistry   type: 'tag' }
6059 silly mapToRegistry uri https://registry.npmjs.org/nanoid
6060 verbose addNameRange registry:https://registry.npmjs.org/nanoid not in flight; fetching
6061 verbose get https://registry.npmjs.org/nanoid not expired, no request
6062 silly addNameRange number 2 { name: 'nanoid', range: '>=3.3.17 <4.0.0', hasData: true }
6063 silly addNameRange versions [ 'nanoid',
6063 silly addNameRange   [ '0.1.0',
6063 silly addNameRange     '0.1.1',
6063 silly addNameRange     '0.2.0',
6063 silly addNameRange     '0.2.1',
6063 silly addNameRange     '0.2.2',
6063 silly addNameRange     '1.0.0',
6063 silly addNameRange     '1.0.1',
6063 silly addNameRange     '1.0.2',
6063 silly addNameRange     '1.0.3',
6063 silly addNameRange     '1.0.4',
6063 silly addNameRange     '1.0.5',
6063 silly addNameRange     '1.0.6',
6063 silly addNameRange     '1.0.7',
6063 silly addNameRange     '1.1.0',
6063 silly addNameRange     '1.1.1',
6063 silly addNameRange     '1.2.0',
6063 silly addNameRange     '1.2.1',
6063 silly addNameRange     '1.2.2',
6063 silly addNameRange     '1.2.3',
6063 silly addNameRange     '1.2.4',
6063 silly addNameRange     '1.2.5',
6063 silly addNameRange     '1.2.6',
6063 silly addNameRange     '1.3.0',
6063 silly addNameRange     '1.3.1',
6063 silly addNameRange     '1.3.2',
6063 silly addNameRange     '1.3.3',
6063 silly addNameRange     '1.3.4',
6063 silly addNameRange     '2.0.0',
6063 silly addNameRange     '2.0.1',
6063 silly addNameRange     '2.0.2',
6063 silly addNameRange     '2.0.3',
6063 silly addNameRange     '2.0.4',
6063 silly addNameRange     '2.1.0',
6063 silly addNameRange     '2.1.1',
6063 silly addNameRange     '2.1.2',
6063 silly addNameRange     '2.1.3',
6063 silly addNameRange     '2.1.4',
6063 silly addNameRange     '2.1.5',
6063 silly addNameRange     '2.1.6',
6063 silly addNameRange     '2.1.7',
6063 silly addNameRange     '2.1.8',
6063 silly addNameRange     '2.1.9',
6063 silly addNameRange     '2.1.10',
6063 silly addNameRange     '2.1.11',
6063 silly addNameRange     '3.0.0',
6063 silly addNameRange     '3.0.1',
6063 silly addNameRange     '3.0.2',
6063 silly addNameRange     '3.1.0',
6063 silly addNameRange     '3.1.1',
6063 silly addNameRange     '3.1.2',
6063 silly addNameRange     '3.1.3',
6063 silly addNameRange     '3.1.4',
6063 silly addNameRange     '3.1.5',
6063 silly addNameRange     '3.1.6',
6063 silly addNameRange     '3.1.7',
6063 silly addNameRange     '3.1.8',
6063 silly addNameRange     '3.1.9',
6063 silly addNameRange     '3.1.10',
6063 silly addNameRange     '3.1.11',
6063 silly addNameRange     '3.1.12',
6063 silly addNameRange     '3.1.13',
6063 silly addNameRange     '3.1.14',
6063 silly addNameRange     '3.1.15',
6063 silly addNameRange     '3.1.16',
6063 silly addNameRange     '3.1.17',
6063 silly addNameRange     '3.1.18',
6063 silly addNameRange     '3.1.19',
6063 silly addNameRange     '3.1.20',
6063 silly addNameRange     '3.1.21',
6063 silly addNameRange     '3.1.22',
6063 silly addNameRange     '3.1.23',
6063 silly addNameRange     '3.1.24',
6063 silly addNameRange     '3.1.25',
6063 silly addNameRange     '3.1.26',
6063 silly addNameRange     '3.1.27',
6063 silly addNameRange     '3.1.28',
6063 silly addNameRange     '3.1.29',
6063 silly addNameRange     '3.1.30',
6063 silly addNameRange     '3.1.31',
6063 silly addNameRange     '3.1.32',
6063 silly addNameRange     '3.2.0',
6063 silly addNameRange     '3.3.0',
6063 silly addNameRange     '3.3.1',
6063 silly addNameRange     '3.3.2',
6063 silly addNameRange     '3.3.3',
6063 silly addNameRange     '3.3.4',
6063 silly addNameRange     '4.0.0',
6063 silly addNameRange     '4.0.1',
6063 silly addNameRange     '4.0.2',
6063 silly addNameRange     '3.3.5',
6063 silly addNameRange     '3.3.6',
6063 silly addNameRange     '5.0.0',
6063 silly addNameRange     '5.0.1',
6063 silly addNameRange     '5.0.2',
6063 silly addNameRange     '3.3.7',
6063 silly addNameRange     '5.0.3',
6063 silly addNameRange     '5.0.4',
6063 silly addNameRange     '5.0.5',
6063 silly addNameRange     '5.0.6',
6063 silly addNameRange     '5.0.7',
6063 silly addNameRange     ... 32 more items ] ]
6064 silly addNamed nanoid@3.3.18
6065 verbose addNamed "3.3.18" is a plain semver version for nanoid
6066 silly mapToRegistry name nanoid
6067 silly mapToRegistry using default registry
6068 silly mapToRegistry registry https://registry.npmjs.org/
6069 silly mapToRegistry data Result {
6069 silly mapToRegistry   raw: 'nanoid',
6069 silly mapToRegistry   scope: null,
6069 silly mapToRegistry   escapedName: 'nanoid',
6069 silly mapToRegistry   name: 'nanoid',
6069 silly mapToRegistry   rawSpec: '',
6069 silly mapToRegistry   spec: 'latest',
6069 silly mapToRegistry   type: 'tag' }
6070 silly mapToRegistry uri https://registry.npmjs.org/nanoid
6071 verbose addRemoteTarball https://registry.npmjs.org/nanoid/-/nanoid-3.3.18.tgz not in flight; adding
6072 verbose addRemoteTarball [ 'https://registry.npmjs.org/nanoid/-/nanoid-3.3.18.tgz',
6072 verbose addRemoteTarball   'f66a2de1199ffde0fcf21c8a5f13106b1c081913' ]
6073 info retry fetch attempt 1 at 2:49:47 PM
6074 info attempt registry request try #1 at 2:49:47 PM
6075 http fetch GET https://registry.npmjs.org/nanoid/-/nanoid-3.3.18.tgz
6076 silly cache afterAdd source-map-js@1.2.1
6077 verbose afterAdd /Users/hyypucs/.npm/source-map-js/1.2.1/package/package.json not in flight; writing
6078 verbose correctMkdir /Users/hyypucs/.npm correctMkdir not in flight; initializing
6079 verbose afterAdd /Users/hyypucs/.npm/source-map-js/1.2.1/package/package.json written
6080 http fetch 200 https://registry.npmjs.org/nanoid/-/nanoid-3.3.18.tgz
6081 silly fetchAndShaCheck shasum f66a2de1199ffde0fcf21c8a5f13106b1c081913
6082 verbose addTmpTarball /var/folders/b0/dvmh502d60d_5pnbb140ht_c0000gn/T/npm-5666-61c1bef1/registry.npmjs.org/nanoid/-/nanoid-3.3.18.tgz not in flight; adding
6083 verbose addTmpTarball already have metadata; skipping unpack for nanoid@3.3.18
6084 verbose correctMkdir /Users/hyypucs/.npm correctMkdir not in flight; initializing
6085 silly cache afterAdd nanoid@3.3.18
6086 verbose afterAdd /Users/hyypucs/.npm/nanoid/3.3.18/package/package.json not in flight; writing
6087 verbose correctMkdir /Users/hyypucs/.npm correctMkdir not in flight; initializing
6088 verbose afterAdd /Users/hyypucs/.npm/nanoid/3.3.18/package/package.json written
6089 silly fetchNamedPackageData @types/estree
6090 silly mapToRegistry name @types/estree
6091 silly mapToRegistry scope (from package name) @types
6092 verbose mapToRegistry no registry URL found in name for scope @types
6093 silly mapToRegistry using default registry
6094 silly mapToRegistry registry https://registry.npmjs.org/
6095 silly mapToRegistry data Result {
6095 silly mapToRegistry   raw: '@types/estree',
6095 silly mapToRegistry   scope: '@types',
6095 silly mapToRegistry   escapedName: '@types%2festree',
6095 silly mapToRegistry   name: '@types/estree',
6095 silly mapToRegistry   rawSpec: '',
6095 silly mapToRegistry   spec: 'latest',
6095 silly mapToRegistry   type: 'tag' }
6096 silly mapToRegistry uri https://registry.npmjs.org/@types%2festree
6097 silly fetchNamedPackageData @rollup/rollup-darwin-x64
6098 silly mapToRegistry name @rollup/rollup-darwin-x64
6099 silly mapToRegistry scope (from package name) @rollup
6100 verbose mapToRegistry no registry URL found in name for scope @rollup
6101 silly mapToRegistry using default registry
6102 silly mapToRegistry registry https://registry.npmjs.org/
6103 silly mapToRegistry data Result {
6103 silly mapToRegistry   raw: '@rollup/rollup-darwin-x64',
6103 silly mapToRegistry   scope: '@rollup',
6103 silly mapToRegistry   escapedName: '@rollup%2frollup-darwin-x64',
6103 silly mapToRegistry   name: '@rollup/rollup-darwin-x64',
6103 silly mapToRegistry   rawSpec: '',
6103 silly mapToRegistry   spec: 'latest',
6103 silly mapToRegistry   type: 'tag' }
6104 silly mapToRegistry uri https://registry.npmjs.org/@rollup%2frollup-darwin-x64
6105 silly fetchNamedPackageData @rollup/rollup-freebsd-x64
6106 silly mapToRegistry name @rollup/rollup-freebsd-x64
6107 silly mapToRegistry scope (from package name) @rollup
6108 verbose mapToRegistry no registry URL found in name for scope @rollup
6109 silly mapToRegistry using default registry
6110 silly mapToRegistry registry https://registry.npmjs.org/
6111 silly mapToRegistry data Result {
6111 silly mapToRegistry   raw: '@rollup/rollup-freebsd-x64',
6111 silly mapToRegistry   scope: '@rollup',
6111 silly mapToRegistry   escapedName: '@rollup%2frollup-freebsd-x64',
6111 silly mapToRegistry   name: '@rollup/rollup-freebsd-x64',
6111 silly mapToRegistry   rawSpec: '',
6111 silly mapToRegistry   spec: 'latest',
6111 silly mapToRegistry   type: 'tag' }
6112 silly mapToRegistry uri https://registry.npmjs.org/@rollup%2frollup-freebsd-x64
6113 silly fetchNamedPackageData @rollup/rollup-openbsd-x64
6114 silly mapToRegistry name @rollup/rollup-openbsd-x64
6115 silly mapToRegistry scope (from package name) @rollup
6116 verbose mapToRegistry no registry URL found in name for scope @rollup
6117 silly mapToRegistry using default registry
6118 silly mapToRegistry registry https://registry.npmjs.org/
6119 silly mapToRegistry data Result {
6119 silly mapToRegistry   raw: '@rollup/rollup-openbsd-x64',
6119 silly mapToRegistry   scope: '@rollup',
6119 silly mapToRegistry   escapedName: '@rollup%2frollup-openbsd-x64',
6119 silly mapToRegistry   name: '@rollup/rollup-openbsd-x64',
6119 silly mapToRegistry   rawSpec: '',
6119 silly mapToRegistry   spec: 'latest',
6119 silly mapToRegistry   type: 'tag' }
6120 silly mapToRegistry uri https://registry.npmjs.org/@rollup%2frollup-openbsd-x64
6121 silly fetchNamedPackageData @napi-rs/lzma-linux-x64-gnu
6122 silly mapToRegistry name @napi-rs/lzma-linux-x64-gnu
6123 silly mapToRegistry scope (from package name) @napi-rs
6124 verbose mapToRegistry no registry URL found in name for scope @napi-rs
6125 silly mapToRegistry using default registry
6126 silly mapToRegistry registry https://registry.npmjs.org/
6127 silly mapToRegistry data Result {
6127 silly mapToRegistry   raw: '@napi-rs/lzma-linux-x64-gnu',
6127 silly mapToRegistry   scope: '@napi-rs',
6127 silly mapToRegistry   escapedName: '@napi-rs%2flzma-linux-x64-gnu',
6127 silly mapToRegistry   name: '@napi-rs/lzma-linux-x64-gnu',
6127 silly mapToRegistry   rawSpec: '',
6127 silly mapToRegistry   spec: 'latest',
6127 silly mapToRegistry   type: 'tag' }
6128 silly mapToRegistry uri https://registry.npmjs.org/@napi-rs%2flzma-linux-x64-gnu
6129 silly fetchNamedPackageData @rollup/rollup-darwin-arm64
6130 silly mapToRegistry name @rollup/rollup-darwin-arm64
6131 silly mapToRegistry scope (from package name) @rollup
6132 verbose mapToRegistry no registry URL found in name for scope @rollup
6133 silly mapToRegistry using default registry
6134 silly mapToRegistry registry https://registry.npmjs.org/
6135 silly mapToRegistry data Result {
6135 silly mapToRegistry   raw: '@rollup/rollup-darwin-arm64',
6135 silly mapToRegistry   scope: '@rollup',
6135 silly mapToRegistry   escapedName: '@rollup%2frollup-darwin-arm64',
6135 silly mapToRegistry   name: '@rollup/rollup-darwin-arm64',
6135 silly mapToRegistry   rawSpec: '',
6135 silly mapToRegistry   spec: 'latest',
6135 silly mapToRegistry   type: 'tag' }
6136 silly mapToRegistry uri https://registry.npmjs.org/@rollup%2frollup-darwin-arm64
6137 silly fetchNamedPackageData @rollup/rollup-android-arm64
6138 silly mapToRegistry name @rollup/rollup-android-arm64
6139 silly mapToRegistry scope (from package name) @rollup
6140 verbose mapToRegistry no registry URL found in name for scope @rollup
6141 silly mapToRegistry using default registry
6142 silly mapToRegistry registry https://registry.npmjs.org/
6143 silly mapToRegistry data Result {
6143 silly mapToRegistry   raw: '@rollup/rollup-android-arm64',
6143 silly mapToRegistry   scope: '@rollup',
6143 silly mapToRegistry   escapedName: '@rollup%2frollup-android-arm64',
6143 silly mapToRegistry   name: '@rollup/rollup-android-arm64',
6143 silly mapToRegistry   rawSpec: '',
6143 silly mapToRegistry   spec: 'latest',
6143 silly mapToRegistry   type: 'tag' }
6144 silly mapToRegistry uri https://registry.npmjs.org/@rollup%2frollup-android-arm64
6145 silly fetchNamedPackageData @rollup/rollup-freebsd-arm64
6146 silly mapToRegistry name @rollup/rollup-freebsd-arm64
6147 silly mapToRegistry scope (from package name) @rollup
6148 verbose mapToRegistry no registry URL found in name for scope @rollup
6149 silly mapToRegistry using default registry
6150 silly mapToRegistry registry https://registry.npmjs.org/
6151 silly mapToRegistry data Result {
6151 silly mapToRegistry   raw: '@rollup/rollup-freebsd-arm64',
6151 silly mapToRegistry   scope: '@rollup',
6151 silly mapToRegistry   escapedName: '@rollup%2frollup-freebsd-arm64',
6151 silly mapToRegistry   name: '@rollup/rollup-freebsd-arm64',
6151 silly mapToRegistry   rawSpec: '',
6151 silly mapToRegistry   spec: 'latest',
6151 silly mapToRegistry   type: 'tag' }
6152 silly mapToRegistry uri https://registry.npmjs.org/@rollup%2frollup-freebsd-arm64
6153 silly fetchNamedPackageData @rollup/rollup-linux-x64-gnu
6154 silly mapToRegistry name @rollup/rollup-linux-x64-gnu
6155 silly mapToRegistry scope (from package name) @rollup
6156 verbose mapToRegistry no registry URL found in name for scope @rollup
6157 silly mapToRegistry using default registry
6158 silly mapToRegistry registry https://registry.npmjs.org/
6159 silly mapToRegistry data Result {
6159 silly mapToRegistry   raw: '@rollup/rollup-linux-x64-gnu',
6159 silly mapToRegistry   scope: '@rollup',
6159 silly mapToRegistry   escapedName: '@rollup%2frollup-linux-x64-gnu',
6159 silly mapToRegistry   name: '@rollup/rollup-linux-x64-gnu',
6159 silly mapToRegistry   rawSpec: '',
6159 silly mapToRegistry   spec: 'latest',
6159 silly mapToRegistry   type: 'tag' }
6160 silly mapToRegistry uri https://registry.npmjs.org/@rollup%2frollup-linux-x64-gnu
6161 silly fetchNamedPackageData @rollup/rollup-win32-x64-gnu
6162 silly mapToRegistry name @rollup/rollup-win32-x64-gnu
6163 silly mapToRegistry scope (from package name) @rollup
6164 verbose mapToRegistry no registry URL found in name for scope @rollup
6165 silly mapToRegistry using default registry
6166 silly mapToRegistry registry https://registry.npmjs.org/
6167 silly mapToRegistry data Result {
6167 silly mapToRegistry   raw: '@rollup/rollup-win32-x64-gnu',
6167 silly mapToRegistry   scope: '@rollup',
6167 silly mapToRegistry   escapedName: '@rollup%2frollup-win32-x64-gnu',
6167 silly mapToRegistry   name: '@rollup/rollup-win32-x64-gnu',
6167 silly mapToRegistry   rawSpec: '',
6167 silly mapToRegistry   spec: 'latest',
6167 silly mapToRegistry   type: 'tag' }
6168 silly mapToRegistry uri https://registry.npmjs.org/@rollup%2frollup-win32-x64-gnu
6169 silly fetchNamedPackageData @rollup/rollup-linux-x64-musl
6170 silly mapToRegistry name @rollup/rollup-linux-x64-musl
6171 silly mapToRegistry scope (from package name) @rollup
6172 verbose mapToRegistry no registry URL found in name for scope @rollup
6173 silly mapToRegistry using default registry
6174 silly mapToRegistry registry https://registry.npmjs.org/
6175 silly mapToRegistry data Result {
6175 silly mapToRegistry   raw: '@rollup/rollup-linux-x64-musl',
6175 silly mapToRegistry   scope: '@rollup',
6175 silly mapToRegistry   escapedName: '@rollup%2frollup-linux-x64-musl',
6175 silly mapToRegistry   name: '@rollup/rollup-linux-x64-musl',
6175 silly mapToRegistry   rawSpec: '',
6175 silly mapToRegistry   spec: 'latest',
6175 silly mapToRegistry   type: 'tag' }
6176 silly mapToRegistry uri https://registry.npmjs.org/@rollup%2frollup-linux-x64-musl
6177 silly fetchNamedPackageData @rollup/rollup-win32-x64-msvc
6178 silly mapToRegistry name @rollup/rollup-win32-x64-msvc
6179 silly mapToRegistry scope (from package name) @rollup
6180 verbose mapToRegistry no registry URL found in name for scope @rollup
6181 silly mapToRegistry using default registry
6182 silly mapToRegistry registry https://registry.npmjs.org/
6183 silly mapToRegistry data Result {
6183 silly mapToRegistry   raw: '@rollup/rollup-win32-x64-msvc',
6183 silly mapToRegistry   scope: '@rollup',
6183 silly mapToRegistry   escapedName: '@rollup%2frollup-win32-x64-msvc',
6183 silly mapToRegistry   name: '@rollup/rollup-win32-x64-msvc',
6183 silly mapToRegistry   rawSpec: '',
6183 silly mapToRegistry   spec: 'latest',
6183 silly mapToRegistry   type: 'tag' }
6184 silly mapToRegistry uri https://registry.npmjs.org/@rollup%2frollup-win32-x64-msvc
6185 silly fetchNamedPackageData @rollup/rollup-linux-arm64-gnu
6186 silly mapToRegistry name @rollup/rollup-linux-arm64-gnu
6187 silly mapToRegistry scope (from package name) @rollup
6188 verbose mapToRegistry no registry URL found in name for scope @rollup
6189 silly mapToRegistry using default registry
6190 silly mapToRegistry registry https://registry.npmjs.org/
6191 silly mapToRegistry data Result {
6191 silly mapToRegistry   raw: '@rollup/rollup-linux-arm64-gnu',
6191 silly mapToRegistry   scope: '@rollup',
6191 silly mapToRegistry   escapedName: '@rollup%2frollup-linux-arm64-gnu',
6191 silly mapToRegistry   name: '@rollup/rollup-linux-arm64-gnu',
6191 silly mapToRegistry   rawSpec: '',
6191 silly mapToRegistry   spec: 'latest',
6191 silly mapToRegistry   type: 'tag' }
6192 silly mapToRegistry uri https://registry.npmjs.org/@rollup%2frollup-linux-arm64-gnu
6193 silly fetchNamedPackageData @rollup/rollup-linux-ppc64-gnu
6194 silly mapToRegistry name @rollup/rollup-linux-ppc64-gnu
6195 silly mapToRegistry scope (from package name) @rollup
6196 verbose mapToRegistry no registry URL found in name for scope @rollup
6197 silly mapToRegistry using default registry
6198 silly mapToRegistry registry https://registry.npmjs.org/
6199 silly mapToRegistry data Result {
6199 silly mapToRegistry   raw: '@rollup/rollup-linux-ppc64-gnu',
6199 silly mapToRegistry   scope: '@rollup',
6199 silly mapToRegistry   escapedName: '@rollup%2frollup-linux-ppc64-gnu',
6199 silly mapToRegistry   name: '@rollup/rollup-linux-ppc64-gnu',
6199 silly mapToRegistry   rawSpec: '',
6199 silly mapToRegistry   spec: 'latest',
6199 silly mapToRegistry   type: 'tag' }
6200 silly mapToRegistry uri https://registry.npmjs.org/@rollup%2frollup-linux-ppc64-gnu
6201 silly fetchNamedPackageData @rollup/rollup-linux-s390x-gnu
6202 silly mapToRegistry name @rollup/rollup-linux-s390x-gnu
6203 silly mapToRegistry scope (from package name) @rollup
6204 verbose mapToRegistry no registry URL found in name for scope @rollup
6205 silly mapToRegistry using default registry
6206 silly mapToRegistry registry https://registry.npmjs.org/
6207 silly mapToRegistry data Result {
6207 silly mapToRegistry   raw: '@rollup/rollup-linux-s390x-gnu',
6207 silly mapToRegistry   scope: '@rollup',
6207 silly mapToRegistry   escapedName: '@rollup%2frollup-linux-s390x-gnu',
6207 silly mapToRegistry   name: '@rollup/rollup-linux-s390x-gnu',
6207 silly mapToRegistry   rawSpec: '',
6207 silly mapToRegistry   spec: 'latest',
6207 silly mapToRegistry   type: 'tag' }
6208 silly mapToRegistry uri https://registry.npmjs.org/@rollup%2frollup-linux-s390x-gnu
6209 silly fetchNamedPackageData @rollup/rollup-win32-ia32-msvc
6210 silly mapToRegistry name @rollup/rollup-win32-ia32-msvc
6211 silly mapToRegistry scope (from package name) @rollup
6212 verbose mapToRegistry no registry URL found in name for scope @rollup
6213 silly mapToRegistry using default registry
6214 silly mapToRegistry registry https://registry.npmjs.org/
6215 silly mapToRegistry data Result {
6215 silly mapToRegistry   raw: '@rollup/rollup-win32-ia32-msvc',
6215 silly mapToRegistry   scope: '@rollup',
6215 silly mapToRegistry   escapedName: '@rollup%2frollup-win32-ia32-msvc',
6215 silly mapToRegistry   name: '@rollup/rollup-win32-ia32-msvc',
6215 silly mapToRegistry   rawSpec: '',
6215 silly mapToRegistry   spec: 'latest',
6215 silly mapToRegistry   type: 'tag' }
6216 silly mapToRegistry uri https://registry.npmjs.org/@rollup%2frollup-win32-ia32-msvc
6217 silly fetchNamedPackageData @rollup/rollup-android-arm-eabi
6218 silly mapToRegistry name @rollup/rollup-android-arm-eabi
6219 silly mapToRegistry scope (from package name) @rollup
6220 verbose mapToRegistry no registry URL found in name for scope @rollup
6221 silly mapToRegistry using default registry
6222 silly mapToRegistry registry https://registry.npmjs.org/
6223 silly mapToRegistry data Result {
6223 silly mapToRegistry   raw: '@rollup/rollup-android-arm-eabi',
6223 silly mapToRegistry   scope: '@rollup',
6223 silly mapToRegistry   escapedName: '@rollup%2frollup-android-arm-eabi',
6223 silly mapToRegistry   name: '@rollup/rollup-android-arm-eabi',
6223 silly mapToRegistry   rawSpec: '',
6223 silly mapToRegistry   spec: 'latest',
6223 silly mapToRegistry   type: 'tag' }
6224 silly mapToRegistry uri https://registry.npmjs.org/@rollup%2frollup-android-arm-eabi
6225 silly fetchNamedPackageData @rollup/rollup-linux-arm64-musl
6226 silly mapToRegistry name @rollup/rollup-linux-arm64-musl
6227 silly mapToRegistry scope (from package name) @rollup
6228 verbose mapToRegistry no registry URL found in name for scope @rollup
6229 silly mapToRegistry using default registry
6230 silly mapToRegistry registry https://registry.npmjs.org/
6231 silly mapToRegistry data Result {
6231 silly mapToRegistry   raw: '@rollup/rollup-linux-arm64-musl',
6231 silly mapToRegistry   scope: '@rollup',
6231 silly mapToRegistry   escapedName: '@rollup%2frollup-linux-arm64-musl',
6231 silly mapToRegistry   name: '@rollup/rollup-linux-arm64-musl',
6231 silly mapToRegistry   rawSpec: '',
6231 silly mapToRegistry   spec: 'latest',
6231 silly mapToRegistry   type: 'tag' }
6232 silly mapToRegistry uri https://registry.npmjs.org/@rollup%2frollup-linux-arm64-musl
6233 silly fetchNamedPackageData @rollup/rollup-linux-ppc64-musl
6234 silly mapToRegistry name @rollup/rollup-linux-ppc64-musl
6235 silly mapToRegistry scope (from package name) @rollup
6236 verbose mapToRegistry no registry URL found in name for scope @rollup
6237 silly mapToRegistry using default registry
6238 silly mapToRegistry registry https://registry.npmjs.org/
6239 silly mapToRegistry data Result {
6239 silly mapToRegistry   raw: '@rollup/rollup-linux-ppc64-musl',
6239 silly mapToRegistry   scope: '@rollup',
6239 silly mapToRegistry   escapedName: '@rollup%2frollup-linux-ppc64-musl',
6239 silly mapToRegistry   name: '@rollup/rollup-linux-ppc64-musl',
6239 silly mapToRegistry   rawSpec: '',
6239 silly mapToRegistry   spec: 'latest',
6239 silly mapToRegistry   type: 'tag' }
6240 silly mapToRegistry uri https://registry.npmjs.org/@rollup%2frollup-linux-ppc64-musl
6241 silly fetchNamedPackageData @rollup/rollup-win32-arm64-msvc
6242 silly mapToRegistry name @rollup/rollup-win32-arm64-msvc
6243 silly mapToRegistry scope (from package name) @rollup
6244 verbose mapToRegistry no registry URL found in name for scope @rollup
6245 silly mapToRegistry using default registry
6246 silly mapToRegistry registry https://registry.npmjs.org/
6247 silly mapToRegistry data Result {
6247 silly mapToRegistry   raw: '@rollup/rollup-win32-arm64-msvc',
6247 silly mapToRegistry   scope: '@rollup',
6247 silly mapToRegistry   escapedName: '@rollup%2frollup-win32-arm64-msvc',
6247 silly mapToRegistry   name: '@rollup/rollup-win32-arm64-msvc',
6247 silly mapToRegistry   rawSpec: '',
6247 silly mapToRegistry   spec: 'latest',
6247 silly mapToRegistry   type: 'tag' }
6248 silly mapToRegistry uri https://registry.npmjs.org/@rollup%2frollup-win32-arm64-msvc
6249 silly fetchNamedPackageData @rollup/rollup-linux-loong64-gnu
6250 silly mapToRegistry name @rollup/rollup-linux-loong64-gnu
6251 silly mapToRegistry scope (from package name) @rollup
6252 verbose mapToRegistry no registry URL found in name for scope @rollup
6253 silly mapToRegistry using default registry
6254 silly mapToRegistry registry https://registry.npmjs.org/
6255 silly mapToRegistry data Result {
6255 silly mapToRegistry   raw: '@rollup/rollup-linux-loong64-gnu',
6255 silly mapToRegistry   scope: '@rollup',
6255 silly mapToRegistry   escapedName: '@rollup%2frollup-linux-loong64-gnu',
6255 silly mapToRegistry   name: '@rollup/rollup-linux-loong64-gnu',
6255 silly mapToRegistry   rawSpec: '',
6255 silly mapToRegistry   spec: 'latest',
6255 silly mapToRegistry   type: 'tag' }
6256 silly mapToRegistry uri https://registry.npmjs.org/@rollup%2frollup-linux-loong64-gnu
6257 silly fetchNamedPackageData @rollup/rollup-linux-riscv64-gnu
6258 silly mapToRegistry name @rollup/rollup-linux-riscv64-gnu
6259 silly mapToRegistry scope (from package name) @rollup
6260 verbose mapToRegistry no registry URL found in name for scope @rollup
6261 silly mapToRegistry using default registry
6262 silly mapToRegistry registry https://registry.npmjs.org/
6263 silly mapToRegistry data Result {
6263 silly mapToRegistry   raw: '@rollup/rollup-linux-riscv64-gnu',
6263 silly mapToRegistry   scope: '@rollup',
6263 silly mapToRegistry   escapedName: '@rollup%2frollup-linux-riscv64-gnu',
6263 silly mapToRegistry   name: '@rollup/rollup-linux-riscv64-gnu',
6263 silly mapToRegistry   rawSpec: '',
6263 silly mapToRegistry   spec: 'latest',
6263 silly mapToRegistry   type: 'tag' }
6264 silly mapToRegistry uri https://registry.npmjs.org/@rollup%2frollup-linux-riscv64-gnu
6265 silly fetchNamedPackageData @rollup/rollup-openharmony-arm64
6266 silly mapToRegistry name @rollup/rollup-openharmony-arm64
6267 silly mapToRegistry scope (from package name) @rollup
6268 verbose mapToRegistry no registry URL found in name for scope @rollup
6269 silly mapToRegistry using default registry
6270 silly mapToRegistry registry https://registry.npmjs.org/
6271 silly mapToRegistry data Result {
6271 silly mapToRegistry   raw: '@rollup/rollup-openharmony-arm64',
6271 silly mapToRegistry   scope: '@rollup',
6271 silly mapToRegistry   escapedName: '@rollup%2frollup-openharmony-arm64',
6271 silly mapToRegistry   name: '@rollup/rollup-openharmony-arm64',
6271 silly mapToRegistry   rawSpec: '',
6271 silly mapToRegistry   spec: 'latest',
6271 silly mapToRegistry   type: 'tag' }
6272 silly mapToRegistry uri https://registry.npmjs.org/@rollup%2frollup-openharmony-arm64
6273 silly fetchNamedPackageData @rollup/rollup-linux-loong64-musl
6274 silly mapToRegistry name @rollup/rollup-linux-loong64-musl
6275 silly mapToRegistry scope (from package name) @rollup
6276 verbose mapToRegistry no registry URL found in name for scope @rollup
6277 silly mapToRegistry using default registry
6278 silly mapToRegistry registry https://registry.npmjs.org/
6279 silly mapToRegistry data Result {
6279 silly mapToRegistry   raw: '@rollup/rollup-linux-loong64-musl',
6279 silly mapToRegistry   scope: '@rollup',
6279 silly mapToRegistry   escapedName: '@rollup%2frollup-linux-loong64-musl',
6279 silly mapToRegistry   name: '@rollup/rollup-linux-loong64-musl',
6279 silly mapToRegistry   rawSpec: '',
6279 silly mapToRegistry   spec: 'latest',
6279 silly mapToRegistry   type: 'tag' }
6280 silly mapToRegistry uri https://registry.npmjs.org/@rollup%2frollup-linux-loong64-musl
6281 silly fetchNamedPackageData @rollup/rollup-linux-riscv64-musl
6282 silly mapToRegistry name @rollup/rollup-linux-riscv64-musl
6283 silly mapToRegistry scope (from package name) @rollup
6284 verbose mapToRegistry no registry URL found in name for scope @rollup
6285 silly mapToRegistry using default registry
6286 silly mapToRegistry registry https://registry.npmjs.org/
6287 silly mapToRegistry data Result {
6287 silly mapToRegistry   raw: '@rollup/rollup-linux-riscv64-musl',
6287 silly mapToRegistry   scope: '@rollup',
6287 silly mapToRegistry   escapedName: '@rollup%2frollup-linux-riscv64-musl',
6287 silly mapToRegistry   name: '@rollup/rollup-linux-riscv64-musl',
6287 silly mapToRegistry   rawSpec: '',
6287 silly mapToRegistry   spec: 'latest',
6287 silly mapToRegistry   type: 'tag' }
6288 silly mapToRegistry uri https://registry.npmjs.org/@rollup%2frollup-linux-riscv64-musl
6289 silly fetchNamedPackageData @rollup/rollup-linux-arm-gnueabihf
6290 silly mapToRegistry name @rollup/rollup-linux-arm-gnueabihf
6291 silly mapToRegistry scope (from package name) @rollup
6292 verbose mapToRegistry no registry URL found in name for scope @rollup
6293 silly mapToRegistry using default registry
6294 silly mapToRegistry registry https://registry.npmjs.org/
6295 silly mapToRegistry data Result {
6295 silly mapToRegistry   raw: '@rollup/rollup-linux-arm-gnueabihf',
6295 silly mapToRegistry   scope: '@rollup',
6295 silly mapToRegistry   escapedName: '@rollup%2frollup-linux-arm-gnueabihf',
6295 silly mapToRegistry   name: '@rollup/rollup-linux-arm-gnueabihf',
6295 silly mapToRegistry   rawSpec: '',
6295 silly mapToRegistry   spec: 'latest',
6295 silly mapToRegistry   type: 'tag' }
6296 silly mapToRegistry uri https://registry.npmjs.org/@rollup%2frollup-linux-arm-gnueabihf
6297 silly fetchNamedPackageData @rollup/rollup-linux-arm-musleabihf
6298 silly mapToRegistry name @rollup/rollup-linux-arm-musleabihf
6299 silly mapToRegistry scope (from package name) @rollup
6300 verbose mapToRegistry no registry URL found in name for scope @rollup
6301 silly mapToRegistry using default registry
6302 silly mapToRegistry registry https://registry.npmjs.org/
6303 silly mapToRegistry data Result {
6303 silly mapToRegistry   raw: '@rollup/rollup-linux-arm-musleabihf',
6303 silly mapToRegistry   scope: '@rollup',
6303 silly mapToRegistry   escapedName: '@rollup%2frollup-linux-arm-musleabihf',
6303 silly mapToRegistry   name: '@rollup/rollup-linux-arm-musleabihf',
6303 silly mapToRegistry   rawSpec: '',
6303 silly mapToRegistry   spec: 'latest',
6303 silly mapToRegistry   type: 'tag' }
6304 silly mapToRegistry uri https://registry.npmjs.org/@rollup%2frollup-linux-arm-musleabihf
6305 verbose request uri https://registry.npmjs.org/@types%2festree
6306 verbose request no auth needed
6307 info attempt registry request try #1 at 2:49:47 PM
6308 http request GET https://registry.npmjs.org/@types%2festree
6309 verbose request uri https://registry.npmjs.org/@rollup%2frollup-darwin-x64
6310 verbose request no auth needed
6311 info attempt registry request try #1 at 2:49:47 PM
6312 http request GET https://registry.npmjs.org/@rollup%2frollup-darwin-x64
6313 verbose request uri https://registry.npmjs.org/@rollup%2frollup-freebsd-x64
6314 verbose request no auth needed
6315 info attempt registry request try #1 at 2:49:47 PM
6316 http request GET https://registry.npmjs.org/@rollup%2frollup-freebsd-x64
6317 verbose request uri https://registry.npmjs.org/@rollup%2frollup-openbsd-x64
6318 verbose request no auth needed
6319 info attempt registry request try #1 at 2:49:47 PM
6320 http request GET https://registry.npmjs.org/@rollup%2frollup-openbsd-x64
6321 verbose request uri https://registry.npmjs.org/@napi-rs%2flzma-linux-x64-gnu
6322 verbose request no auth needed
6323 info attempt registry request try #1 at 2:49:47 PM
6324 http request GET https://registry.npmjs.org/@napi-rs%2flzma-linux-x64-gnu
6325 verbose request uri https://registry.npmjs.org/@rollup%2frollup-darwin-arm64
6326 verbose request no auth needed
6327 info attempt registry request try #1 at 2:49:47 PM
6328 http request GET https://registry.npmjs.org/@rollup%2frollup-darwin-arm64
6329 verbose request uri https://registry.npmjs.org/@rollup%2frollup-android-arm64
6330 verbose request no auth needed
6331 info attempt registry request try #1 at 2:49:47 PM
6332 http request GET https://registry.npmjs.org/@rollup%2frollup-android-arm64
6333 verbose request uri https://registry.npmjs.org/@rollup%2frollup-freebsd-arm64
6334 verbose request no auth needed
6335 info attempt registry request try #1 at 2:49:47 PM
6336 http request GET https://registry.npmjs.org/@rollup%2frollup-freebsd-arm64
6337 verbose request uri https://registry.npmjs.org/@rollup%2frollup-linux-x64-gnu
6338 verbose request no auth needed
6339 info attempt registry request try #1 at 2:49:47 PM
6340 http request GET https://registry.npmjs.org/@rollup%2frollup-linux-x64-gnu
6341 verbose request uri https://registry.npmjs.org/@rollup%2frollup-win32-x64-gnu
6342 verbose request no auth needed
6343 info attempt registry request try #1 at 2:49:47 PM
6344 http request GET https://registry.npmjs.org/@rollup%2frollup-win32-x64-gnu
6345 verbose request uri https://registry.npmjs.org/@rollup%2frollup-linux-x64-musl
6346 verbose request no auth needed
6347 info attempt registry request try #1 at 2:49:47 PM
6348 http request GET https://registry.npmjs.org/@rollup%2frollup-linux-x64-musl
6349 verbose request uri https://registry.npmjs.org/@rollup%2frollup-win32-x64-msvc
6350 verbose request no auth needed
6351 info attempt registry request try #1 at 2:49:47 PM
6352 http request GET https://registry.npmjs.org/@rollup%2frollup-win32-x64-msvc
6353 verbose request uri https://registry.npmjs.org/@rollup%2frollup-linux-arm64-gnu
6354 verbose request no auth needed
6355 info attempt registry request try #1 at 2:49:47 PM
6356 http request GET https://registry.npmjs.org/@rollup%2frollup-linux-arm64-gnu
6357 verbose request uri https://registry.npmjs.org/@rollup%2frollup-linux-ppc64-gnu
6358 verbose request no auth needed
6359 info attempt registry request try #1 at 2:49:47 PM
6360 http request GET https://registry.npmjs.org/@rollup%2frollup-linux-ppc64-gnu
6361 verbose request uri https://registry.npmjs.org/@rollup%2frollup-linux-s390x-gnu
6362 verbose request no auth needed
6363 info attempt registry request try #1 at 2:49:47 PM
6364 http request GET https://registry.npmjs.org/@rollup%2frollup-linux-s390x-gnu
6365 verbose request uri https://registry.npmjs.org/@rollup%2frollup-win32-ia32-msvc
6366 verbose request no auth needed
6367 info attempt registry request try #1 at 2:49:47 PM
6368 http request GET https://registry.npmjs.org/@rollup%2frollup-win32-ia32-msvc
6369 verbose request uri https://registry.npmjs.org/@rollup%2frollup-android-arm-eabi
6370 verbose request no auth needed
6371 info attempt registry request try #1 at 2:49:47 PM
6372 http request GET https://registry.npmjs.org/@rollup%2frollup-android-arm-eabi
6373 verbose request uri https://registry.npmjs.org/@rollup%2frollup-linux-arm64-musl
6374 verbose request no auth needed
6375 info attempt registry request try #1 at 2:49:47 PM
6376 http request GET https://registry.npmjs.org/@rollup%2frollup-linux-arm64-musl
6377 verbose request uri https://registry.npmjs.org/@rollup%2frollup-linux-ppc64-musl
6378 verbose request no auth needed
6379 info attempt registry request try #1 at 2:49:47 PM
6380 http request GET https://registry.npmjs.org/@rollup%2frollup-linux-ppc64-musl
6381 verbose request uri https://registry.npmjs.org/@rollup%2frollup-win32-arm64-msvc
6382 verbose request no auth needed
6383 info attempt registry request try #1 at 2:49:47 PM
6384 http request GET https://registry.npmjs.org/@rollup%2frollup-win32-arm64-msvc
6385 verbose request uri https://registry.npmjs.org/@rollup%2frollup-linux-loong64-gnu
6386 verbose request no auth needed
6387 info attempt registry request try #1 at 2:49:47 PM
6388 http request GET https://registry.npmjs.org/@rollup%2frollup-linux-loong64-gnu
6389 verbose request uri https://registry.npmjs.org/@rollup%2frollup-linux-riscv64-gnu
6390 verbose request no auth needed
6391 info attempt registry request try #1 at 2:49:47 PM
6392 http request GET https://registry.npmjs.org/@rollup%2frollup-linux-riscv64-gnu
6393 verbose request uri https://registry.npmjs.org/@rollup%2frollup-openharmony-arm64
6394 verbose request no auth needed
6395 info attempt registry request try #1 at 2:49:47 PM
6396 http request GET https://registry.npmjs.org/@rollup%2frollup-openharmony-arm64
6397 verbose request uri https://registry.npmjs.org/@rollup%2frollup-linux-loong64-musl
6398 verbose request no auth needed
6399 info attempt registry request try #1 at 2:49:47 PM
6400 http request GET https://registry.npmjs.org/@rollup%2frollup-linux-loong64-musl
6401 verbose request uri https://registry.npmjs.org/@rollup%2frollup-linux-riscv64-musl
6402 verbose request no auth needed
6403 info attempt registry request try #1 at 2:49:47 PM
6404 http request GET https://registry.npmjs.org/@rollup%2frollup-linux-riscv64-musl
6405 verbose request uri https://registry.npmjs.org/@rollup%2frollup-linux-arm-gnueabihf
6406 verbose request no auth needed
6407 info attempt registry request try #1 at 2:49:47 PM
6408 http request GET https://registry.npmjs.org/@rollup%2frollup-linux-arm-gnueabihf
6409 verbose request uri https://registry.npmjs.org/@rollup%2frollup-linux-arm-musleabihf
6410 verbose request no auth needed
6411 info attempt registry request try #1 at 2:49:47 PM
6412 http request GET https://registry.npmjs.org/@rollup%2frollup-linux-arm-musleabihf
6413 http 200 https://registry.npmjs.org/@napi-rs%2flzma-linux-x64-gnu
6414 verbose headers { date: 'Tue, 11 Aug 2026 05:49:47 GMT',
6414 verbose headers   'content-type': 'application/json',
6414 verbose headers   'transfer-encoding': 'chunked',
6414 verbose headers   connection: 'keep-alive',
6414 verbose headers   'set-cookie':
6414 verbose headers    [ '__cf_bm=xboDXVuxZU.2luQ2CftpJgYqy9CgdC_QkJb39H8fS5E-1786427387.912514-1.0.1.1-M_hpr4dvrxwcSkv8iAeyyF2pqcles3_GQiYonb4lKRW678fG0FlqB5pFdRmG6mraFu.nmLiRmQbmckf5ZGkiq4QxRWGrgvQgmdX5jCtcX4bkHl6y2ixwTVnG0JJK07IX; HttpOnly; SameSite=None; Secure; Path=/; Domain=npmjs.org; Expires=Tue, 11 Aug 2026 06:19:47 GMT',
6414 verbose headers      '_cfuvid=OUw33WHE0YT4eOX36gKmYiHva7w007.ProMV.NxewrI-1786427387.912514-1.0.1.1-NZYw86HsBrl_61n5z5VvHutAQBVMIVf4NvaWs_qZzPc; HttpOnly; SameSite=None; Secure; Path=/; Domain=npmjs.org' ],
6414 verbose headers   'cf-ray': 'a294f5867a9ef6fc-ICN',
6414 verbose headers   'cf-cache-status': 'HIT',
6414 verbose headers   'access-control-allow-origin': '*',
6414 verbose headers   age: '260',
6414 verbose headers   'cache-control': 'public, max-age=300',
6414 verbose headers   vary: 'accept-encoding, accept',
6414 verbose headers   'last-modified': 'Tue, 14 Jul 2026 01:55:58 GMT',
6414 verbose headers   server: 'cloudflare',
6414 verbose headers   etag: 'W/"c776d52c68c30566bf43a4f3d2f179f7"',
6414 verbose headers   'content-encoding': 'gzip' }
6415 silly get cb [ 200,
6415 silly get   { date: 'Tue, 11 Aug 2026 05:49:47 GMT',
6415 silly get     'content-type': 'application/json',
6415 silly get     'transfer-encoding': 'chunked',
6415 silly get     connection: 'keep-alive',
6415 silly get     'set-cookie':
6415 silly get      [ '__cf_bm=xboDXVuxZU.2luQ2CftpJgYqy9CgdC_QkJb39H8fS5E-1786427387.912514-1.0.1.1-M_hpr4dvrxwcSkv8iAeyyF2pqcles3_GQiYonb4lKRW678fG0FlqB5pFdRmG6mraFu.nmLiRmQbmckf5ZGkiq4QxRWGrgvQgmdX5jCtcX4bkHl6y2ixwTVnG0JJK07IX; HttpOnly; SameSite=None; Secure; Path=/; Domain=npmjs.org; Expires=Tue, 11 Aug 2026 06:19:47 GMT',
6415 silly get        '_cfuvid=OUw33WHE0YT4eOX36gKmYiHva7w007.ProMV.NxewrI-1786427387.912514-1.0.1.1-NZYw86HsBrl_61n5z5VvHutAQBVMIVf4NvaWs_qZzPc; HttpOnly; SameSite=None; Secure; Path=/; Domain=npmjs.org' ],
6415 silly get     'cf-ray': 'a294f5867a9ef6fc-ICN',
6415 silly get     'cf-cache-status': 'HIT',
6415 silly get     'access-control-allow-origin': '*',
6415 silly get     age: '260',
6415 silly get     'cache-control': 'public, max-age=300',
6415 silly get     vary: 'accept-encoding, accept',
6415 silly get     'last-modified': 'Tue, 14 Jul 2026 01:55:58 GMT',
6415 silly get     server: 'cloudflare',
6415 silly get     etag: 'W/"c776d52c68c30566bf43a4f3d2f179f7"',
6415 silly get     'content-encoding': 'gzip' } ]
6416 verbose get saving @napi-rs/lzma-linux-x64-gnu to /Users/hyypucs/.npm/registry.npmjs.org/_40napi-rs_252flzma-linux-x64-gnu/.cache.json
6417 verbose correctMkdir /Users/hyypucs/.npm correctMkdir not in flight; initializing
6418 http 200 https://registry.npmjs.org/@rollup%2frollup-linux-loong64-gnu
6419 verbose headers { date: 'Tue, 11 Aug 2026 05:49:47 GMT',
6419 verbose headers   'content-type': 'application/json',
6419 verbose headers   'transfer-encoding': 'chunked',
6419 verbose headers   connection: 'keep-alive',
6419 verbose headers   'set-cookie':
6419 verbose headers    [ '__cf_bm=jfCTOP2ksojqpCuAF7k1QA_wusNVDwaHkVcKm6jBAjQ-1786427387.91209-1.0.1.1-CVMPFYKwSSiVZ4oWG0KZ.cP5sTMQGd14lId0EnmJFKQ4trEOIGijQsGezcPkvCmlIvWxLD9H.7tgl5gK3GCbH3mJZ4CIlIqxvTiI.tla7ojUuKqg_0yujdNwSklBq2Xo; HttpOnly; SameSite=None; Secure; Path=/; Domain=npmjs.org; Expires=Tue, 11 Aug 2026 06:19:47 GMT',
6419 verbose headers      '_cfuvid=xVZDJTp99bjdILjQkaSqtszxpL61g3eXvZ2cq.yCJNY-1786427387.91209-1.0.1.1-yw4cpWhGFIdtyWbRBIhfLswsY.3r_58Moiflbl9yk2Y; HttpOnly; SameSite=None; Secure; Path=/; Domain=npmjs.org' ],
6419 verbose headers   'cf-ray': 'a294f5867e41ebec-ICN',
6419 verbose headers   'cf-cache-status': 'HIT',
6419 verbose headers   'access-control-allow-origin': '*',
6419 verbose headers   age: '109',
6419 verbose headers   'cache-control': 'public, max-age=300',
6419 verbose headers   vary: 'accept-encoding, accept',
6419 verbose headers   'last-modified': 'Sat, 01 Aug 2026 05:23:42 GMT',
6419 verbose headers   server: 'cloudflare',
6419 verbose headers   etag: 'W/"a22fbe9021cad59e9c760abffbbeaad9"',
6419 verbose headers   'content-encoding': 'gzip' }
6420 silly get cb [ 200,
6420 silly get   { date: 'Tue, 11 Aug 2026 05:49:47 GMT',
6420 silly get     'content-type': 'application/json',
6420 silly get     'transfer-encoding': 'chunked',
6420 silly get     connection: 'keep-alive',
6420 silly get     'set-cookie':
6420 silly get      [ '__cf_bm=jfCTOP2ksojqpCuAF7k1QA_wusNVDwaHkVcKm6jBAjQ-1786427387.91209-1.0.1.1-CVMPFYKwSSiVZ4oWG0KZ.cP5sTMQGd14lId0EnmJFKQ4trEOIGijQsGezcPkvCmlIvWxLD9H.7tgl5gK3GCbH3mJZ4CIlIqxvTiI.tla7ojUuKqg_0yujdNwSklBq2Xo; HttpOnly; SameSite=None; Secure; Path=/; Domain=npmjs.org; Expires=Tue, 11 Aug 2026 06:19:47 GMT',
6420 silly get        '_cfuvid=xVZDJTp99bjdILjQkaSqtszxpL61g3eXvZ2cq.yCJNY-1786427387.91209-1.0.1.1-yw4cpWhGFIdtyWbRBIhfLswsY.3r_58Moiflbl9yk2Y; HttpOnly; SameSite=None; Secure; Path=/; Domain=npmjs.org' ],
6420 silly get     'cf-ray': 'a294f5867e41ebec-ICN',
6420 silly get     'cf-cache-status': 'HIT',
6420 silly get     'access-control-allow-origin': '*',
6420 silly get     age: '109',
6420 silly get     'cache-control': 'public, max-age=300',
6420 silly get     vary: 'accept-encoding, accept',
6420 silly get     'last-modified': 'Sat, 01 Aug 2026 05:23:42 GMT',
6420 silly get     server: 'cloudflare',
6420 silly get     etag: 'W/"a22fbe9021cad59e9c760abffbbeaad9"',
6420 silly get     'content-encoding': 'gzip' } ]
6421 verbose get saving @rollup/rollup-linux-loong64-gnu to /Users/hyypucs/.npm/registry.npmjs.org/_40rollup_252frollup-linux-loong64-gnu/.cache.json
6422 verbose correctMkdir /Users/hyypucs/.npm correctMkdir not in flight; initializing
6423 http 200 https://registry.npmjs.org/@rollup%2frollup-openbsd-x64
6424 verbose headers { date: 'Tue, 11 Aug 2026 05:49:47 GMT',
6424 verbose headers   'content-type': 'application/json',
6424 verbose headers   'transfer-encoding': 'chunked',
6424 verbose headers   connection: 'keep-alive',
6424 verbose headers   'set-cookie':
6424 verbose headers    [ '__cf_bm=97juUnRrWpUN5LrkgFkCGJj7ePcwZz80wgYSFRt2kNc-1786427387.911459-1.0.1.1-vYRxU8KGvPu4eer3zjImdvWcgo7qAVIZeE6ryS0TzhRC5CYy.ieRTdBvwl8ugJ2Y9DzE70JcQ4JAp9RZo7Yo.1zFRv34wCWxdnIRr21jQTsiMZz_KMPoSoOM2S_96_u7; HttpOnly; SameSite=None; Secure; Path=/; Domain=npmjs.org; Expires=Tue, 11 Aug 2026 06:19:47 GMT',
6424 verbose headers      '_cfuvid=5GANBfkKpF_Xjy2Iz2dm2I.NGHZg1jcHoS4BuYYCwNQ-1786427387.911459-1.0.1.1-uhj2SXoxNUWwqUS1TcRhYgSl.5sUgBF4Mk2kCz26FNk; HttpOnly; SameSite=None; Secure; Path=/; Domain=npmjs.org' ],
6424 verbose headers   'cf-ray': 'a294f5867b68780d-ICN',
6424 verbose headers   'cf-cache-status': 'HIT',
6424 verbose headers   'access-control-allow-origin': '*',
6424 verbose headers   age: '116',
6424 verbose headers   'cache-control': 'public, max-age=300',
6424 verbose headers   vary: 'accept-encoding, accept',
6424 verbose headers   'last-modified': 'Sat, 01 Aug 2026 05:24:35 GMT',
6424 verbose headers   server: 'cloudflare',
6424 verbose headers   etag: 'W/"8881f7d898e2132338c96b95db4e3b0f"',
6424 verbose headers   'content-encoding': 'gzip' }
6425 silly get cb [ 200,
6425 silly get   { date: 'Tue, 11 Aug 2026 05:49:47 GMT',
6425 silly get     'content-type': 'application/json',
6425 silly get     'transfer-encoding': 'chunked',
6425 silly get     connection: 'keep-alive',
6425 silly get     'set-cookie':
6425 silly get      [ '__cf_bm=97juUnRrWpUN5LrkgFkCGJj7ePcwZz80wgYSFRt2kNc-1786427387.911459-1.0.1.1-vYRxU8KGvPu4eer3zjImdvWcgo7qAVIZeE6ryS0TzhRC5CYy.ieRTdBvwl8ugJ2Y9DzE70JcQ4JAp9RZo7Yo.1zFRv34wCWxdnIRr21jQTsiMZz_KMPoSoOM2S_96_u7; HttpOnly; SameSite=None; Secure; Path=/; Domain=npmjs.org; Expires=Tue, 11 Aug 2026 06:19:47 GMT',
6425 silly get        '_cfuvid=5GANBfkKpF_Xjy2Iz2dm2I.NGHZg1jcHoS4BuYYCwNQ-1786427387.911459-1.0.1.1-uhj2SXoxNUWwqUS1TcRhYgSl.5sUgBF4Mk2kCz26FNk; HttpOnly; SameSite=None; Secure; Path=/; Domain=npmjs.org' ],
6425 silly get     'cf-ray': 'a294f5867b68780d-ICN',
6425 silly get     'cf-cache-status': 'HIT',
6425 silly get     'access-control-allow-origin': '*',
6425 silly get     age: '116',
6425 silly get     'cache-control': 'public, max-age=300',
6425 silly get     vary: 'accept-encoding, accept',
6425 silly get     'last-modified': 'Sat, 01 Aug 2026 05:24:35 GMT',
6425 silly get     server: 'cloudflare',
6425 silly get     etag: 'W/"8881f7d898e2132338c96b95db4e3b0f"',
6425 silly get     'content-encoding': 'gzip' } ]
6426 verbose get saving @rollup/rollup-openbsd-x64 to /Users/hyypucs/.npm/registry.npmjs.org/_40rollup_252frollup-openbsd-x64/.cache.json
6427 verbose correctMkdir /Users/hyypucs/.npm correctMkdir not in flight; initializing
6428 http 200 https://registry.npmjs.org/@rollup%2frollup-linux-loong64-musl
6429 verbose headers { date: 'Tue, 11 Aug 2026 05:49:47 GMT',
6429 verbose headers   'content-type': 'application/json',
6429 verbose headers   'transfer-encoding': 'chunked',
6429 verbose headers   connection: 'keep-alive',
6429 verbose headers   'set-cookie':
6429 verbose headers    [ '__cf_bm=Kd.xGZY7K9vBZn.yPnU50RyoEohdrw.yEqVeBDGzU2U-1786427387.9246693-1.0.1.1-JHKhjPwVvG4jcTNVUO.plOVHkyqlYUBu_GAjz81zc8KqvDA5s.00_58fDGmHLgkYWPSchiVF8keC0nJejLN7m5o991r.rCqxC3x9vfZ113vbPpDZoPTeTgxX_k8y2PDE; HttpOnly; SameSite=None; Secure; Path=/; Domain=npmjs.org; Expires=Tue, 11 Aug 2026 06:19:47 GMT',
6429 verbose headers      '_cfuvid=3ZQjCKqmkabC7bwm7TICMML2zqVIYfXyxt_cXkCShp4-1786427387.9246693-1.0.1.1-q9MO9GvYsHEoADCQiqHqISTxon7OjYbw7iwoDeylolE; HttpOnly; SameSite=None; Secure; Path=/; Domain=npmjs.org' ],
6429 verbose headers   'cf-ray': 'a294f5868dbc8b64-ICN',
6429 verbose headers   'cf-cache-status': 'HIT',
6429 verbose headers   'access-control-allow-origin': '*',
6429 verbose headers   age: '13',
6429 verbose headers   'cache-control': 'public, max-age=300',
6429 verbose headers   vary: 'accept-encoding, accept',
6429 verbose headers   'last-modified': 'Sat, 01 Aug 2026 05:22:45 GMT',
6429 verbose headers   server: 'cloudflare',
6429 verbose headers   etag: 'W/"fc66c4158be3a9c38ae0a8a2751b1e3d"',
6429 verbose headers   'content-encoding': 'gzip' }
6430 silly get cb [ 200,
6430 silly get   { date: 'Tue, 11 Aug 2026 05:49:47 GMT',
6430 silly get     'content-type': 'application/json',
6430 silly get     'transfer-encoding': 'chunked',
6430 silly get     connection: 'keep-alive',
6430 silly get     'set-cookie':
6430 silly get      [ '__cf_bm=Kd.xGZY7K9vBZn.yPnU50RyoEohdrw.yEqVeBDGzU2U-1786427387.9246693-1.0.1.1-JHKhjPwVvG4jcTNVUO.plOVHkyqlYUBu_GAjz81zc8KqvDA5s.00_58fDGmHLgkYWPSchiVF8keC0nJejLN7m5o991r.rCqxC3x9vfZ113vbPpDZoPTeTgxX_k8y2PDE; HttpOnly; SameSite=None; Secure; Path=/; Domain=npmjs.org; Expires=Tue, 11 Aug 2026 06:19:47 GMT',
6430 silly get        '_cfuvid=3ZQjCKqmkabC7bwm7TICMML2zqVIYfXyxt_cXkCShp4-1786427387.9246693-1.0.1.1-q9MO9GvYsHEoADCQiqHqISTxon7OjYbw7iwoDeylolE; HttpOnly; SameSite=None; Secure; Path=/; Domain=npmjs.org' ],
6430 silly get     'cf-ray': 'a294f5868dbc8b64-ICN',
6430 silly get     'cf-cache-status': 'HIT',
6430 silly get     'access-control-allow-origin': '*',
6430 silly get     age: '13',
6430 silly get     'cache-control': 'public, max-age=300',
6430 silly get     vary: 'accept-encoding, accept',
6430 silly get     'last-modified': 'Sat, 01 Aug 2026 05:22:45 GMT',
6430 silly get     server: 'cloudflare',
6430 silly get     etag: 'W/"fc66c4158be3a9c38ae0a8a2751b1e3d"',
6430 silly get     'content-encoding': 'gzip' } ]
6431 verbose get saving @rollup/rollup-linux-loong64-musl to /Users/hyypucs/.npm/registry.npmjs.org/_40rollup_252frollup-linux-loong64-musl/.cache.json
6432 verbose correctMkdir /Users/hyypucs/.npm correctMkdir not in flight; initializing
6433 http 200 https://registry.npmjs.org/@rollup%2frollup-linux-ppc64-musl
6434 verbose headers { date: 'Tue, 11 Aug 2026 05:49:47 GMT',
6434 verbose headers   'content-type': 'application/json',
6434 verbose headers   'transfer-encoding': 'chunked',
6434 verbose headers   connection: 'keep-alive',
6434 verbose headers   'set-cookie':
6434 verbose headers    [ '__cf_bm=lJsUtIQeDpGTEn9LCadlXWZN_n0Ug1Mo4.8eFI0YTpQ-1786427387.9119918-1.0.1.1-gCiC7_AXJo_2JthPo4u62vg2Ec1qXipErkzwejf1lTAKjgKwlwbnokAA5ZOdSjfArzMLHGSUnSsSILrRuTyieK6obeXml5vgoljd5mNNWNzkl9iO_Fp2RnVXprkaL4NF; HttpOnly; SameSite=None; Secure; Path=/; Domain=npmjs.org; Expires=Tue, 11 Aug 2026 06:19:47 GMT',
6434 verbose headers      '_cfuvid=yiu0HHKnV5yImXn8pUtcP4UdBr65SOE0Z3q6Z7aXUdo-1786427387.9119918-1.0.1.1-xTBH18LKFDauzkTU7vDannbgKiaAPDxnf_xUXDveahg; HttpOnly; SameSite=None; Secure; Path=/; Domain=npmjs.org' ],
6434 verbose headers   'cf-ray': 'a294f5867a4889c0-ICN',
6434 verbose headers   'cf-cache-status': 'HIT',
6434 verbose headers   'access-control-allow-origin': '*',
6434 verbose headers   age: '288',
6434 verbose headers   'cache-control': 'public, max-age=300',
6434 verbose headers   vary: 'accept-encoding, accept',
6434 verbose headers   'last-modified': 'Sat, 01 Aug 2026 05:23:01 GMT',
6434 verbose headers   server: 'cloudflare',
6434 verbose headers   etag: 'W/"7daf2e06265cd334fcf6dc2048fa6971"',
6434 verbose headers   'content-encoding': 'gzip' }
6435 silly get cb [ 200,
6435 silly get   { date: 'Tue, 11 Aug 2026 05:49:47 GMT',
6435 silly get     'content-type': 'application/json',
6435 silly get     'transfer-encoding': 'chunked',
6435 silly get     connection: 'keep-alive',
6435 silly get     'set-cookie':
6435 silly get      [ '__cf_bm=lJsUtIQeDpGTEn9LCadlXWZN_n0Ug1Mo4.8eFI0YTpQ-1786427387.9119918-1.0.1.1-gCiC7_AXJo_2JthPo4u62vg2Ec1qXipErkzwejf1lTAKjgKwlwbnokAA5ZOdSjfArzMLHGSUnSsSILrRuTyieK6obeXml5vgoljd5mNNWNzkl9iO_Fp2RnVXprkaL4NF; HttpOnly; SameSite=None; Secure; Path=/; Domain=npmjs.org; Expires=Tue, 11 Aug 2026 06:19:47 GMT',
6435 silly get        '_cfuvid=yiu0HHKnV5yImXn8pUtcP4UdBr65SOE0Z3q6Z7aXUdo-1786427387.9119918-1.0.1.1-xTBH18LKFDauzkTU7vDannbgKiaAPDxnf_xUXDveahg; HttpOnly; SameSite=None; Secure; Path=/; Domain=npmjs.org' ],
6435 silly get     'cf-ray': 'a294f5867a4889c0-ICN',
6435 silly get     'cf-cache-status': 'HIT',
6435 silly get     'access-control-allow-origin': '*',
6435 silly get     age: '288',
6435 silly get     'cache-control': 'public, max-age=300',
6435 silly get     vary: 'accept-encoding, accept',
6435 silly get     'last-modified': 'Sat, 01 Aug 2026 05:23:01 GMT',
6435 silly get     server: 'cloudflare',
6435 silly get     etag: 'W/"7daf2e06265cd334fcf6dc2048fa6971"',
6435 silly get     'content-encoding': 'gzip' } ]
6436 verbose get saving @rollup/rollup-linux-ppc64-musl to /Users/hyypucs/.npm/registry.npmjs.org/_40rollup_252frollup-linux-ppc64-musl/.cache.json
6437 verbose correctMkdir /Users/hyypucs/.npm correctMkdir not in flight; initializing
6438 http 200 https://registry.npmjs.org/@rollup%2frollup-win32-x64-gnu
6439 verbose headers { date: 'Tue, 11 Aug 2026 05:49:47 GMT',
6439 verbose headers   'content-type': 'application/json',
6439 verbose headers   'transfer-encoding': 'chunked',
6439 verbose headers   connection: 'keep-alive',
6439 verbose headers   'set-cookie':
6439 verbose headers    [ '__cf_bm=1jD0h1kdQ_Oco_KDoSApz84yZDUZXkBfXqwAVa1FLUg-1786427387.9124255-1.0.1.1-GKLhuUmSpqJPjjq8JaV7GZyTPnwEVlCo1naEzuSed0gWlyVyUOnBy01dolwHhAOxM166FYGaUCCByajMuf3JG5q8R99Z61G8pTFAstrEbl3eZ7rqnrIEhxyOPfpL1n34; HttpOnly; SameSite=None; Secure; Path=/; Domain=npmjs.org; Expires=Tue, 11 Aug 2026 06:19:47 GMT',
6439 verbose headers      '_cfuvid=9mF0EuwkpguCP52BE9Q2eJu.pnKzrFSDjbg5XWwBj4k-1786427387.9124255-1.0.1.1-TmWx9KS0zOTzwNeKYimh3D9_2OOwwEbprp7P1BjFVK0; HttpOnly; SameSite=None; Secure; Path=/; Domain=npmjs.org' ],
6439 verbose headers   'cf-ray': 'a294f5867fe5efdd-ICN',
6439 verbose headers   'cf-cache-status': 'HIT',
6439 verbose headers   'access-control-allow-origin': '*',
6439 verbose headers   age: '141',
6439 verbose headers   'cache-control': 'public, max-age=300',
6439 verbose headers   vary: 'accept-encoding, accept',
6439 verbose headers   'last-modified': 'Sat, 01 Aug 2026 05:25:16 GMT',
6439 verbose headers   server: 'cloudflare',
6439 verbose headers   etag: 'W/"286e983b0669415906611bf36432dab3"',
6439 verbose headers   'content-encoding': 'gzip' }
6440 silly get cb [ 200,
6440 silly get   { date: 'Tue, 11 Aug 2026 05:49:47 GMT',
6440 silly get     'content-type': 'application/json',
6440 silly get     'transfer-encoding': 'chunked',
6440 silly get     connection: 'keep-alive',
6440 silly get     'set-cookie':
6440 silly get      [ '__cf_bm=1jD0h1kdQ_Oco_KDoSApz84yZDUZXkBfXqwAVa1FLUg-1786427387.9124255-1.0.1.1-GKLhuUmSpqJPjjq8JaV7GZyTPnwEVlCo1naEzuSed0gWlyVyUOnBy01dolwHhAOxM166FYGaUCCByajMuf3JG5q8R99Z61G8pTFAstrEbl3eZ7rqnrIEhxyOPfpL1n34; HttpOnly; SameSite=None; Secure; Path=/; Domain=npmjs.org; Expires=Tue, 11 Aug 2026 06:19:47 GMT',
6440 silly get        '_cfuvid=9mF0EuwkpguCP52BE9Q2eJu.pnKzrFSDjbg5XWwBj4k-1786427387.9124255-1.0.1.1-TmWx9KS0zOTzwNeKYimh3D9_2OOwwEbprp7P1BjFVK0; HttpOnly; SameSite=None; Secure; Path=/; Domain=npmjs.org' ],
6440 silly get     'cf-ray': 'a294f5867fe5efdd-ICN',
6440 silly get     'cf-cache-status': 'HIT',
6440 silly get     'access-control-allow-origin': '*',
6440 silly get     age: '141',
6440 silly get     'cache-control': 'public, max-age=300',
6440 silly get     vary: 'accept-encoding, accept',
6440 silly get     'last-modified': 'Sat, 01 Aug 2026 05:25:16 GMT',
6440 silly get     server: 'cloudflare',
6440 silly get     etag: 'W/"286e983b0669415906611bf36432dab3"',
6440 silly get     'content-encoding': 'gzip' } ]
6441 verbose get saving @rollup/rollup-win32-x64-gnu to /Users/hyypucs/.npm/registry.npmjs.org/_40rollup_252frollup-win32-x64-gnu/.cache.json
6442 verbose correctMkdir /Users/hyypucs/.npm correctMkdir not in flight; initializing
6443 http 200 https://registry.npmjs.org/@rollup%2frollup-openharmony-arm64
6444 verbose headers { date: 'Tue, 11 Aug 2026 05:49:47 GMT',
6444 verbose headers   'content-type': 'application/json',
6444 verbose headers   'transfer-encoding': 'chunked',
6444 verbose headers   connection: 'keep-alive',
6444 verbose headers   'set-cookie':
6444 verbose headers    [ '__cf_bm=7UnQU2z2A6epJfMkB_0i9QIsrcL5WlKgj0Xih0jfBmE-1786427387.9114897-1.0.1.1-9V0EcIvNE8vAdzqmL4kP.xtmP0Ep1gpHCCFKIIilrHgUMud3f.sDtvE3Rv_Ji2zwWJ3oGBPr1y2WLlw5OL2ZsVPrkjeqwPHC56kB5P5cIRptD5DVaEiQo_FYgVSHO396; HttpOnly; SameSite=None; Secure; Path=/; Domain=npmjs.org; Expires=Tue, 11 Aug 2026 06:19:47 GMT',
6444 verbose headers      '_cfuvid=VI4cRGOBN5Up4xYgNcwlDkSDAjuG3e9.PHCSwfUNfXo-1786427387.9114897-1.0.1.1-0SJn4UVwCooZVws2cElhByxCX_DVfS5q9H0NMCc9J18; HttpOnly; SameSite=None; Secure; Path=/; Domain=npmjs.org' ],
6444 verbose headers   'cf-ray': 'a294f5867c99eaaa-ICN',
6444 verbose headers   'cf-cache-status': 'HIT',
6444 verbose headers   'access-control-allow-origin': '*',
6444 verbose headers   age: '262',
6444 verbose headers   'cache-control': 'public, max-age=300',
6444 verbose headers   vary: 'accept-encoding, accept',
6444 verbose headers   'last-modified': 'Sat, 01 Aug 2026 05:23:37 GMT',
6444 verbose headers   server: 'cloudflare',
6444 verbose headers   etag: 'W/"ad73f7509b2e583a2d6a5d2f5d8c9ada"',
6444 verbose headers   'content-encoding': 'gzip' }
6445 silly get cb [ 200,
6445 silly get   { date: 'Tue, 11 Aug 2026 05:49:47 GMT',
6445 silly get     'content-type': 'application/json',
6445 silly get     'transfer-encoding': 'chunked',
6445 silly get     connection: 'keep-alive',
6445 silly get     'set-cookie':
6445 silly get      [ '__cf_bm=7UnQU2z2A6epJfMkB_0i9QIsrcL5WlKgj0Xih0jfBmE-1786427387.9114897-1.0.1.1-9V0EcIvNE8vAdzqmL4kP.xtmP0Ep1gpHCCFKIIilrHgUMud3f.sDtvE3Rv_Ji2zwWJ3oGBPr1y2WLlw5OL2ZsVPrkjeqwPHC56kB5P5cIRptD5DVaEiQo_FYgVSHO396; HttpOnly; SameSite=None; Secure; Path=/; Domain=npmjs.org; Expires=Tue, 11 Aug 2026 06:19:47 GMT',
6445 silly get        '_cfuvid=VI4cRGOBN5Up4xYgNcwlDkSDAjuG3e9.PHCSwfUNfXo-1786427387.9114897-1.0.1.1-0SJn4UVwCooZVws2cElhByxCX_DVfS5q9H0NMCc9J18; HttpOnly; SameSite=None; Secure; Path=/; Domain=npmjs.org' ],
6445 silly get     'cf-ray': 'a294f5867c99eaaa-ICN',
6445 silly get     'cf-cache-status': 'HIT',
6445 silly get     'access-control-allow-origin': '*',
6445 silly get     age: '262',
6445 silly get     'cache-control': 'public, max-age=300',
6445 silly get     vary: 'accept-encoding, accept',
6445 silly get     'last-modified': 'Sat, 01 Aug 2026 05:23:37 GMT',
6445 silly get     server: 'cloudflare',
6445 silly get     etag: 'W/"ad73f7509b2e583a2d6a5d2f5d8c9ada"',
6445 silly get     'content-encoding': 'gzip' } ]
6446 verbose get saving @rollup/rollup-openharmony-arm64 to /Users/hyypucs/.npm/registry.npmjs.org/_40rollup_252frollup-openharmony-arm64/.cache.json
6447 verbose correctMkdir /Users/hyypucs/.npm correctMkdir not in flight; initializing
6448 http 200 https://registry.npmjs.org/@rollup%2frollup-linux-ppc64-gnu
6449 verbose headers { date: 'Tue, 11 Aug 2026 05:49:47 GMT',
6449 verbose headers   'content-type': 'application/json',
6449 verbose headers   'transfer-encoding': 'chunked',
6449 verbose headers   connection: 'keep-alive',
6449 verbose headers   'set-cookie':
6449 verbose headers    [ '__cf_bm=yMWQUveeHH592LcVIwdwx9yjBsWGKgyzmN.Kk1q86Yk-1786427387.9132285-1.0.1.1-N3.dFofukrk5Cc2XrhV7Vmum3MUyN1x._KY.VCHKhLhV34F1Jv5JPAm2PcR1ta.n640crcPDwJxwgJulTqf8xsna42Bw_71Cnue0VxyRwOvKjuQnNxAjeNlfoFVPO3Hs; HttpOnly; SameSite=None; Secure; Path=/; Domain=npmjs.org; Expires=Tue, 11 Aug 2026 06:19:47 GMT',
6449 verbose headers      '_cfuvid=V8nrDkwMPFeT7CM7pTXeJazre9ZcVUxmu0s7Xx.1Afs-1786427387.9132285-1.0.1.1-pav1irhfSpFOQoUxDrnEiK2OevdC0v9HFO_YH9_Pu1s; HttpOnly; SameSite=None; Secure; Path=/; Domain=npmjs.org' ],
6449 verbose headers   'cf-ray': 'a294f5867d220c1d-ICN',
6449 verbose headers   'cf-cache-status': 'HIT',
6449 verbose headers   'access-control-allow-origin': '*',
6449 verbose headers   age: '109',
6449 verbose headers   'cache-control': 'public, max-age=300',
6449 verbose headers   vary: 'accept-encoding, accept',
6449 verbose headers   'last-modified': 'Sat, 01 Aug 2026 05:23:59 GMT',
6449 verbose headers   server: 'cloudflare',
6449 verbose headers   etag: 'W/"0e0474567cdb24293fa6ae8fc47e4130"',
6449 verbose headers   'content-encoding': 'gzip' }
6450 silly get cb [ 200,
6450 silly get   { date: 'Tue, 11 Aug 2026 05:49:47 GMT',
6450 silly get     'content-type': 'application/json',
6450 silly get     'transfer-encoding': 'chunked',
6450 silly get     connection: 'keep-alive',
6450 silly get     'set-cookie':
6450 silly get      [ '__cf_bm=yMWQUveeHH592LcVIwdwx9yjBsWGKgyzmN.Kk1q86Yk-1786427387.9132285-1.0.1.1-N3.dFofukrk5Cc2XrhV7Vmum3MUyN1x._KY.VCHKhLhV34F1Jv5JPAm2PcR1ta.n640crcPDwJxwgJulTqf8xsna42Bw_71Cnue0VxyRwOvKjuQnNxAjeNlfoFVPO3Hs; HttpOnly; SameSite=None; Secure; Path=/; Domain=npmjs.org; Expires=Tue, 11 Aug 2026 06:19:47 GMT',
6450 silly get        '_cfuvid=V8nrDkwMPFeT7CM7pTXeJazre9ZcVUxmu0s7Xx.1Afs-1786427387.9132285-1.0.1.1-pav1irhfSpFOQoUxDrnEiK2OevdC0v9HFO_YH9_Pu1s; HttpOnly; SameSite=None; Secure; Path=/; Domain=npmjs.org' ],
6450 silly get     'cf-ray': 'a294f5867d220c1d-ICN',
6450 silly get     'cf-cache-status': 'HIT',
6450 silly get     'access-control-allow-origin': '*',
6450 silly get     age: '109',
6450 silly get     'cache-control': 'public, max-age=300',
6450 silly get     vary: 'accept-encoding, accept',
6450 silly get     'last-modified': 'Sat, 01 Aug 2026 05:23:59 GMT',
6450 silly get     server: 'cloudflare',
6450 silly get     etag: 'W/"0e0474567cdb24293fa6ae8fc47e4130"',
6450 silly get     'content-encoding': 'gzip' } ]
6451 verbose get saving @rollup/rollup-linux-ppc64-gnu to /Users/hyypucs/.npm/registry.npmjs.org/_40rollup_252frollup-linux-ppc64-gnu/.cache.json
6452 verbose correctMkdir /Users/hyypucs/.npm correctMkdir not in flight; initializing
6453 silly resolveWithNewModule @napi-rs/lzma-linux-x64-gnu@1.5.1 checking installable status
6454 http 200 https://registry.npmjs.org/@rollup%2frollup-linux-riscv64-musl
6455 verbose headers { date: 'Tue, 11 Aug 2026 05:49:47 GMT',
6455 verbose headers   'content-type': 'application/json',
6455 verbose headers   'transfer-encoding': 'chunked',
6455 verbose headers   connection: 'keep-alive',
6455 verbose headers   'set-cookie':
6455 verbose headers    [ '__cf_bm=9EeTYIwG7T_.g.K5qQSr5AqKAggQyrLfYbfX2jHjZDk-1786427387.9252644-1.0.1.1-qWxIPV9_mk2c_WlH50AaT.UaOCZVrtI961m0vWbweNarRjac_3j1MrEgoaLYf3DfW8mpXaDoDhr1XPxKnCS2bbLijq_yIwBlK7jnTh2ikS7Gj9TFVyTFjZObwZ0kmZI3; HttpOnly; SameSite=None; Secure; Path=/; Domain=npmjs.org; Expires=Tue, 11 Aug 2026 06:19:47 GMT',
6455 verbose headers      '_cfuvid=8zw1ApjJm6bPKfP0ZzXje1cvnuzY7RSewhHzIwpRA9w-1786427387.9252644-1.0.1.1-c3JQ0zMioEXKBjLSRDPmNv8xKug6dWRzER0YCwn_I5o; HttpOnly; SameSite=None; Secure; Path=/; Domain=npmjs.org' ],
6455 verbose headers   'cf-ray': 'a294f5868b2cd1df-ICN',
6455 verbose headers   'cf-cache-status': 'HIT',
6455 verbose headers   'access-control-allow-origin': '*',
6455 verbose headers   age: '108',
6455 verbose headers   'cache-control': 'public, max-age=300',
6455 verbose headers   vary: 'accept-encoding, accept',
6455 verbose headers   'last-modified': 'Sat, 01 Aug 2026 05:26:57 GMT',
6455 verbose headers   server: 'cloudflare',
6455 verbose headers   etag: 'W/"6c3987cd3dc23a53ac0d827964f5ba30"',
6455 verbose headers   'content-encoding': 'gzip' }
6456 silly get cb [ 200,
6456 silly get   { date: 'Tue, 11 Aug 2026 05:49:47 GMT',
6456 silly get     'content-type': 'application/json',
6456 silly get     'transfer-encoding': 'chunked',
6456 silly get     connection: 'keep-alive',
6456 silly get     'set-cookie':
6456 silly get      [ '__cf_bm=9EeTYIwG7T_.g.K5qQSr5AqKAggQyrLfYbfX2jHjZDk-1786427387.9252644-1.0.1.1-qWxIPV9_mk2c_WlH50AaT.UaOCZVrtI961m0vWbweNarRjac_3j1MrEgoaLYf3DfW8mpXaDoDhr1XPxKnCS2bbLijq_yIwBlK7jnTh2ikS7Gj9TFVyTFjZObwZ0kmZI3; HttpOnly; SameSite=None; Secure; Path=/; Domain=npmjs.org; Expires=Tue, 11 Aug 2026 06:19:47 GMT',
6456 silly get        '_cfuvid=8zw1ApjJm6bPKfP0ZzXje1cvnuzY7RSewhHzIwpRA9w-1786427387.9252644-1.0.1.1-c3JQ0zMioEXKBjLSRDPmNv8xKug6dWRzER0YCwn_I5o; HttpOnly; SameSite=None; Secure; Path=/; Domain=npmjs.org' ],
6456 silly get     'cf-ray': 'a294f5868b2cd1df-ICN',
6456 silly get     'cf-cache-status': 'HIT',
6456 silly get     'access-control-allow-origin': '*',
6456 silly get     age: '108',
6456 silly get     'cache-control': 'public, max-age=300',
6456 silly get     vary: 'accept-encoding, accept',
6456 silly get     'last-modified': 'Sat, 01 Aug 2026 05:26:57 GMT',
6456 silly get     server: 'cloudflare',
6456 silly get     etag: 'W/"6c3987cd3dc23a53ac0d827964f5ba30"',
6456 silly get     'content-encoding': 'gzip' } ]
6457 verbose get saving @rollup/rollup-linux-riscv64-musl to /Users/hyypucs/.npm/registry.npmjs.org/_40rollup_252frollup-linux-riscv64-musl/.cache.json
6458 verbose correctMkdir /Users/hyypucs/.npm correctMkdir not in flight; initializing
6459 silly resolveWithNewModule @rollup/rollup-linux-loong64-gnu@4.62.4 checking installable status
6460 http 200 https://registry.npmjs.org/@rollup%2frollup-freebsd-arm64
6461 verbose headers { date: 'Tue, 11 Aug 2026 05:49:47 GMT',
6461 verbose headers   'content-type': 'application/json',
6461 verbose headers   'transfer-encoding': 'chunked',
6461 verbose headers   connection: 'keep-alive',
6461 verbose headers   'set-cookie':
6461 verbose headers    [ '__cf_bm=ehbWymb1tZwueUnTteYty3O1rhEbSt0LO1DkHn1i_jo-1786427387.9120536-1.0.1.1-UlenU.Retmd5wTyNewBT9pPkkN4XIQdtCqJHkZ.jh.vjdMDS_FP9DvBwUT9I6Oc3A.f1H1r8jSoKbimBi_lwhFpWfH1EUyhB_RWEQ2.E3T55bWvsDGxkkAA62Ad4VzLA; HttpOnly; SameSite=None; Secure; Path=/; Domain=npmjs.org; Expires=Tue, 11 Aug 2026 06:19:47 GMT',
6461 verbose headers      '_cfuvid=90ZHO.tE4TcOOqrbGuZpJEaFR2KuL7hwOwtcQ.KZQTI-1786427387.9120536-1.0.1.1-h65NmBkNjVcpV3R1kwEiigyfOkRRiO9bLyP0nO7NWIc; HttpOnly; SameSite=None; Secure; Path=/; Domain=npmjs.org' ],
6461 verbose headers   'cf-ray': 'a294f5867c82d7e0-ICN',
6461 verbose headers   'cf-cache-status': 'HIT',
6461 verbose headers   'access-control-allow-origin': '*',
6461 verbose headers   age: '154',
6461 verbose headers   'cache-control': 'public, max-age=300',
6461 verbose headers   vary: 'accept-encoding, accept',
6461 verbose headers   'last-modified': 'Sat, 01 Aug 2026 05:22:13 GMT',
6461 verbose headers   server: 'cloudflare',
6461 verbose headers   etag: 'W/"ae22c8a4ad4b7ba60a8a5b52da00858e"',
6461 verbose headers   'content-encoding': 'gzip' }
6462 silly get cb [ 200,
6462 silly get   { date: 'Tue, 11 Aug 2026 05:49:47 GMT',
6462 silly get     'content-type': 'application/json',
6462 silly get     'transfer-encoding': 'chunked',
6462 silly get     connection: 'keep-alive',
6462 silly get     'set-cookie':
6462 silly get      [ '__cf_bm=ehbWymb1tZwueUnTteYty3O1rhEbSt0LO1DkHn1i_jo-1786427387.9120536-1.0.1.1-UlenU.Retmd5wTyNewBT9pPkkN4XIQdtCqJHkZ.jh.vjdMDS_FP9DvBwUT9I6Oc3A.f1H1r8jSoKbimBi_lwhFpWfH1EUyhB_RWEQ2.E3T55bWvsDGxkkAA62Ad4VzLA; HttpOnly; SameSite=None; Secure; Path=/; Domain=npmjs.org; Expires=Tue, 11 Aug 2026 06:19:47 GMT',
6462 silly get        '_cfuvid=90ZHO.tE4TcOOqrbGuZpJEaFR2KuL7hwOwtcQ.KZQTI-1786427387.9120536-1.0.1.1-h65NmBkNjVcpV3R1kwEiigyfOkRRiO9bLyP0nO7NWIc; HttpOnly; SameSite=None; Secure; Path=/; Domain=npmjs.org' ],
6462 silly get     'cf-ray': 'a294f5867c82d7e0-ICN',
6462 silly get     'cf-cache-status': 'HIT',
6462 silly get     'access-control-allow-origin': '*',
6462 silly get     age: '154',
6462 silly get     'cache-control': 'public, max-age=300',
6462 silly get     vary: 'accept-encoding, accept',
6462 silly get     'last-modified': 'Sat, 01 Aug 2026 05:22:13 GMT',
6462 silly get     server: 'cloudflare',
6462 silly get     etag: 'W/"ae22c8a4ad4b7ba60a8a5b52da00858e"',
6462 silly get     'content-encoding': 'gzip' } ]
6463 verbose get saving @rollup/rollup-freebsd-arm64 to /Users/hyypucs/.npm/registry.npmjs.org/_40rollup_252frollup-freebsd-arm64/.cache.json
6464 verbose correctMkdir /Users/hyypucs/.npm correctMkdir not in flight; initializing
6465 silly resolveWithNewModule @rollup/rollup-openbsd-x64@4.62.4 checking installable status
6466 http 200 https://registry.npmjs.org/@rollup%2frollup-freebsd-x64
6467 verbose headers { date: 'Tue, 11 Aug 2026 05:49:47 GMT',
6467 verbose headers   'content-type': 'application/json',
6467 verbose headers   'transfer-encoding': 'chunked',
6467 verbose headers   connection: 'keep-alive',
6467 verbose headers   'set-cookie':
6467 verbose headers    [ '__cf_bm=4y2btOVKfEhAsj2v0X64p.aabtuVqLaswhCmz1V_wwg-1786427387.9115624-1.0.1.1-hpHm0_HhLerqPtEUiTYGGiP3FTtRyf3o5fnp12R6nRZDq8JRcRnDNRXiDO8FFsFiUG9wqw5VCqp0x0Pob3mvT41GTVS0PFUnSuv6mMM47L981dm_Gn.pzxjPTEM2WGVR; HttpOnly; SameSite=None; Secure; Path=/; Domain=npmjs.org; Expires=Tue, 11 Aug 2026 06:19:47 GMT',
6467 verbose headers      '_cfuvid=34lww3GxJZaSSnqbTdZkdL2nmEQQww3BKKcMGaK0yOI-1786427387.9115624-1.0.1.1-MG1rtivZCCef6niNEcL1xgMBforuVXIDRo27sYPiKOo; HttpOnly; SameSite=None; Secure; Path=/; Domain=npmjs.org' ],
6467 verbose headers   'cf-ray': 'a294f58679ea490f-ICN',
6467 verbose headers   'cf-cache-status': 'HIT',
6467 verbose headers   'access-control-allow-origin': '*',
6467 verbose headers   age: '9',
6467 verbose headers   'cache-control': 'public, max-age=300',
6467 verbose headers   vary: 'accept-encoding, accept',
6467 verbose headers   'last-modified': 'Sat, 01 Aug 2026 05:24:23 GMT',
6467 verbose headers   server: 'cloudflare',
6467 verbose headers   etag: 'W/"904601c393bfb74fa39aeacb2c3adf71"',
6467 verbose headers   'content-encoding': 'gzip' }
6468 silly get cb [ 200,
6468 silly get   { date: 'Tue, 11 Aug 2026 05:49:47 GMT',
6468 silly get     'content-type': 'application/json',
6468 silly get     'transfer-encoding': 'chunked',
6468 silly get     connection: 'keep-alive',
6468 silly get     'set-cookie':
6468 silly get      [ '__cf_bm=4y2btOVKfEhAsj2v0X64p.aabtuVqLaswhCmz1V_wwg-1786427387.9115624-1.0.1.1-hpHm0_HhLerqPtEUiTYGGiP3FTtRyf3o5fnp12R6nRZDq8JRcRnDNRXiDO8FFsFiUG9wqw5VCqp0x0Pob3mvT41GTVS0PFUnSuv6mMM47L981dm_Gn.pzxjPTEM2WGVR; HttpOnly; SameSite=None; Secure; Path=/; Domain=npmjs.org; Expires=Tue, 11 Aug 2026 06:19:47 GMT',
6468 silly get        '_cfuvid=34lww3GxJZaSSnqbTdZkdL2nmEQQww3BKKcMGaK0yOI-1786427387.9115624-1.0.1.1-MG1rtivZCCef6niNEcL1xgMBforuVXIDRo27sYPiKOo; HttpOnly; SameSite=None; Secure; Path=/; Domain=npmjs.org' ],
6468 silly get     'cf-ray': 'a294f58679ea490f-ICN',
6468 silly get     'cf-cache-status': 'HIT',
6468 silly get     'access-control-allow-origin': '*',
6468 silly get     age: '9',
6468 silly get     'cache-control': 'public, max-age=300',
6468 silly get     vary: 'accept-encoding, accept',
6468 silly get     'last-modified': 'Sat, 01 Aug 2026 05:24:23 GMT',
6468 silly get     server: 'cloudflare',
6468 silly get     etag: 'W/"904601c393bfb74fa39aeacb2c3adf71"',
6468 silly get     'content-encoding': 'gzip' } ]
6469 verbose get saving @rollup/rollup-freebsd-x64 to /Users/hyypucs/.npm/registry.npmjs.org/_40rollup_252frollup-freebsd-x64/.cache.json
6470 verbose correctMkdir /Users/hyypucs/.npm correctMkdir not in flight; initializing
6471 http 200 https://registry.npmjs.org/@rollup%2frollup-linux-s390x-gnu
6472 verbose headers { date: 'Tue, 11 Aug 2026 05:49:47 GMT',
6472 verbose headers   'content-type': 'application/json',
6472 verbose headers   'transfer-encoding': 'chunked',
6472 verbose headers   connection: 'keep-alive',
6472 verbose headers   'set-cookie':
6472 verbose headers    [ '__cf_bm=I9G7JShBJnF0GIP.z0QEwI5PhqOwc2F7u8gm0jg9JSI-1786427387.9120502-1.0.1.1-KzlnQpyOM6DlQXRsQ.Q3NB.R8kuMUGRO9oXHxFUyg_YBpD5gCNfBuzadn1Sy9bGA5Mh4s233YN665oRFa0rDUIQAvm4kCu5ET1uMZmrHNckkIoszn44gNZ4km.jV_YXW; HttpOnly; SameSite=None; Secure; Path=/; Domain=npmjs.org; Expires=Tue, 11 Aug 2026 06:19:47 GMT',
6472 verbose headers      '_cfuvid=_D_.xMbh.p7C.wnfFNJrork2McbVp4XRK_605ERGpAA-1786427387.9120502-1.0.1.1-i7ry1qeoKZ0Ks98fD7..A1bS0._Dzkdra8KtmZyvHgM; HttpOnly; SameSite=None; Secure; Path=/; Domain=npmjs.org' ],
6472 verbose headers   'cf-ray': 'a294f58679d1ea11-ICN',
6472 verbose headers   'cf-cache-status': 'HIT',
6472 verbose headers   'access-control-allow-origin': '*',
6472 verbose headers   age: '125',
6472 verbose headers   'cache-control': 'public, max-age=300',
6472 verbose headers   vary: 'accept-encoding, accept',
6472 verbose headers   'last-modified': 'Sat, 01 Aug 2026 05:24:06 GMT',
6472 verbose headers   server: 'cloudflare',
6472 verbose headers   etag: 'W/"bc2e6bff34f5150a6e0d977e6b444285"',
6472 verbose headers   'content-encoding': 'gzip' }
6473 silly get cb [ 200,
6473 silly get   { date: 'Tue, 11 Aug 2026 05:49:47 GMT',
6473 silly get     'content-type': 'application/json',
6473 silly get     'transfer-encoding': 'chunked',
6473 silly get     connection: 'keep-alive',
6473 silly get     'set-cookie':
6473 silly get      [ '__cf_bm=I9G7JShBJnF0GIP.z0QEwI5PhqOwc2F7u8gm0jg9JSI-1786427387.9120502-1.0.1.1-KzlnQpyOM6DlQXRsQ.Q3NB.R8kuMUGRO9oXHxFUyg_YBpD5gCNfBuzadn1Sy9bGA5Mh4s233YN665oRFa0rDUIQAvm4kCu5ET1uMZmrHNckkIoszn44gNZ4km.jV_YXW; HttpOnly; SameSite=None; Secure; Path=/; Domain=npmjs.org; Expires=Tue, 11 Aug 2026 06:19:47 GMT',
6473 silly get        '_cfuvid=_D_.xMbh.p7C.wnfFNJrork2McbVp4XRK_605ERGpAA-1786427387.9120502-1.0.1.1-i7ry1qeoKZ0Ks98fD7..A1bS0._Dzkdra8KtmZyvHgM; HttpOnly; SameSite=None; Secure; Path=/; Domain=npmjs.org' ],
6473 silly get     'cf-ray': 'a294f58679d1ea11-ICN',
6473 silly get     'cf-cache-status': 'HIT',
6473 silly get     'access-control-allow-origin': '*',
6473 silly get     age: '125',
6473 silly get     'cache-control': 'public, max-age=300',
6473 silly get     vary: 'accept-encoding, accept',
6473 silly get     'last-modified': 'Sat, 01 Aug 2026 05:24:06 GMT',
6473 silly get     server: 'cloudflare',
6473 silly get     etag: 'W/"bc2e6bff34f5150a6e0d977e6b444285"',
6473 silly get     'content-encoding': 'gzip' } ]
6474 verbose get saving @rollup/rollup-linux-s390x-gnu to /Users/hyypucs/.npm/registry.npmjs.org/_40rollup_252frollup-linux-s390x-gnu/.cache.json
6475 verbose correctMkdir /Users/hyypucs/.npm correctMkdir not in flight; initializing
6476 http 200 https://registry.npmjs.org/@types%2festree
6477 verbose headers { date: 'Tue, 11 Aug 2026 05:49:48 GMT',
6477 verbose headers   'content-type': 'application/json',
6477 verbose headers   'transfer-encoding': 'chunked',
6477 verbose headers   connection: 'keep-alive',
6477 verbose headers   'set-cookie':
6477 verbose headers    [ '__cf_bm=mIlSV44lyGzK1Rms5_XvTKFaD3Q8OLP.Qw2ker.GnEo-1786427387.9121056-1.0.1.1-IPvnlRb5rI3LWoC9EDBtKUgsn2Jt6RFbtqWuoX5gY9ZGGh3WwR.RlSPaH54aaG053ywoK.Y5KIpS2vHX_OF9SDdFPG3XKKeLcIL_K2FvE9ABpDcoJOrcP9eA8QSJixvW; HttpOnly; SameSite=None; Secure; Path=/; Domain=npmjs.org; Expires=Tue, 11 Aug 2026 06:19:48 GMT',
6477 verbose headers      '_cfuvid=MFmYGP3mFy6d5CLNgFg6gjCWXqUgDKWTPGX8CPCRBp4-1786427387.9121056-1.0.1.1-uigZjLUuTigEZKXYuQ.gj_9Wk0eTY4yxhzJQkoNiVjs; HttpOnly; SameSite=None; Secure; Path=/; Domain=npmjs.org' ],
6477 verbose headers   'cf-ray': 'a294f5867d25ea01-ICN',
6477 verbose headers   'cf-cache-status': 'HIT',
6477 verbose headers   'access-control-allow-origin': '*',
6477 verbose headers   'cache-control': 'public, max-age=300',
6477 verbose headers   vary: 'accept-encoding, accept',
6477 verbose headers   'last-modified': 'Wed, 06 May 2026 21:01:06 GMT',
6477 verbose headers   server: 'cloudflare',
6477 verbose headers   etag: 'W/"932b225a7bc99afd578812f38e252d8a"',
6477 verbose headers   'content-encoding': 'gzip' }
6478 silly get cb [ 200,
6478 silly get   { date: 'Tue, 11 Aug 2026 05:49:48 GMT',
6478 silly get     'content-type': 'application/json',
6478 silly get     'transfer-encoding': 'chunked',
6478 silly get     connection: 'keep-alive',
6478 silly get     'set-cookie':
6478 silly get      [ '__cf_bm=mIlSV44lyGzK1Rms5_XvTKFaD3Q8OLP.Qw2ker.GnEo-1786427387.9121056-1.0.1.1-IPvnlRb5rI3LWoC9EDBtKUgsn2Jt6RFbtqWuoX5gY9ZGGh3WwR.RlSPaH54aaG053ywoK.Y5KIpS2vHX_OF9SDdFPG3XKKeLcIL_K2FvE9ABpDcoJOrcP9eA8QSJixvW; HttpOnly; SameSite=None; Secure; Path=/; Domain=npmjs.org; Expires=Tue, 11 Aug 2026 06:19:48 GMT',
6478 silly get        '_cfuvid=MFmYGP3mFy6d5CLNgFg6gjCWXqUgDKWTPGX8CPCRBp4-1786427387.9121056-1.0.1.1-uigZjLUuTigEZKXYuQ.gj_9Wk0eTY4yxhzJQkoNiVjs; HttpOnly; SameSite=None; Secure; Path=/; Domain=npmjs.org' ],
6478 silly get     'cf-ray': 'a294f5867d25ea01-ICN',
6478 silly get     'cf-cache-status': 'HIT',
6478 silly get     'access-control-allow-origin': '*',
6478 silly get     'cache-control': 'public, max-age=300',
6478 silly get     vary: 'accept-encoding, accept',
6478 silly get     'last-modified': 'Wed, 06 May 2026 21:01:06 GMT',
6478 silly get     server: 'cloudflare',
6478 silly get     etag: 'W/"932b225a7bc99afd578812f38e252d8a"',
6478 silly get     'content-encoding': 'gzip' } ]
6479 verbose get saving @types/estree to /Users/hyypucs/.npm/registry.npmjs.org/_40types_252festree/.cache.json
6480 verbose correctMkdir /Users/hyypucs/.npm correctMkdir not in flight; initializing
6481 silly resolveWithNewModule @rollup/rollup-linux-loong64-musl@4.62.4 checking installable status
6482 silly resolveWithNewModule @rollup/rollup-linux-ppc64-musl@4.62.4 checking installable status
6483 silly resolveWithNewModule @rollup/rollup-win32-x64-gnu@4.62.4 checking installable status
6484 http 200 https://registry.npmjs.org/@rollup%2frollup-linux-arm-musleabihf
6485 verbose headers { date: 'Tue, 11 Aug 2026 05:49:47 GMT',
6485 verbose headers   'content-type': 'application/json',
6485 verbose headers   'transfer-encoding': 'chunked',
6485 verbose headers   connection: 'keep-alive',
6485 verbose headers   'set-cookie':
6485 verbose headers    [ '__cf_bm=1Aq5Y0xTASsFMm1ZKbIKtV36H3I9K0vK_vG.z00_9Es-1786427387.9232097-1.0.1.1-byiiQM7eNYxpYRBrxBTBG5OmRCHoLBAG6ceHityH_IBbl_Lb1QXynXyUN05u5O4XF_YrxCaxtGX4.nqYY6z7fe8Dh3Q9yBg91W1tYEshLp_ThDoF5OvExrE_ovlgphyV; HttpOnly; SameSite=None; Secure; Path=/; Domain=npmjs.org; Expires=Tue, 11 Aug 2026 06:19:47 GMT',
6485 verbose headers      '_cfuvid=UXYv6GXPeGw3GcgkjotTq7Op656ZpJ9tmT81EswqBpc-1786427387.9232097-1.0.1.1-ktvhpSWhgBM0Gv0uHX3x_a7vzFPo0QVifrofJ4.jze4; HttpOnly; SameSite=None; Secure; Path=/; Domain=npmjs.org' ],
6485 verbose headers   'cf-ray': 'a294f5868e12ea8e-ICN',
6485 verbose headers   'cf-cache-status': 'HIT',
6485 verbose headers   'access-control-allow-origin': '*',
6485 verbose headers   age: '248',
6485 verbose headers   'cache-control': 'public, max-age=300',
6485 verbose headers   vary: 'accept-encoding, accept',
6485 verbose headers   'last-modified': 'Sat, 01 Aug 2026 05:24:35 GMT',
6485 verbose headers   server: 'cloudflare',
6485 verbose headers   etag: 'W/"86df3b841500c58faf85f5c587f2f934"',
6485 verbose headers   'content-encoding': 'gzip' }
6486 silly get cb [ 200,
6486 silly get   { date: 'Tue, 11 Aug 2026 05:49:47 GMT',
6486 silly get     'content-type': 'application/json',
6486 silly get     'transfer-encoding': 'chunked',
6486 silly get     connection: 'keep-alive',
6486 silly get     'set-cookie':
6486 silly get      [ '__cf_bm=1Aq5Y0xTASsFMm1ZKbIKtV36H3I9K0vK_vG.z00_9Es-1786427387.9232097-1.0.1.1-byiiQM7eNYxpYRBrxBTBG5OmRCHoLBAG6ceHityH_IBbl_Lb1QXynXyUN05u5O4XF_YrxCaxtGX4.nqYY6z7fe8Dh3Q9yBg91W1tYEshLp_ThDoF5OvExrE_ovlgphyV; HttpOnly; SameSite=None; Secure; Path=/; Domain=npmjs.org; Expires=Tue, 11 Aug 2026 06:19:47 GMT',
6486 silly get        '_cfuvid=UXYv6GXPeGw3GcgkjotTq7Op656ZpJ9tmT81EswqBpc-1786427387.9232097-1.0.1.1-ktvhpSWhgBM0Gv0uHX3x_a7vzFPo0QVifrofJ4.jze4; HttpOnly; SameSite=None; Secure; Path=/; Domain=npmjs.org' ],
6486 silly get     'cf-ray': 'a294f5868e12ea8e-ICN',
6486 silly get     'cf-cache-status': 'HIT',
6486 silly get     'access-control-allow-origin': '*',
6486 silly get     age: '248',
6486 silly get     'cache-control': 'public, max-age=300',
6486 silly get     vary: 'accept-encoding, accept',
6486 silly get     'last-modified': 'Sat, 01 Aug 2026 05:24:35 GMT',
6486 silly get     server: 'cloudflare',
6486 silly get     etag: 'W/"86df3b841500c58faf85f5c587f2f934"',
6486 silly get     'content-encoding': 'gzip' } ]
6487 verbose get saving @rollup/rollup-linux-arm-musleabihf to /Users/hyypucs/.npm/registry.npmjs.org/_40rollup_252frollup-linux-arm-musleabihf/.cache.json
6488 verbose correctMkdir /Users/hyypucs/.npm correctMkdir not in flight; initializing
6489 silly resolveWithNewModule @rollup/rollup-openharmony-arm64@4.62.4 checking installable status
6490 silly resolveWithNewModule @rollup/rollup-linux-ppc64-gnu@4.62.4 checking installable status
6491 http 200 https://registry.npmjs.org/@rollup%2frollup-linux-riscv64-gnu
6492 verbose headers { date: 'Tue, 11 Aug 2026 05:49:47 GMT',
6492 verbose headers   'content-type': 'application/json',
6492 verbose headers   'transfer-encoding': 'chunked',
6492 verbose headers   connection: 'keep-alive',
6492 verbose headers   'set-cookie':
6492 verbose headers    [ '__cf_bm=qEMZQHr4fA1pOs.Xd6d6z0fx3WNv0O4KmtqdfRGmuhw-1786427387.9119966-1.0.1.1-Xb43jVKHleN243kWhOrvCpOar3QuC33XQwsezBnV2lIK4C5ZEV7qTVWIpAMlH7RLh.do1ZQYlf4SG7EIlzpaDuax9xwp8jhPqFTpWJDU1Oye92eSeD.wB3Z8pp1pM87r; HttpOnly; SameSite=None; Secure; Path=/; Domain=npmjs.org; Expires=Tue, 11 Aug 2026 06:19:47 GMT',
6492 verbose headers      '_cfuvid=s7wvQlzAjorLOOWkGS1xnLPiYoJVqlzIuSbXi4YDbxQ-1786427387.9119966-1.0.1.1-fyRIUJ3GyW5Xfi1OraM4PDfx9GeED6owQgu.HV1ljro; HttpOnly; SameSite=None; Secure; Path=/; Domain=npmjs.org' ],
6492 verbose headers   'cf-ray': 'a294f5867eb4ea97-ICN',
6492 verbose headers   'cf-cache-status': 'HIT',
6492 verbose headers   'access-control-allow-origin': '*',
6492 verbose headers   age: '110',
6492 verbose headers   'cache-control': 'public, max-age=300',
6492 verbose headers   vary: 'accept-encoding, accept',
6492 verbose headers   'last-modified': 'Sat, 01 Aug 2026 05:26:52 GMT',
6492 verbose headers   server: 'cloudflare',
6492 verbose headers   etag: 'W/"38e6bb34b1060d6471b9f1baca6c2358"',
6492 verbose headers   'content-encoding': 'gzip' }
6493 silly get cb [ 200,
6493 silly get   { date: 'Tue, 11 Aug 2026 05:49:47 GMT',
6493 silly get     'content-type': 'application/json',
6493 silly get     'transfer-encoding': 'chunked',
6493 silly get     connection: 'keep-alive',
6493 silly get     'set-cookie':
6493 silly get      [ '__cf_bm=qEMZQHr4fA1pOs.Xd6d6z0fx3WNv0O4KmtqdfRGmuhw-1786427387.9119966-1.0.1.1-Xb43jVKHleN243kWhOrvCpOar3QuC33XQwsezBnV2lIK4C5ZEV7qTVWIpAMlH7RLh.do1ZQYlf4SG7EIlzpaDuax9xwp8jhPqFTpWJDU1Oye92eSeD.wB3Z8pp1pM87r; HttpOnly; SameSite=None; Secure; Path=/; Domain=npmjs.org; Expires=Tue, 11 Aug 2026 06:19:47 GMT',
6493 silly get        '_cfuvid=s7wvQlzAjorLOOWkGS1xnLPiYoJVqlzIuSbXi4YDbxQ-1786427387.9119966-1.0.1.1-fyRIUJ3GyW5Xfi1OraM4PDfx9GeED6owQgu.HV1ljro; HttpOnly; SameSite=None; Secure; Path=/; Domain=npmjs.org' ],
6493 silly get     'cf-ray': 'a294f5867eb4ea97-ICN',
6493 silly get     'cf-cache-status': 'HIT',
6493 silly get     'access-control-allow-origin': '*',
6493 silly get     age: '110',
6493 silly get     'cache-control': 'public, max-age=300',
6493 silly get     vary: 'accept-encoding, accept',
6493 silly get     'last-modified': 'Sat, 01 Aug 2026 05:26:52 GMT',
6493 silly get     server: 'cloudflare',
6493 silly get     etag: 'W/"38e6bb34b1060d6471b9f1baca6c2358"',
6493 silly get     'content-encoding': 'gzip' } ]
6494 verbose get saving @rollup/rollup-linux-riscv64-gnu to /Users/hyypucs/.npm/registry.npmjs.org/_40rollup_252frollup-linux-riscv64-gnu/.cache.json
6495 verbose correctMkdir /Users/hyypucs/.npm correctMkdir not in flight; initializing
6496 http 200 https://registry.npmjs.org/@rollup%2frollup-win32-x64-msvc
6497 verbose headers { date: 'Tue, 11 Aug 2026 05:49:47 GMT',
6497 verbose headers   'content-type': 'application/json',
6497 verbose headers   'transfer-encoding': 'chunked',
6497 verbose headers   connection: 'keep-alive',
6497 verbose headers   'set-cookie':
6497 verbose headers    [ '__cf_bm=9IFYpD3TQlywMU5PyLkkBAGxoJiP9rDjqDE93uM4Y3w-1786427387.9114244-1.0.1.1-MEFIZQX6xcS1ypfb.wq4uo7ScOKwcOyIB8btrdGu6RYi55b8J4YOxxLNTuc5VQWCJuNTBIBnXEXNRHHxpKHBTJxF4MgKr8tGrs3KJZDdif8B1r5eSjYt1qp4O3tXqAIO; HttpOnly; SameSite=None; Secure; Path=/; Domain=npmjs.org; Expires=Tue, 11 Aug 2026 06:19:47 GMT',
6497 verbose headers      '_cfuvid=L2a5riK4GcgTKlYYSr.DH5bOVqlDrgRY1XY8M6uHCoo-1786427387.9114244-1.0.1.1-PR4wE3wcHljJTmK436eVl18t8DrMi5deCWDxcmqHamI; HttpOnly; SameSite=None; Secure; Path=/; Domain=npmjs.org' ],
6497 verbose headers   'cf-ray': 'a294f5867f4762a2-ICN',
6497 verbose headers   'cf-cache-status': 'HIT',
6497 verbose headers   'access-control-allow-origin': '*',
6497 verbose headers   age: '223',
6497 verbose headers   'cache-control': 'public, max-age=300',
6497 verbose headers   vary: 'accept-encoding, accept',
6497 verbose headers   'last-modified': 'Sat, 01 Aug 2026 05:24:19 GMT',
6497 verbose headers   server: 'cloudflare',
6497 verbose headers   etag: 'W/"9f49921e88bef89fbf2a77fcab9722bf"',
6497 verbose headers   'content-encoding': 'gzip' }
6498 silly get cb [ 200,
6498 silly get   { date: 'Tue, 11 Aug 2026 05:49:47 GMT',
6498 silly get     'content-type': 'application/json',
6498 silly get     'transfer-encoding': 'chunked',
6498 silly get     connection: 'keep-alive',
6498 silly get     'set-cookie':
6498 silly get      [ '__cf_bm=9IFYpD3TQlywMU5PyLkkBAGxoJiP9rDjqDE93uM4Y3w-1786427387.9114244-1.0.1.1-MEFIZQX6xcS1ypfb.wq4uo7ScOKwcOyIB8btrdGu6RYi55b8J4YOxxLNTuc5VQWCJuNTBIBnXEXNRHHxpKHBTJxF4MgKr8tGrs3KJZDdif8B1r5eSjYt1qp4O3tXqAIO; HttpOnly; SameSite=None; Secure; Path=/; Domain=npmjs.org; Expires=Tue, 11 Aug 2026 06:19:47 GMT',
6498 silly get        '_cfuvid=L2a5riK4GcgTKlYYSr.DH5bOVqlDrgRY1XY8M6uHCoo-1786427387.9114244-1.0.1.1-PR4wE3wcHljJTmK436eVl18t8DrMi5deCWDxcmqHamI; HttpOnly; SameSite=None; Secure; Path=/; Domain=npmjs.org' ],
6498 silly get     'cf-ray': 'a294f5867f4762a2-ICN',
6498 silly get     'cf-cache-status': 'HIT',
6498 silly get     'access-control-allow-origin': '*',
6498 silly get     age: '223',
6498 silly get     'cache-control': 'public, max-age=300',
6498 silly get     vary: 'accept-encoding, accept',
6498 silly get     'last-modified': 'Sat, 01 Aug 2026 05:24:19 GMT',
6498 silly get     server: 'cloudflare',
6498 silly get     etag: 'W/"9f49921e88bef89fbf2a77fcab9722bf"',
6498 silly get     'content-encoding': 'gzip' } ]
6499 verbose get saving @rollup/rollup-win32-x64-msvc to /Users/hyypucs/.npm/registry.npmjs.org/_40rollup_252frollup-win32-x64-msvc/.cache.json
6500 verbose correctMkdir /Users/hyypucs/.npm correctMkdir not in flight; initializing
6501 silly resolveWithNewModule @rollup/rollup-linux-riscv64-musl@4.62.4 checking installable status
6502 http 200 https://registry.npmjs.org/@rollup%2frollup-darwin-arm64
6503 verbose headers { date: 'Tue, 11 Aug 2026 05:49:47 GMT',
6503 verbose headers   'content-type': 'application/json',
6503 verbose headers   'transfer-encoding': 'chunked',
6503 verbose headers   connection: 'keep-alive',
6503 verbose headers   'set-cookie':
6503 verbose headers    [ '__cf_bm=I4GJud5ZqhkYobnKSWwst9apADfIJn2bM6oCcAS0l_A-1786427387.9121194-1.0.1.1-DwJ8FNjc1i6AJiCWgsu1WrW7cGIsMtdVGRJgqgIx1nCiwNs1sm7fcu95YqTEL2Lgkji4WfO52eePVLWBOrln97CzNwoVhEPN8MLiypSW9ogtNzL0HE2OmtBgO7QIpr1k; HttpOnly; SameSite=None; Secure; Path=/; Domain=npmjs.org; Expires=Tue, 11 Aug 2026 06:19:47 GMT',
6503 verbose headers      '_cfuvid=DI2Utwdg3uYWEiofJicpIzNr2MN0pxXFH6ubTeOkWH4-1786427387.9121194-1.0.1.1-oYBPo8G2aeuGTPHmBFt5eLeA5xWLR6vVUOYi4WDAQpM; HttpOnly; SameSite=None; Secure; Path=/; Domain=npmjs.org' ],
6503 verbose headers   'cf-ray': 'a294f58679bb088c-ICN',
6503 verbose headers   'cf-cache-status': 'HIT',
6503 verbose headers   'access-control-allow-origin': '*',
6503 verbose headers   age: '45',
6503 verbose headers   'cache-control': 'public, max-age=300',
6503 verbose headers   vary: 'accept-encoding, accept',
6503 verbose headers   'last-modified': 'Sat, 01 Aug 2026 05:23:02 GMT',
6503 verbose headers   server: 'cloudflare',
6503 verbose headers   etag: 'W/"727a6a5e43b105be6c3547986786e063"',
6503 verbose headers   'content-encoding': 'gzip' }
6504 silly get cb [ 200,
6504 silly get   { date: 'Tue, 11 Aug 2026 05:49:47 GMT',
6504 silly get     'content-type': 'application/json',
6504 silly get     'transfer-encoding': 'chunked',
6504 silly get     connection: 'keep-alive',
6504 silly get     'set-cookie':
6504 silly get      [ '__cf_bm=I4GJud5ZqhkYobnKSWwst9apADfIJn2bM6oCcAS0l_A-1786427387.9121194-1.0.1.1-DwJ8FNjc1i6AJiCWgsu1WrW7cGIsMtdVGRJgqgIx1nCiwNs1sm7fcu95YqTEL2Lgkji4WfO52eePVLWBOrln97CzNwoVhEPN8MLiypSW9ogtNzL0HE2OmtBgO7QIpr1k; HttpOnly; SameSite=None; Secure; Path=/; Domain=npmjs.org; Expires=Tue, 11 Aug 2026 06:19:47 GMT',
6504 silly get        '_cfuvid=DI2Utwdg3uYWEiofJicpIzNr2MN0pxXFH6ubTeOkWH4-1786427387.9121194-1.0.1.1-oYBPo8G2aeuGTPHmBFt5eLeA5xWLR6vVUOYi4WDAQpM; HttpOnly; SameSite=None; Secure; Path=/; Domain=npmjs.org' ],
6504 silly get     'cf-ray': 'a294f58679bb088c-ICN',
6504 silly get     'cf-cache-status': 'HIT',
6504 silly get     'access-control-allow-origin': '*',
6504 silly get     age: '45',
6504 silly get     'cache-control': 'public, max-age=300',
6504 silly get     vary: 'accept-encoding, accept',
6504 silly get     'last-modified': 'Sat, 01 Aug 2026 05:23:02 GMT',
6504 silly get     server: 'cloudflare',
6504 silly get     etag: 'W/"727a6a5e43b105be6c3547986786e063"',
6504 silly get     'content-encoding': 'gzip' } ]
6505 verbose get saving @rollup/rollup-darwin-arm64 to /Users/hyypucs/.npm/registry.npmjs.org/_40rollup_252frollup-darwin-arm64/.cache.json
6506 verbose correctMkdir /Users/hyypucs/.npm correctMkdir not in flight; initializing
6507 http 200 https://registry.npmjs.org/@rollup%2frollup-linux-arm64-musl
6508 verbose headers { date: 'Tue, 11 Aug 2026 05:49:47 GMT',
6508 verbose headers   'content-type': 'application/json',
6508 verbose headers   'transfer-encoding': 'chunked',
6508 verbose headers   connection: 'keep-alive',
6508 verbose headers   'set-cookie':
6508 verbose headers    [ '__cf_bm=jMdYft.f9MWJwcpvcdqy3RLcYbvFOVk0IdhUGm8KEAo-1786427387.912428-1.0.1.1-BU36xxTXkDXgO7YG60XWnmlQFfu5EjrM0DrJLRwMtwcSvwn47ZZRW7BakERsFe28fk8AQr_O_tQZBUqCVeSEfeW_76F02rOqBM1vLYwzZn.xbWQuXmIxLOzl08B2nj.D; HttpOnly; SameSite=None; Secure; Path=/; Domain=npmjs.org; Expires=Tue, 11 Aug 2026 06:19:47 GMT',
6508 verbose headers      '_cfuvid=bopP3yKymuV.xDVuNAxad7mqg9RBfPzoCPvgUf_NW9s-1786427387.912428-1.0.1.1-up5ag8BvNnXrObDU_.qKUc_DI3xhXhOpkLcTK6W3BHo; HttpOnly; SameSite=None; Secure; Path=/; Domain=npmjs.org' ],
6508 verbose headers   'cf-ray': 'a294f5867cf5aa88-ICN',
6508 verbose headers   'cf-cache-status': 'HIT',
6508 verbose headers   'access-control-allow-origin': '*',
6508 verbose headers   age: '145',
6508 verbose headers   'cache-control': 'public, max-age=300',
6508 verbose headers   vary: 'accept-encoding, accept',
6508 verbose headers   'last-modified': 'Sat, 01 Aug 2026 05:24:22 GMT',
6508 verbose headers   server: 'cloudflare',
6508 verbose headers   etag: 'W/"ca3504ccb1fe4679dd4283a82a569419"',
6508 verbose headers   'content-encoding': 'gzip' }
6509 silly get cb [ 200,
6509 silly get   { date: 'Tue, 11 Aug 2026 05:49:47 GMT',
6509 silly get     'content-type': 'application/json',
6509 silly get     'transfer-encoding': 'chunked',
6509 silly get     connection: 'keep-alive',
6509 silly get     'set-cookie':
6509 silly get      [ '__cf_bm=jMdYft.f9MWJwcpvcdqy3RLcYbvFOVk0IdhUGm8KEAo-1786427387.912428-1.0.1.1-BU36xxTXkDXgO7YG60XWnmlQFfu5EjrM0DrJLRwMtwcSvwn47ZZRW7BakERsFe28fk8AQr_O_tQZBUqCVeSEfeW_76F02rOqBM1vLYwzZn.xbWQuXmIxLOzl08B2nj.D; HttpOnly; SameSite=None; Secure; Path=/; Domain=npmjs.org; Expires=Tue, 11 Aug 2026 06:19:47 GMT',
6509 silly get        '_cfuvid=bopP3yKymuV.xDVuNAxad7mqg9RBfPzoCPvgUf_NW9s-1786427387.912428-1.0.1.1-up5ag8BvNnXrObDU_.qKUc_DI3xhXhOpkLcTK6W3BHo; HttpOnly; SameSite=None; Secure; Path=/; Domain=npmjs.org' ],
6509 silly get     'cf-ray': 'a294f5867cf5aa88-ICN',
6509 silly get     'cf-cache-status': 'HIT',
6509 silly get     'access-control-allow-origin': '*',
6509 silly get     age: '145',
6509 silly get     'cache-control': 'public, max-age=300',
6509 silly get     vary: 'accept-encoding, accept',
6509 silly get     'last-modified': 'Sat, 01 Aug 2026 05:24:22 GMT',
6509 silly get     server: 'cloudflare',
6509 silly get     etag: 'W/"ca3504ccb1fe4679dd4283a82a569419"',
6509 silly get     'content-encoding': 'gzip' } ]
6510 verbose get saving @rollup/rollup-linux-arm64-musl to /Users/hyypucs/.npm/registry.npmjs.org/_40rollup_252frollup-linux-arm64-musl/.cache.json
6511 verbose correctMkdir /Users/hyypucs/.npm correctMkdir not in flight; initializing
6512 http 200 https://registry.npmjs.org/@rollup%2frollup-linux-x64-musl
6513 verbose headers { date: 'Tue, 11 Aug 2026 05:49:47 GMT',
6513 verbose headers   'content-type': 'application/json',
6513 verbose headers   'transfer-encoding': 'chunked',
6513 verbose headers   connection: 'keep-alive',
6513 verbose headers   'set-cookie':
6513 verbose headers    [ '__cf_bm=L.p1Ymx2NMEa3GWZrukHB3P5EstzMDo9pXd4nHh0tNU-1786427387.9120526-1.0.1.1-GAbLYkDIbD.OupQBiupBXszt6rb.lkesPN4M9ZRAb_xesQwIxMm6Wq49bmGtHN47kIybgmyJwgDovBKZAx6KzSCd6uUvnTnmIqRlqxcRu9fnIwoh52eJlt9Y69X.uSIo; HttpOnly; SameSite=None; Secure; Path=/; Domain=npmjs.org; Expires=Tue, 11 Aug 2026 06:19:47 GMT',
6513 verbose headers      '_cfuvid=J0VW2V6EdUlwtSDasWk1MvDMFYtKsb0KGGX8MtmG.fk-1786427387.9120526-1.0.1.1-enmz5hfsm0nqWtewtqWXZge8xntEBB8JprHJMAFJZG0; HttpOnly; SameSite=None; Secure; Path=/; Domain=npmjs.org' ],
6513 verbose headers   'cf-ray': 'a294f5867b5c5871-ICN',
6513 verbose headers   'cf-cache-status': 'HIT',
6513 verbose headers   'access-control-allow-origin': '*',
6513 verbose headers   age: '50',
6513 verbose headers   'cache-control': 'public, max-age=300',
6513 verbose headers   vary: 'accept-encoding, accept',
6513 verbose headers   'last-modified': 'Sat, 01 Aug 2026 05:25:33 GMT',
6513 verbose headers   server: 'cloudflare',
6513 verbose headers   etag: 'W/"9a21ed9153ce280f2e2ac3fac305f78c"',
6513 verbose headers   'content-encoding': 'gzip' }
6514 silly get cb [ 200,
6514 silly get   { date: 'Tue, 11 Aug 2026 05:49:47 GMT',
6514 silly get     'content-type': 'application/json',
6514 silly get     'transfer-encoding': 'chunked',
6514 silly get     connection: 'keep-alive',
6514 silly get     'set-cookie':
6514 silly get      [ '__cf_bm=L.p1Ymx2NMEa3GWZrukHB3P5EstzMDo9pXd4nHh0tNU-1786427387.9120526-1.0.1.1-GAbLYkDIbD.OupQBiupBXszt6rb.lkesPN4M9ZRAb_xesQwIxMm6Wq49bmGtHN47kIybgmyJwgDovBKZAx6KzSCd6uUvnTnmIqRlqxcRu9fnIwoh52eJlt9Y69X.uSIo; HttpOnly; SameSite=None; Secure; Path=/; Domain=npmjs.org; Expires=Tue, 11 Aug 2026 06:19:47 GMT',
6514 silly get        '_cfuvid=J0VW2V6EdUlwtSDasWk1MvDMFYtKsb0KGGX8MtmG.fk-1786427387.9120526-1.0.1.1-enmz5hfsm0nqWtewtqWXZge8xntEBB8JprHJMAFJZG0; HttpOnly; SameSite=None; Secure; Path=/; Domain=npmjs.org' ],
6514 silly get     'cf-ray': 'a294f5867b5c5871-ICN',
6514 silly get     'cf-cache-status': 'HIT',
6514 silly get     'access-control-allow-origin': '*',
6514 silly get     age: '50',
6514 silly get     'cache-control': 'public, max-age=300',
6514 silly get     vary: 'accept-encoding, accept',
6514 silly get     'last-modified': 'Sat, 01 Aug 2026 05:25:33 GMT',
6514 silly get     server: 'cloudflare',
6514 silly get     etag: 'W/"9a21ed9153ce280f2e2ac3fac305f78c"',
6514 silly get     'content-encoding': 'gzip' } ]
6515 verbose get saving @rollup/rollup-linux-x64-musl to /Users/hyypucs/.npm/registry.npmjs.org/_40rollup_252frollup-linux-x64-musl/.cache.json
6516 verbose correctMkdir /Users/hyypucs/.npm correctMkdir not in flight; initializing
6517 http 200 https://registry.npmjs.org/@rollup%2frollup-android-arm64
6518 verbose headers { date: 'Tue, 11 Aug 2026 05:49:47 GMT',
6518 verbose headers   'content-type': 'application/json',
6518 verbose headers   'transfer-encoding': 'chunked',
6518 verbose headers   connection: 'keep-alive',
6518 verbose headers   'set-cookie':
6518 verbose headers    [ '__cf_bm=iCLcpQT.IhZu63FP8w8Se41mtrOrELij3Pr5jmwAzFY-1786427387.9126043-1.0.1.1-2oexa6hyrch3QBanc1doYXzwQ4xvhn53et3Fu0KsddR9AIAbaAN67Q1fq18LFOGf6jsWQwat3ML5cjs4EKxy2lJWVZWO1rrzgPluiE.L1kL0EdTdqo5mtsJnA0bf49cW; HttpOnly; SameSite=None; Secure; Path=/; Domain=npmjs.org; Expires=Tue, 11 Aug 2026 06:19:47 GMT',
6518 verbose headers      '_cfuvid=NvXngFoC3ZY7mB1tj1IYbtEmxBuPD5.xqYLU4d7JYe0-1786427387.9126043-1.0.1.1-cuTcMGzgvhE6ViowAI6F5I2yI3Cam6HH93qngbBouDc; HttpOnly; SameSite=None; Secure; Path=/; Domain=npmjs.org' ],
6518 verbose headers   'cf-ray': 'a294f5867f10ea1b-ICN',
6518 verbose headers   'cf-cache-status': 'HIT',
6518 verbose headers   'access-control-allow-origin': '*',
6518 verbose headers   age: '190',
6518 verbose headers   'cache-control': 'public, max-age=300',
6518 verbose headers   vary: 'accept-encoding, accept',
6518 verbose headers   'last-modified': 'Sat, 01 Aug 2026 05:23:05 GMT',
6518 verbose headers   server: 'cloudflare',
6518 verbose headers   etag: 'W/"63570a23dea102c04d209adf854239af"',
6518 verbose headers   'content-encoding': 'gzip' }
6519 silly get cb [ 200,
6519 silly get   { date: 'Tue, 11 Aug 2026 05:49:47 GMT',
6519 silly get     'content-type': 'application/json',
6519 silly get     'transfer-encoding': 'chunked',
6519 silly get     connection: 'keep-alive',
6519 silly get     'set-cookie':
6519 silly get      [ '__cf_bm=iCLcpQT.IhZu63FP8w8Se41mtrOrELij3Pr5jmwAzFY-1786427387.9126043-1.0.1.1-2oexa6hyrch3QBanc1doYXzwQ4xvhn53et3Fu0KsddR9AIAbaAN67Q1fq18LFOGf6jsWQwat3ML5cjs4EKxy2lJWVZWO1rrzgPluiE.L1kL0EdTdqo5mtsJnA0bf49cW; HttpOnly; SameSite=None; Secure; Path=/; Domain=npmjs.org; Expires=Tue, 11 Aug 2026 06:19:47 GMT',
6519 silly get        '_cfuvid=NvXngFoC3ZY7mB1tj1IYbtEmxBuPD5.xqYLU4d7JYe0-1786427387.9126043-1.0.1.1-cuTcMGzgvhE6ViowAI6F5I2yI3Cam6HH93qngbBouDc; HttpOnly; SameSite=None; Secure; Path=/; Domain=npmjs.org' ],
6519 silly get     'cf-ray': 'a294f5867f10ea1b-ICN',
6519 silly get     'cf-cache-status': 'HIT',
6519 silly get     'access-control-allow-origin': '*',
6519 silly get     age: '190',
6519 silly get     'cache-control': 'public, max-age=300',
6519 silly get     vary: 'accept-encoding, accept',
6519 silly get     'last-modified': 'Sat, 01 Aug 2026 05:23:05 GMT',
6519 silly get     server: 'cloudflare',
6519 silly get     etag: 'W/"63570a23dea102c04d209adf854239af"',
6519 silly get     'content-encoding': 'gzip' } ]
6520 verbose get saving @rollup/rollup-android-arm64 to /Users/hyypucs/.npm/registry.npmjs.org/_40rollup_252frollup-android-arm64/.cache.json
6521 verbose correctMkdir /Users/hyypucs/.npm correctMkdir not in flight; initializing
6522 http 200 https://registry.npmjs.org/@rollup%2frollup-linux-arm64-gnu
6523 verbose headers { date: 'Tue, 11 Aug 2026 05:49:47 GMT',
6523 verbose headers   'content-type': 'application/json',
6523 verbose headers   'transfer-encoding': 'chunked',
6523 verbose headers   connection: 'keep-alive',
6523 verbose headers   'set-cookie':
6523 verbose headers    [ '__cf_bm=RS6IUqulEzYnYsZq8FTLUhcree_S7Escpuwou03LKcw-1786427387.9118006-1.0.1.1-RRnaOES5KHTK5_F1yEo9zsKSVGwEYXOAu_MkvYPijoNfNKZ_5SamvpSvrQou7jrwz4NxgJkPUpt90V2e.v7G4XBl.TYHfJbjv60gVGs7KqyaDIsmUrl8sLlx19PqHlE.; HttpOnly; SameSite=None; Secure; Path=/; Domain=npmjs.org; Expires=Tue, 11 Aug 2026 06:19:47 GMT',
6523 verbose headers      '_cfuvid=sGBO3KlTPL.vVTDcrzD1.OnhcJJRho8qVCqJJuqlUVU-1786427387.9118006-1.0.1.1-9jVVytlFnasq1AVpeHGDoWDDRVTAnLiPZIZGpwK.7qA; HttpOnly; SameSite=None; Secure; Path=/; Domain=npmjs.org' ],
6523 verbose headers   'cf-ray': 'a294f5867840eaa1-ICN',
6523 verbose headers   'cf-cache-status': 'HIT',
6523 verbose headers   'access-control-allow-origin': '*',
6523 verbose headers   age: '233',
6523 verbose headers   'cache-control': 'public, max-age=300',
6523 verbose headers   vary: 'accept-encoding, accept',
6523 verbose headers   'last-modified': 'Sat, 01 Aug 2026 05:23:18 GMT',
6523 verbose headers   server: 'cloudflare',
6523 verbose headers   etag: 'W/"0e11b586acec6e70d26772c68b61bf32"',
6523 verbose headers   'content-encoding': 'gzip' }
6524 silly get cb [ 200,
6524 silly get   { date: 'Tue, 11 Aug 2026 05:49:47 GMT',
6524 silly get     'content-type': 'application/json',
6524 silly get     'transfer-encoding': 'chunked',
6524 silly get     connection: 'keep-alive',
6524 silly get     'set-cookie':
6524 silly get      [ '__cf_bm=RS6IUqulEzYnYsZq8FTLUhcree_S7Escpuwou03LKcw-1786427387.9118006-1.0.1.1-RRnaOES5KHTK5_F1yEo9zsKSVGwEYXOAu_MkvYPijoNfNKZ_5SamvpSvrQou7jrwz4NxgJkPUpt90V2e.v7G4XBl.TYHfJbjv60gVGs7KqyaDIsmUrl8sLlx19PqHlE.; HttpOnly; SameSite=None; Secure; Path=/; Domain=npmjs.org; Expires=Tue, 11 Aug 2026 06:19:47 GMT',
6524 silly get        '_cfuvid=sGBO3KlTPL.vVTDcrzD1.OnhcJJRho8qVCqJJuqlUVU-1786427387.9118006-1.0.1.1-9jVVytlFnasq1AVpeHGDoWDDRVTAnLiPZIZGpwK.7qA; HttpOnly; SameSite=None; Secure; Path=/; Domain=npmjs.org' ],
6524 silly get     'cf-ray': 'a294f5867840eaa1-ICN',
6524 silly get     'cf-cache-status': 'HIT',
6524 silly get     'access-control-allow-origin': '*',
6524 silly get     age: '233',
6524 silly get     'cache-control': 'public, max-age=300',
6524 silly get     vary: 'accept-encoding, accept',
6524 silly get     'last-modified': 'Sat, 01 Aug 2026 05:23:18 GMT',
6524 silly get     server: 'cloudflare',
6524 silly get     etag: 'W/"0e11b586acec6e70d26772c68b61bf32"',
6524 silly get     'content-encoding': 'gzip' } ]
6525 verbose get saving @rollup/rollup-linux-arm64-gnu to /Users/hyypucs/.npm/registry.npmjs.org/_40rollup_252frollup-linux-arm64-gnu/.cache.json
6526 verbose correctMkdir /Users/hyypucs/.npm correctMkdir not in flight; initializing
6527 http 200 https://registry.npmjs.org/@rollup%2frollup-win32-arm64-msvc
6528 verbose headers { date: 'Tue, 11 Aug 2026 05:49:47 GMT',
6528 verbose headers   'content-type': 'application/json',
6528 verbose headers   'transfer-encoding': 'chunked',
6528 verbose headers   connection: 'keep-alive',
6528 verbose headers   'set-cookie':
6528 verbose headers    [ '__cf_bm=NuojelwOh_vXGyzvwnPtR6NfnPKGeZ9TQGjPWHUfR6M-1786427387.9116278-1.0.1.1-nIXx.u29sTu_w4trHsP2D5oE.8groaYnnnhI5fok8KOThoVjXoVOv11CZ08Dw0uln11tKeU7NUY1EUbh_O1QO21fCR9rsnhntAAds2qOh1R5oKXXUE5qIk_PcW3D.v7f; HttpOnly; SameSite=None; Secure; Path=/; Domain=npmjs.org; Expires=Tue, 11 Aug 2026 06:19:47 GMT',
6528 verbose headers      '_cfuvid=ZIFqjnjssxvg5VFgowEzqJU1UGTLYR.hemRaRwwrxOw-1786427387.9116278-1.0.1.1-WB0YTqXm1fvz0Iu1llqwJ04BpdrI4UPKErHnXXQo5.4; HttpOnly; SameSite=None; Secure; Path=/; Domain=npmjs.org' ],
6528 verbose headers   'cf-ray': 'a294f5867ed0d1da-ICN',
6528 verbose headers   'cf-cache-status': 'HIT',
6528 verbose headers   'access-control-allow-origin': '*',
6528 verbose headers   age: '201',
6528 verbose headers   'cache-control': 'public, max-age=300',
6528 verbose headers   vary: 'accept-encoding, accept',
6528 verbose headers   'last-modified': 'Sat, 01 Aug 2026 05:22:09 GMT',
6528 verbose headers   server: 'cloudflare',
6528 verbose headers   etag: 'W/"d827071cd2766638260fc2c7476c1359"',
6528 verbose headers   'content-encoding': 'gzip' }
6529 silly get cb [ 200,
6529 silly get   { date: 'Tue, 11 Aug 2026 05:49:47 GMT',
6529 silly get     'content-type': 'application/json',
6529 silly get     'transfer-encoding': 'chunked',
6529 silly get     connection: 'keep-alive',
6529 silly get     'set-cookie':
6529 silly get      [ '__cf_bm=NuojelwOh_vXGyzvwnPtR6NfnPKGeZ9TQGjPWHUfR6M-1786427387.9116278-1.0.1.1-nIXx.u29sTu_w4trHsP2D5oE.8groaYnnnhI5fok8KOThoVjXoVOv11CZ08Dw0uln11tKeU7NUY1EUbh_O1QO21fCR9rsnhntAAds2qOh1R5oKXXUE5qIk_PcW3D.v7f; HttpOnly; SameSite=None; Secure; Path=/; Domain=npmjs.org; Expires=Tue, 11 Aug 2026 06:19:47 GMT',
6529 silly get        '_cfuvid=ZIFqjnjssxvg5VFgowEzqJU1UGTLYR.hemRaRwwrxOw-1786427387.9116278-1.0.1.1-WB0YTqXm1fvz0Iu1llqwJ04BpdrI4UPKErHnXXQo5.4; HttpOnly; SameSite=None; Secure; Path=/; Domain=npmjs.org' ],
6529 silly get     'cf-ray': 'a294f5867ed0d1da-ICN',
6529 silly get     'cf-cache-status': 'HIT',
6529 silly get     'access-control-allow-origin': '*',
6529 silly get     age: '201',
6529 silly get     'cache-control': 'public, max-age=300',
6529 silly get     vary: 'accept-encoding, accept',
6529 silly get     'last-modified': 'Sat, 01 Aug 2026 05:22:09 GMT',
6529 silly get     server: 'cloudflare',
6529 silly get     etag: 'W/"d827071cd2766638260fc2c7476c1359"',
6529 silly get     'content-encoding': 'gzip' } ]
6530 verbose get saving @rollup/rollup-win32-arm64-msvc to /Users/hyypucs/.npm/registry.npmjs.org/_40rollup_252frollup-win32-arm64-msvc/.cache.json
6531 verbose correctMkdir /Users/hyypucs/.npm correctMkdir not in flight; initializing
6532 http 200 https://registry.npmjs.org/@rollup%2frollup-darwin-x64
6533 verbose headers { date: 'Tue, 11 Aug 2026 05:49:47 GMT',
6533 verbose headers   'content-type': 'application/json',
6533 verbose headers   'transfer-encoding': 'chunked',
6533 verbose headers   connection: 'keep-alive',
6533 verbose headers   'set-cookie':
6533 verbose headers    [ '__cf_bm=aJTVfsFTSK_6fPshDVKmcWU1E4eCUSXm_fVXutIClHk-1786427387.912069-1.0.1.1-yJONf1a1WiJW5SjHZme3em.7qaLxA69RMZxpNPIDIyAjs7Qx6Ybx2BZ4jeA8zl2t4USQOgrP8hCrGI_m61ThDfInwIJOScsb3bgf58RyjB.Yi3vCO5SojgCbhyk4Y4Lp; HttpOnly; SameSite=None; Secure; Path=/; Domain=npmjs.org; Expires=Tue, 11 Aug 2026 06:19:47 GMT',
6533 verbose headers      '_cfuvid=uKvRGKx4xVBv5TkkikRV3cVgrm6rc5qzLCiKs.WMfuI-1786427387.912069-1.0.1.1-pd6mTFzBULDUSusArrxVf_xotCC29zVu1gWHU3mWBrw; HttpOnly; SameSite=None; Secure; Path=/; Domain=npmjs.org' ],
6533 verbose headers   'cf-ray': 'a294f5867ca638d5-ICN',
6533 verbose headers   'cf-cache-status': 'HIT',
6533 verbose headers   'access-control-allow-origin': '*',
6533 verbose headers   age: '139',
6533 verbose headers   'cache-control': 'public, max-age=300',
6533 verbose headers   vary: 'accept-encoding, accept',
6533 verbose headers   'last-modified': 'Sat, 01 Aug 2026 05:27:14 GMT',
6533 verbose headers   server: 'cloudflare',
6533 verbose headers   etag: 'W/"b5a2bb47d440618e2ce1fcf1b8d1e789"',
6533 verbose headers   'content-encoding': 'gzip' }
6534 silly get cb [ 200,
6534 silly get   { date: 'Tue, 11 Aug 2026 05:49:47 GMT',
6534 silly get     'content-type': 'application/json',
6534 silly get     'transfer-encoding': 'chunked',
6534 silly get     connection: 'keep-alive',
6534 silly get     'set-cookie':
6534 silly get      [ '__cf_bm=aJTVfsFTSK_6fPshDVKmcWU1E4eCUSXm_fVXutIClHk-1786427387.912069-1.0.1.1-yJONf1a1WiJW5SjHZme3em.7qaLxA69RMZxpNPIDIyAjs7Qx6Ybx2BZ4jeA8zl2t4USQOgrP8hCrGI_m61ThDfInwIJOScsb3bgf58RyjB.Yi3vCO5SojgCbhyk4Y4Lp; HttpOnly; SameSite=None; Secure; Path=/; Domain=npmjs.org; Expires=Tue, 11 Aug 2026 06:19:47 GMT',
6534 silly get        '_cfuvid=uKvRGKx4xVBv5TkkikRV3cVgrm6rc5qzLCiKs.WMfuI-1786427387.912069-1.0.1.1-pd6mTFzBULDUSusArrxVf_xotCC29zVu1gWHU3mWBrw; HttpOnly; SameSite=None; Secure; Path=/; Domain=npmjs.org' ],
6534 silly get     'cf-ray': 'a294f5867ca638d5-ICN',
6534 silly get     'cf-cache-status': 'HIT',
6534 silly get     'access-control-allow-origin': '*',
6534 silly get     age: '139',
6534 silly get     'cache-control': 'public, max-age=300',
6534 silly get     vary: 'accept-encoding, accept',
6534 silly get     'last-modified': 'Sat, 01 Aug 2026 05:27:14 GMT',
6534 silly get     server: 'cloudflare',
6534 silly get     etag: 'W/"b5a2bb47d440618e2ce1fcf1b8d1e789"',
6534 silly get     'content-encoding': 'gzip' } ]
6535 verbose get saving @rollup/rollup-darwin-x64 to /Users/hyypucs/.npm/registry.npmjs.org/_40rollup_252frollup-darwin-x64/.cache.json
6536 verbose correctMkdir /Users/hyypucs/.npm correctMkdir not in flight; initializing
6537 http 200 https://registry.npmjs.org/@rollup%2frollup-win32-ia32-msvc
6538 verbose headers { date: 'Tue, 11 Aug 2026 05:49:47 GMT',
6538 verbose headers   'content-type': 'application/json',
6538 verbose headers   'transfer-encoding': 'chunked',
6538 verbose headers   connection: 'keep-alive',
6538 verbose headers   'set-cookie':
6538 verbose headers    [ '__cf_bm=fbmLXoJdypA7OR1LDxhnqfSPbBGHFZxXig3Sky5R2bQ-1786427387.9124713-1.0.1.1-afTvdXaB7B1.5z6aCzQ.q7smFdS6NgfzlopNWtNutaNdhad7JgVhvxRZ2k6v233RFlRtt4RGk0LYRpo921.q1k5SYZwTgurxuFxsK2tOMF_Xl88vlrmcd0sXx3p3xv.j; HttpOnly; SameSite=None; Secure; Path=/; Domain=npmjs.org; Expires=Tue, 11 Aug 2026 06:19:47 GMT',
6538 verbose headers      '_cfuvid=vZO2dbONaKJr2hzSJkV2EOyiE.rvN0z2LR.D_E_EIe4-1786427387.9124713-1.0.1.1-hzdI7EgeO88ZoLf6E9C0HpxKTYeFmHhjIzWXKUodi_k; HttpOnly; SameSite=None; Secure; Path=/; Domain=npmjs.org' ],
6538 verbose headers   'cf-ray': 'a294f5867ddb75c9-ICN',
6538 verbose headers   'cf-cache-status': 'HIT',
6538 verbose headers   'access-control-allow-origin': '*',
6538 verbose headers   age: '139',
6538 verbose headers   'cache-control': 'public, max-age=300',
6538 verbose headers   vary: 'accept-encoding, accept',
6538 verbose headers   'last-modified': 'Sat, 01 Aug 2026 05:22:37 GMT',
6538 verbose headers   server: 'cloudflare',
6538 verbose headers   etag: 'W/"5d4dd095f40bdcbcf0e66f7392cae428"',
6538 verbose headers   'content-encoding': 'gzip' }
6539 silly get cb [ 200,
6539 silly get   { date: 'Tue, 11 Aug 2026 05:49:47 GMT',
6539 silly get     'content-type': 'application/json',
6539 silly get     'transfer-encoding': 'chunked',
6539 silly get     connection: 'keep-alive',
6539 silly get     'set-cookie':
6539 silly get      [ '__cf_bm=fbmLXoJdypA7OR1LDxhnqfSPbBGHFZxXig3Sky5R2bQ-1786427387.9124713-1.0.1.1-afTvdXaB7B1.5z6aCzQ.q7smFdS6NgfzlopNWtNutaNdhad7JgVhvxRZ2k6v233RFlRtt4RGk0LYRpo921.q1k5SYZwTgurxuFxsK2tOMF_Xl88vlrmcd0sXx3p3xv.j; HttpOnly; SameSite=None; Secure; Path=/; Domain=npmjs.org; Expires=Tue, 11 Aug 2026 06:19:47 GMT',
6539 silly get        '_cfuvid=vZO2dbONaKJr2hzSJkV2EOyiE.rvN0z2LR.D_E_EIe4-1786427387.9124713-1.0.1.1-hzdI7EgeO88ZoLf6E9C0HpxKTYeFmHhjIzWXKUodi_k; HttpOnly; SameSite=None; Secure; Path=/; Domain=npmjs.org' ],
6539 silly get     'cf-ray': 'a294f5867ddb75c9-ICN',
6539 silly get     'cf-cache-status': 'HIT',
6539 silly get     'access-control-allow-origin': '*',
6539 silly get     age: '139',
6539 silly get     'cache-control': 'public, max-age=300',
6539 silly get     vary: 'accept-encoding, accept',
6539 silly get     'last-modified': 'Sat, 01 Aug 2026 05:22:37 GMT',
6539 silly get     server: 'cloudflare',
6539 silly get     etag: 'W/"5d4dd095f40bdcbcf0e66f7392cae428"',
6539 silly get     'content-encoding': 'gzip' } ]
6540 verbose get saving @rollup/rollup-win32-ia32-msvc to /Users/hyypucs/.npm/registry.npmjs.org/_40rollup_252frollup-win32-ia32-msvc/.cache.json
6541 verbose correctMkdir /Users/hyypucs/.npm correctMkdir not in flight; initializing
6542 http 200 https://registry.npmjs.org/@rollup%2frollup-linux-x64-gnu
6543 verbose headers { date: 'Tue, 11 Aug 2026 05:49:47 GMT',
6543 verbose headers   'content-type': 'application/json',
6543 verbose headers   'transfer-encoding': 'chunked',
6543 verbose headers   connection: 'keep-alive',
6543 verbose headers   'set-cookie':
6543 verbose headers    [ '__cf_bm=q_1Pxg.7e1yR1k_tqLHR_FQ0hIr75C6cgTILJ13zrEw-1786427387.9123585-1.0.1.1-_X2GgjYirzjNm9_WH0pkj3NEjN3ucWWFLK8Kwa5o5aUW3mLI4A67V9FjIYUXtshTWEvAJaM6W.7JEk7ybKrf8U5hS7vzkvynTJfNFkqTaX_aU.JmzyyEmRgPeCF8ngUb; HttpOnly; SameSite=None; Secure; Path=/; Domain=npmjs.org; Expires=Tue, 11 Aug 2026 06:19:47 GMT',
6543 verbose headers      '_cfuvid=9nN699VSHKukjN9Whz_ZgWVPoDk7rbGPVpXGLyyuQfI-1786427387.9123585-1.0.1.1-4MFusV7igX5Ps0PW5nTcpq3FaRyzlbc.Npe4MJKTAmo; HttpOnly; SameSite=None; Secure; Path=/; Domain=npmjs.org' ],
6543 verbose headers   'cf-ray': 'a294f5867c82ea10-ICN',
6543 verbose headers   'cf-cache-status': 'HIT',
6543 verbose headers   'access-control-allow-origin': '*',
6543 verbose headers   age: '190',
6543 verbose headers   'cache-control': 'public, max-age=300',
6543 verbose headers   vary: 'accept-encoding, accept',
6543 verbose headers   'last-modified': 'Sat, 01 Aug 2026 05:27:29 GMT',
6543 verbose headers   server: 'cloudflare',
6543 verbose headers   etag: 'W/"fa3181a742dd2685e01e6f2c4a5a13aa"',
6543 verbose headers   'content-encoding': 'gzip' }
6544 silly get cb [ 200,
6544 silly get   { date: 'Tue, 11 Aug 2026 05:49:47 GMT',
6544 silly get     'content-type': 'application/json',
6544 silly get     'transfer-encoding': 'chunked',
6544 silly get     connection: 'keep-alive',
6544 silly get     'set-cookie':
6544 silly get      [ '__cf_bm=q_1Pxg.7e1yR1k_tqLHR_FQ0hIr75C6cgTILJ13zrEw-1786427387.9123585-1.0.1.1-_X2GgjYirzjNm9_WH0pkj3NEjN3ucWWFLK8Kwa5o5aUW3mLI4A67V9FjIYUXtshTWEvAJaM6W.7JEk7ybKrf8U5hS7vzkvynTJfNFkqTaX_aU.JmzyyEmRgPeCF8ngUb; HttpOnly; SameSite=None; Secure; Path=/; Domain=npmjs.org; Expires=Tue, 11 Aug 2026 06:19:47 GMT',
6544 silly get        '_cfuvid=9nN699VSHKukjN9Whz_ZgWVPoDk7rbGPVpXGLyyuQfI-1786427387.9123585-1.0.1.1-4MFusV7igX5Ps0PW5nTcpq3FaRyzlbc.Npe4MJKTAmo; HttpOnly; SameSite=None; Secure; Path=/; Domain=npmjs.org' ],
6544 silly get     'cf-ray': 'a294f5867c82ea10-ICN',
6544 silly get     'cf-cache-status': 'HIT',
6544 silly get     'access-control-allow-origin': '*',
6544 silly get     age: '190',
6544 silly get     'cache-control': 'public, max-age=300',
6544 silly get     vary: 'accept-encoding, accept',
6544 silly get     'last-modified': 'Sat, 01 Aug 2026 05:27:29 GMT',
6544 silly get     server: 'cloudflare',
6544 silly get     etag: 'W/"fa3181a742dd2685e01e6f2c4a5a13aa"',
6544 silly get     'content-encoding': 'gzip' } ]
6545 verbose get saving @rollup/rollup-linux-x64-gnu to /Users/hyypucs/.npm/registry.npmjs.org/_40rollup_252frollup-linux-x64-gnu/.cache.json
6546 verbose correctMkdir /Users/hyypucs/.npm correctMkdir not in flight; initializing
6547 http 200 https://registry.npmjs.org/@rollup%2frollup-android-arm-eabi
6548 verbose headers { date: 'Tue, 11 Aug 2026 05:49:47 GMT',
6548 verbose headers   'content-type': 'application/json',
6548 verbose headers   'transfer-encoding': 'chunked',
6548 verbose headers   connection: 'keep-alive',
6548 verbose headers   'set-cookie':
6548 verbose headers    [ '__cf_bm=MFsDpmHofcGvAwiOuGKsdBU1gN5jH2VPgyZctXaFdQg-1786427387.9122052-1.0.1.1-g6v29Da8WipftYjDtwXw23_XsXlb2CHHLIivjGQwp9.kWh33RsnJ8E_kJzrm6cOzAO8s_D4XgFIPNoqyYYH3.huo7Ih124y4vYW7xnYihla2lr_dyBp_7n5aus0MNBYa; HttpOnly; SameSite=None; Secure; Path=/; Domain=npmjs.org; Expires=Tue, 11 Aug 2026 06:19:47 GMT',
6548 verbose headers      '_cfuvid=UVXXECscVe69p3gBYz9jUp0VLhPX2bkvRKHQ64fqEs8-1786427387.9122052-1.0.1.1-NbKPDC4wMa7x9iDTxsDXXPgwROctuVuqCyVp0x_baCA; HttpOnly; SameSite=None; Secure; Path=/; Domain=npmjs.org' ],
6548 verbose headers   'cf-ray': 'a294f5867a38d2f8-ICN',
6548 verbose headers   'cf-cache-status': 'HIT',
6548 verbose headers   'access-control-allow-origin': '*',
6548 verbose headers   age: '200',
6548 verbose headers   'cache-control': 'public, max-age=300',
6548 verbose headers   vary: 'accept-encoding, accept',
6548 verbose headers   'last-modified': 'Sat, 01 Aug 2026 05:22:25 GMT',
6548 verbose headers   server: 'cloudflare',
6548 verbose headers   etag: 'W/"b836df5722ce52095d5826fed085a3d5"',
6548 verbose headers   'content-encoding': 'gzip' }
6549 silly get cb [ 200,
6549 silly get   { date: 'Tue, 11 Aug 2026 05:49:47 GMT',
6549 silly get     'content-type': 'application/json',
6549 silly get     'transfer-encoding': 'chunked',
6549 silly get     connection: 'keep-alive',
6549 silly get     'set-cookie':
6549 silly get      [ '__cf_bm=MFsDpmHofcGvAwiOuGKsdBU1gN5jH2VPgyZctXaFdQg-1786427387.9122052-1.0.1.1-g6v29Da8WipftYjDtwXw23_XsXlb2CHHLIivjGQwp9.kWh33RsnJ8E_kJzrm6cOzAO8s_D4XgFIPNoqyYYH3.huo7Ih124y4vYW7xnYihla2lr_dyBp_7n5aus0MNBYa; HttpOnly; SameSite=None; Secure; Path=/; Domain=npmjs.org; Expires=Tue, 11 Aug 2026 06:19:47 GMT',
6549 silly get        '_cfuvid=UVXXECscVe69p3gBYz9jUp0VLhPX2bkvRKHQ64fqEs8-1786427387.9122052-1.0.1.1-NbKPDC4wMa7x9iDTxsDXXPgwROctuVuqCyVp0x_baCA; HttpOnly; SameSite=None; Secure; Path=/; Domain=npmjs.org' ],
6549 silly get     'cf-ray': 'a294f5867a38d2f8-ICN',
6549 silly get     'cf-cache-status': 'HIT',
6549 silly get     'access-control-allow-origin': '*',
6549 silly get     age: '200',
6549 silly get     'cache-control': 'public, max-age=300',
6549 silly get     vary: 'accept-encoding, accept',
6549 silly get     'last-modified': 'Sat, 01 Aug 2026 05:22:25 GMT',
6549 silly get     server: 'cloudflare',
6549 silly get     etag: 'W/"b836df5722ce52095d5826fed085a3d5"',
6549 silly get     'content-encoding': 'gzip' } ]
6550 verbose get saving @rollup/rollup-android-arm-eabi to /Users/hyypucs/.npm/registry.npmjs.org/_40rollup_252frollup-android-arm-eabi/.cache.json
6551 verbose correctMkdir /Users/hyypucs/.npm correctMkdir not in flight; initializing
6552 http 200 https://registry.npmjs.org/@rollup%2frollup-linux-arm-gnueabihf
6553 verbose headers { date: 'Tue, 11 Aug 2026 05:49:47 GMT',
6553 verbose headers   'content-type': 'application/json',
6553 verbose headers   'transfer-encoding': 'chunked',
6553 verbose headers   connection: 'keep-alive',
6553 verbose headers   'set-cookie':
6553 verbose headers    [ '__cf_bm=GLQVdrib_cZPuAg0VESBaOoCi56B_MRpB5NAr.JTSXE-1786427387.92321-1.0.1.1-ur6L68Y8TDWRZJwloxYTu5Kaegh9L4wAb.aFYth7KFaGxqnb5DZQAG2kw97n2qLCjHXnf2hieRqiu7S__hxebIfY6526Koju5904XqObIOV1EJVFZXwiEbqZHu0S47bM; HttpOnly; SameSite=None; Secure; Path=/; Domain=npmjs.org; Expires=Tue, 11 Aug 2026 06:19:47 GMT',
6553 verbose headers      '_cfuvid=0IUG8Hyd2f9Zxed7ScATkxg0FLw1g8Ac_MkKpEVUq60-1786427387.92321-1.0.1.1-ENuqk9aUwFlYYTCS0qFPYWPQ4EtFw4oquD2t6F5dU7E; HttpOnly; SameSite=None; Secure; Path=/; Domain=npmjs.org' ],
6553 verbose headers   'cf-ray': 'a294f5868d79d1ed-ICN',
6553 verbose headers   'cf-cache-status': 'HIT',
6553 verbose headers   'access-control-allow-origin': '*',
6553 verbose headers   age: '202',
6553 verbose headers   'cache-control': 'public, max-age=300',
6553 verbose headers   vary: 'accept-encoding, accept',
6553 verbose headers   'last-modified': 'Sat, 01 Aug 2026 05:24:31 GMT',
6553 verbose headers   server: 'cloudflare',
6553 verbose headers   etag: 'W/"e11d4790bacbbab698e6fda5f1b68e3a"',
6553 verbose headers   'content-encoding': 'gzip' }
6554 silly get cb [ 200,
6554 silly get   { date: 'Tue, 11 Aug 2026 05:49:47 GMT',
6554 silly get     'content-type': 'application/json',
6554 silly get     'transfer-encoding': 'chunked',
6554 silly get     connection: 'keep-alive',
6554 silly get     'set-cookie':
6554 silly get      [ '__cf_bm=GLQVdrib_cZPuAg0VESBaOoCi56B_MRpB5NAr.JTSXE-1786427387.92321-1.0.1.1-ur6L68Y8TDWRZJwloxYTu5Kaegh9L4wAb.aFYth7KFaGxqnb5DZQAG2kw97n2qLCjHXnf2hieRqiu7S__hxebIfY6526Koju5904XqObIOV1EJVFZXwiEbqZHu0S47bM; HttpOnly; SameSite=None; Secure; Path=/; Domain=npmjs.org; Expires=Tue, 11 Aug 2026 06:19:47 GMT',
6554 silly get        '_cfuvid=0IUG8Hyd2f9Zxed7ScATkxg0FLw1g8Ac_MkKpEVUq60-1786427387.92321-1.0.1.1-ENuqk9aUwFlYYTCS0qFPYWPQ4EtFw4oquD2t6F5dU7E; HttpOnly; SameSite=None; Secure; Path=/; Domain=npmjs.org' ],
6554 silly get     'cf-ray': 'a294f5868d79d1ed-ICN',
6554 silly get     'cf-cache-status': 'HIT',
6554 silly get     'access-control-allow-origin': '*',
6554 silly get     age: '202',
6554 silly get     'cache-control': 'public, max-age=300',
6554 silly get     vary: 'accept-encoding, accept',
6554 silly get     'last-modified': 'Sat, 01 Aug 2026 05:24:31 GMT',
6554 silly get     server: 'cloudflare',
6554 silly get     etag: 'W/"e11d4790bacbbab698e6fda5f1b68e3a"',
6554 silly get     'content-encoding': 'gzip' } ]
6555 verbose get saving @rollup/rollup-linux-arm-gnueabihf to /Users/hyypucs/.npm/registry.npmjs.org/_40rollup_252frollup-linux-arm-gnueabihf/.cache.json
6556 verbose correctMkdir /Users/hyypucs/.npm correctMkdir not in flight; initializing
6557 silly resolveWithNewModule @rollup/rollup-freebsd-arm64@4.62.4 checking installable status
6558 silly resolveWithNewModule @rollup/rollup-freebsd-x64@4.62.4 checking installable status
6559 silly resolveWithNewModule @rollup/rollup-linux-s390x-gnu@4.62.4 checking installable status
6560 silly resolveWithNewModule @types/estree@1.0.9 checking installable status
6561 silly cache add args [ '@types/estree@1.0.9', null ]
6562 verbose cache add spec @types/estree@1.0.9
6563 silly cache add parsed spec Result {
6563 silly cache add   raw: '@types/estree@1.0.9',
6563 silly cache add   scope: '@types',
6563 silly cache add   escapedName: '@types%2festree',
6563 silly cache add   name: '@types/estree',
6563 silly cache add   rawSpec: '1.0.9',
6563 silly cache add   spec: '1.0.9',
6563 silly cache add   type: 'version' }
6564 silly addNamed @types/estree@1.0.9
6565 verbose addNamed "1.0.9" is a plain semver version for @types/estree
6566 silly mapToRegistry name @types/estree
6567 silly mapToRegistry scope (from package name) @types
6568 verbose mapToRegistry no registry URL found in name for scope @types
6569 silly mapToRegistry using default registry
6570 silly mapToRegistry registry https://registry.npmjs.org/
6571 silly mapToRegistry data Result {
6571 silly mapToRegistry   raw: '@types/estree',
6571 silly mapToRegistry   scope: '@types',
6571 silly mapToRegistry   escapedName: '@types%2festree',
6571 silly mapToRegistry   name: '@types/estree',
6571 silly mapToRegistry   rawSpec: '',
6571 silly mapToRegistry   spec: 'latest',
6571 silly mapToRegistry   type: 'tag' }
6572 silly mapToRegistry uri https://registry.npmjs.org/@types%2festree
6573 verbose addNameVersion registry:https://registry.npmjs.org/@types%2festree not in flight; fetching
6574 silly resolveWithNewModule @rollup/rollup-linux-arm-musleabihf@4.62.4 checking installable status
6575 verbose get https://registry.npmjs.org/@types%2festree not expired, no request
6576 silly resolveWithNewModule @rollup/rollup-linux-riscv64-gnu@4.62.4 checking installable status
6577 silly resolveWithNewModule @rollup/rollup-win32-x64-msvc@4.62.4 checking installable status
6578 silly mapToRegistry name @types/estree
6579 silly mapToRegistry scope (from package name) @types
6580 verbose mapToRegistry no registry URL found in name for scope @types
6581 silly mapToRegistry using default registry
6582 silly mapToRegistry registry https://registry.npmjs.org/
6583 silly mapToRegistry data Result {
6583 silly mapToRegistry   raw: '@types/estree',
6583 silly mapToRegistry   scope: '@types',
6583 silly mapToRegistry   escapedName: '@types%2festree',
6583 silly mapToRegistry   name: '@types/estree',
6583 silly mapToRegistry   rawSpec: '',
6583 silly mapToRegistry   spec: 'latest',
6583 silly mapToRegistry   type: 'tag' }
6584 silly mapToRegistry uri https://registry.npmjs.org/@types%2festree
6585 verbose addRemoteTarball https://registry.npmjs.org/@types/estree/-/estree-1.0.9.tgz not in flight; adding
6586 verbose addRemoteTarball [ 'https://registry.npmjs.org/@types/estree/-/estree-1.0.9.tgz',
6586 verbose addRemoteTarball   'cf3f0e876d7bee15a93ab925b82bf570a3904a24' ]
6587 silly resolveWithNewModule @rollup/rollup-linux-arm64-musl@4.62.4 checking installable status
6588 silly resolveWithNewModule @rollup/rollup-darwin-arm64@4.62.4 checking installable status
6589 silly resolveWithNewModule @rollup/rollup-android-arm64@4.62.4 checking installable status
6590 silly resolveWithNewModule @rollup/rollup-linux-x64-musl@4.62.4 checking installable status
6591 silly resolveWithNewModule @rollup/rollup-darwin-x64@4.62.4 checking installable status
6592 silly cache add args [ '@rollup/rollup-darwin-x64@4.62.4', null ]
6593 verbose cache add spec @rollup/rollup-darwin-x64@4.62.4
6594 silly cache add parsed spec Result {
6594 silly cache add   raw: '@rollup/rollup-darwin-x64@4.62.4',
6594 silly cache add   scope: '@rollup',
6594 silly cache add   escapedName: '@rollup%2frollup-darwin-x64',
6594 silly cache add   name: '@rollup/rollup-darwin-x64',
6594 silly cache add   rawSpec: '4.62.4',
6594 silly cache add   spec: '4.62.4',
6594 silly cache add   type: 'version' }
6595 silly addNamed @rollup/rollup-darwin-x64@4.62.4
6596 verbose addNamed "4.62.4" is a plain semver version for @rollup/rollup-darwin-x64
6597 silly mapToRegistry name @rollup/rollup-darwin-x64
6598 silly mapToRegistry scope (from package name) @rollup
6599 verbose mapToRegistry no registry URL found in name for scope @rollup
6600 silly mapToRegistry using default registry
6601 silly mapToRegistry registry https://registry.npmjs.org/
6602 silly mapToRegistry data Result {
6602 silly mapToRegistry   raw: '@rollup/rollup-darwin-x64',
6602 silly mapToRegistry   scope: '@rollup',
6602 silly mapToRegistry   escapedName: '@rollup%2frollup-darwin-x64',
6602 silly mapToRegistry   name: '@rollup/rollup-darwin-x64',
6602 silly mapToRegistry   rawSpec: '',
6602 silly mapToRegistry   spec: 'latest',
6602 silly mapToRegistry   type: 'tag' }
6603 silly mapToRegistry uri https://registry.npmjs.org/@rollup%2frollup-darwin-x64
6604 verbose addNameVersion registry:https://registry.npmjs.org/@rollup%2frollup-darwin-x64 not in flight; fetching
6605 silly resolveWithNewModule @rollup/rollup-win32-arm64-msvc@4.62.4 checking installable status
6606 silly resolveWithNewModule @rollup/rollup-linux-arm64-gnu@4.62.4 checking installable status
6607 silly resolveWithNewModule @rollup/rollup-win32-ia32-msvc@4.62.4 checking installable status
6608 silly resolveWithNewModule @rollup/rollup-linux-x64-gnu@4.62.4 checking installable status
6609 silly resolveWithNewModule @rollup/rollup-android-arm-eabi@4.62.4 checking installable status
6610 info retry fetch attempt 1 at 2:49:49 PM
6611 info attempt registry request try #1 at 2:49:49 PM
6612 http fetch GET https://registry.npmjs.org/@types/estree/-/estree-1.0.9.tgz
6613 silly resolveWithNewModule @rollup/rollup-linux-arm-gnueabihf@4.62.4 checking installable status
6614 http fetch 200 https://registry.npmjs.org/@types/estree/-/estree-1.0.9.tgz
6615 verbose get https://registry.npmjs.org/@rollup%2frollup-darwin-x64 not expired, no request
6616 silly mapToRegistry name @rollup/rollup-darwin-x64
6617 silly mapToRegistry scope (from package name) @rollup
6618 verbose mapToRegistry no registry URL found in name for scope @rollup
6619 silly mapToRegistry using default registry
6620 silly mapToRegistry registry https://registry.npmjs.org/
6621 silly mapToRegistry data Result {
6621 silly mapToRegistry   raw: '@rollup/rollup-darwin-x64',
6621 silly mapToRegistry   scope: '@rollup',
6621 silly mapToRegistry   escapedName: '@rollup%2frollup-darwin-x64',
6621 silly mapToRegistry   name: '@rollup/rollup-darwin-x64',
6621 silly mapToRegistry   rawSpec: '',
6621 silly mapToRegistry   spec: 'latest',
6621 silly mapToRegistry   type: 'tag' }
6622 silly mapToRegistry uri https://registry.npmjs.org/@rollup%2frollup-darwin-x64
6623 verbose addRemoteTarball https://registry.npmjs.org/@rollup/rollup-darwin-x64/-/rollup-darwin-x64-4.62.4.tgz not in flight; adding
6624 verbose addRemoteTarball [ 'https://registry.npmjs.org/@rollup/rollup-darwin-x64/-/rollup-darwin-x64-4.62.4.tgz',
6624 verbose addRemoteTarball   'eff983a29db7d8ea7f733f1ce430fc64e159a5e6' ]
6625 silly fetchAndShaCheck shasum cf3f0e876d7bee15a93ab925b82bf570a3904a24
6626 verbose addTmpTarball /var/folders/b0/dvmh502d60d_5pnbb140ht_c0000gn/T/npm-5666-61c1bef1/registry.npmjs.org/_40types/estree/-/estree-1.0.9.tgz not in flight; adding
6627 verbose addTmpTarball already have metadata; skipping unpack for @types/estree@1.0.9
6628 verbose correctMkdir /Users/hyypucs/.npm correctMkdir not in flight; initializing
6629 info retry fetch attempt 1 at 2:49:49 PM
6630 info attempt registry request try #1 at 2:49:49 PM
6631 http fetch GET https://registry.npmjs.org/@rollup/rollup-darwin-x64/-/rollup-darwin-x64-4.62.4.tgz
6632 silly cache afterAdd @types/estree@1.0.9
6633 verbose afterAdd /Users/hyypucs/.npm/@types/estree/1.0.9/package/package.json not in flight; writing
6634 verbose correctMkdir /Users/hyypucs/.npm correctMkdir not in flight; initializing
6635 verbose afterAdd /Users/hyypucs/.npm/@types/estree/1.0.9/package/package.json written
6636 http fetch 200 https://registry.npmjs.org/@rollup/rollup-darwin-x64/-/rollup-darwin-x64-4.62.4.tgz
6637 silly fetchAndShaCheck shasum eff983a29db7d8ea7f733f1ce430fc64e159a5e6
6638 verbose addTmpTarball /var/folders/b0/dvmh502d60d_5pnbb140ht_c0000gn/T/npm-5666-61c1bef1/registry.npmjs.org/_40rollup/rollup-darwin-x64/-/rollup-darwin-x64-4.62.4.tgz not in flight; adding
6639 verbose addTmpTarball already have metadata; skipping unpack for @rollup/rollup-darwin-x64@4.62.4
6640 verbose correctMkdir /Users/hyypucs/.npm correctMkdir not in flight; initializing
6641 silly cache afterAdd @rollup/rollup-darwin-x64@4.62.4
6642 verbose afterAdd /Users/hyypucs/.npm/@rollup/rollup-darwin-x64/4.62.4/package/package.json not in flight; writing
6643 verbose correctMkdir /Users/hyypucs/.npm correctMkdir not in flight; initializing
6644 verbose afterAdd /Users/hyypucs/.npm/@rollup/rollup-darwin-x64/4.62.4/package/package.json written
6645 silly loadAllDepsIntoIdealTree Finishing
6646 silly loadIdealTree Finishing
6647 silly currentTree ai-packet-anomaly-frontend@1.0.0
6648 silly idealTree ai-packet-anomaly-frontend@1.0.0
6648 silly idealTree ├── @babel/code-frame@7.29.7
6648 silly idealTree ├── @babel/compat-data@7.29.7
6648 silly idealTree ├── @babel/core@7.29.7
6648 silly idealTree ├── @babel/generator@7.29.8
6648 silly idealTree ├── @babel/helper-compilation-targets@7.29.7
6648 silly idealTree ├── @babel/helper-globals@7.29.7
6648 silly idealTree ├── @babel/helper-module-imports@7.29.7
6648 silly idealTree ├── @babel/helper-module-transforms@7.29.7
6648 silly idealTree ├── @babel/helper-plugin-utils@7.29.7
6648 silly idealTree ├── @babel/helper-string-parser@7.29.7
6648 silly idealTree ├── @babel/helper-validator-identifier@7.29.7
6648 silly idealTree ├── @babel/helper-validator-option@7.29.7
6648 silly idealTree ├── @babel/helpers@7.29.7
6648 silly idealTree ├── @babel/parser@7.29.8
6648 silly idealTree ├── @babel/plugin-transform-react-jsx-self@7.29.7
6648 silly idealTree ├── @babel/plugin-transform-react-jsx-source@7.29.7
6648 silly idealTree ├── @babel/runtime@7.29.7
6648 silly idealTree ├── @babel/template@7.29.7
6648 silly idealTree ├── @babel/traverse@7.29.8
6648 silly idealTree ├── @babel/types@7.29.8
6648 silly idealTree ├── @esbuild/darwin-x64@0.21.5
6648 silly idealTree ├── @jridgewell/gen-mapping@0.3.13
6648 silly idealTree ├── @jridgewell/remapping@2.3.5
6648 silly idealTree ├── @jridgewell/resolve-uri@3.1.2
6648 silly idealTree ├── @jridgewell/sourcemap-codec@1.5.5
6648 silly idealTree ├── @jridgewell/trace-mapping@0.3.31
6648 silly idealTree ├── @rolldown/pluginutils@1.0.0-beta.27
6648 silly idealTree ├── @rollup/rollup-darwin-x64@4.62.4
6648 silly idealTree ├── @types/babel__core@7.20.5
6648 silly idealTree ├── @types/babel__generator@7.27.0
6648 silly idealTree ├── @types/babel__template@7.4.4
6648 silly idealTree ├── @types/babel__traverse@7.28.0
6648 silly idealTree ├── @types/d3-array@3.2.2
6648 silly idealTree ├── @types/d3-color@3.1.3
6648 silly idealTree ├── @types/d3-ease@3.0.2
6648 silly idealTree ├── @types/d3-interpolate@3.0.4
6648 silly idealTree ├── @types/d3-path@3.1.1
6648 silly idealTree ├── @types/d3-scale@4.0.9
6648 silly idealTree ├── @types/d3-shape@3.1.8
6648 silly idealTree ├── @types/d3-time@3.0.4
6648 silly idealTree ├── @types/d3-timer@3.0.2
6648 silly idealTree ├── @types/estree@1.0.9
6648 silly idealTree ├── @types/prop-types@15.7.15
6648 silly idealTree ├── @types/react-dom@18.3.7
6648 silly idealTree ├── @types/react@18.3.31
6648 silly idealTree ├── @vitejs/plugin-react@4.7.0
6648 silly idealTree ├── baseline-browser-mapping@2.11.13
6648 silly idealTree ├── browserslist@4.28.8
6648 silly idealTree ├── caniuse-lite@1.0.30001809
6648 silly idealTree ├── clsx@2.1.1
6648 silly idealTree ├── convert-source-map@2.0.0
6648 silly idealTree ├── csstype@3.2.3
6648 silly idealTree ├── d3-array@3.2.4
6648 silly idealTree ├── d3-color@3.1.0
6648 silly idealTree ├── d3-ease@3.0.1
6648 silly idealTree ├── d3-format@3.1.2
6648 silly idealTree ├── d3-interpolate@3.0.1
6648 silly idealTree ├── d3-path@3.1.0
6648 silly idealTree ├── d3-scale@4.0.2
6648 silly idealTree ├── d3-shape@3.2.0
6648 silly idealTree ├── d3-time-format@4.1.0
6648 silly idealTree ├── d3-time@3.1.0
6648 silly idealTree ├── d3-timer@3.0.1
6648 silly idealTree ├── debug@4.4.3
6648 silly idealTree ├── decimal.js-light@2.5.1
6648 silly idealTree ├── dom-helpers@5.2.1
6648 silly idealTree ├── electron-to-chromium@1.5.404
6648 silly idealTree ├── esbuild@0.21.5
6648 silly idealTree ├── escalade@3.2.0
6648 silly idealTree ├── eventemitter3@4.0.7
6648 silly idealTree ├── fast-equals@5.4.1
6648 silly idealTree ├── fsevents@2.3.3
6648 silly idealTree ├── gensync@1.0.0-beta.2
6648 silly idealTree ├── internmap@2.0.3
6648 silly idealTree ├── js-tokens@4.0.0
6648 silly idealTree ├── jsesc@3.1.0
6648 silly idealTree ├── json5@2.2.3
6648 silly idealTree ├── lodash@4.18.1
6648 silly idealTree ├── loose-envify@1.4.0
6648 silly idealTree ├── lru-cache@5.1.1
6648 silly idealTree ├── lucide-react@0.300.0
6648 silly idealTree ├── ms@2.1.3
6648 silly idealTree ├── nanoid@3.3.18
6648 silly idealTree ├── node-releases@2.0.53
6648 silly idealTree ├── object-assign@4.1.1
6648 silly idealTree ├── picocolors@1.1.1
6648 silly idealTree ├── postcss@8.5.26
6648 silly idealTree ├─┬ prop-types@15.8.1
6648 silly idealTree │ └── react-is@16.13.1
6648 silly idealTree ├── react-dom@18.3.1
6648 silly idealTree ├── react-is@18.3.1
6648 silly idealTree ├── react-refresh@0.17.0
6648 silly idealTree ├── react-smooth@4.0.4
6648 silly idealTree ├── react-transition-group@4.4.5
6648 silly idealTree ├── react@18.3.1
6648 silly idealTree ├── recharts-scale@0.4.5
6648 silly idealTree ├── recharts@2.15.4
6648 silly idealTree ├── rollup@4.62.4
6648 silly idealTree ├── scheduler@0.23.2
6648 silly idealTree ├── semver@6.3.1
6648 silly idealTree ├── source-map-js@1.2.1
6648 silly idealTree ├── tiny-invariant@1.3.3
6648 silly idealTree ├── update-browserslist-db@1.3.1
6648 silly idealTree ├── victory-vendor@36.9.2
6648 silly idealTree ├── vite@5.4.21
6648 silly idealTree └── yallist@3.1.1
6649 silly generateActionsToTake Starting
6650 silly install generateActionsToTake
6651 silly generateActionsToTake Finishing
6652 silly diffTrees action count 106
6653 silly diffTrees add @babel/compat-data@7.29.7
6654 silly diffTrees add @babel/helper-globals@7.29.7
6655 silly diffTrees add @babel/helper-plugin-utils@7.29.7
6656 silly diffTrees add @babel/helper-string-parser@7.29.7
6657 silly diffTrees add @babel/helper-validator-identifier@7.29.7
6658 silly diffTrees add @babel/helper-validator-option@7.29.7
6659 silly diffTrees add @babel/plugin-transform-react-jsx-self@7.29.7
6660 silly diffTrees add @babel/plugin-transform-react-jsx-source@7.29.7
6661 silly diffTrees add @babel/runtime@7.29.7
6662 silly diffTrees add @babel/types@7.29.8
6663 silly diffTrees add @babel/parser@7.29.8
6664 silly diffTrees add @esbuild/darwin-x64@0.21.5
6665 silly diffTrees add @jridgewell/resolve-uri@3.1.2
6666 silly diffTrees add @jridgewell/sourcemap-codec@1.5.5
6667 silly diffTrees add @jridgewell/trace-mapping@0.3.31
6668 silly diffTrees add @jridgewell/gen-mapping@0.3.13
6669 silly diffTrees add @jridgewell/remapping@2.3.5
6670 silly diffTrees add @rolldown/pluginutils@1.0.0-beta.27
6671 silly diffTrees add @rollup/rollup-darwin-x64@4.62.4
6672 silly diffTrees add @types/babel__generator@7.27.0
6673 silly diffTrees add @types/babel__template@7.4.4
6674 silly diffTrees add @types/babel__traverse@7.28.0
6675 silly diffTrees add @types/babel__core@7.20.5
6676 silly diffTrees add @types/d3-array@3.2.2
6677 silly diffTrees add @types/d3-color@3.1.3
6678 silly diffTrees add @types/d3-ease@3.0.2
6679 silly diffTrees add @types/d3-interpolate@3.0.4
6680 silly diffTrees add @types/d3-path@3.1.1
6681 silly diffTrees add @types/d3-shape@3.1.8
6682 silly diffTrees add @types/d3-time@3.0.4
6683 silly diffTrees add @types/d3-scale@4.0.9
6684 silly diffTrees add @types/d3-timer@3.0.2
6685 silly diffTrees add @types/estree@1.0.9
6686 silly diffTrees add @types/prop-types@15.7.15
6687 silly diffTrees add baseline-browser-mapping@2.11.13
6688 silly diffTrees add caniuse-lite@1.0.30001809
6689 silly diffTrees add clsx@2.1.1
6690 silly diffTrees add convert-source-map@2.0.0
6691 silly diffTrees add csstype@3.2.3
6692 silly diffTrees add d3-color@3.1.0
6693 silly diffTrees add d3-ease@3.0.1
6694 silly diffTrees add d3-format@3.1.2
6695 silly diffTrees add d3-interpolate@3.0.1
6696 silly diffTrees add d3-path@3.1.0
6697 silly diffTrees add d3-shape@3.2.0
6698 silly diffTrees add d3-timer@3.0.1
6699 silly diffTrees add decimal.js-light@2.5.1
6700 silly diffTrees add dom-helpers@5.2.1
6701 silly diffTrees add electron-to-chromium@1.5.404
6702 silly diffTrees add esbuild@0.21.5
6703 silly diffTrees add escalade@3.2.0
6704 silly diffTrees add eventemitter3@4.0.7
6705 silly diffTrees add fast-equals@5.4.1
6706 silly diffTrees add fsevents@2.3.3
6707 silly diffTrees add gensync@1.0.0-beta.2
6708 silly diffTrees add internmap@2.0.3
6709 silly diffTrees add d3-array@3.2.4
6710 silly diffTrees add d3-time@3.1.0
6711 silly diffTrees add d3-time-format@4.1.0
6712 silly diffTrees add d3-scale@4.0.2
6713 silly diffTrees add js-tokens@4.0.0
6714 silly diffTrees add jsesc@3.1.0
6715 silly diffTrees add @babel/generator@7.29.8
6716 silly diffTrees add json5@2.2.3
6717 silly diffTrees add lodash@4.18.1
6718 silly diffTrees add loose-envify@1.4.0
6719 silly diffTrees add ms@2.1.3
6720 silly diffTrees add debug@4.4.3
6721 silly diffTrees add nanoid@3.3.18
6722 silly diffTrees add node-releases@2.0.53
6723 silly diffTrees add object-assign@4.1.1
6724 silly diffTrees add picocolors@1.1.1
6725 silly diffTrees add @babel/code-frame@7.29.7
6726 silly diffTrees add @babel/template@7.29.7
6727 silly diffTrees add @babel/helpers@7.29.7
6728 silly diffTrees add @babel/traverse@7.29.8
6729 silly diffTrees add @babel/helper-module-imports@7.29.7
6730 silly diffTrees add @babel/helper-module-transforms@7.29.7
6731 silly diffTrees add react-is@16.13.1
6732 silly diffTrees add prop-types@15.8.1
6733 silly diffTrees add react-is@18.3.1
6734 silly diffTrees add react-refresh@0.17.0
6735 silly diffTrees add react-transition-group@4.4.5
6736 silly diffTrees add react-smooth@4.0.4
6737 silly diffTrees add recharts-scale@0.4.5
6738 silly diffTrees add rollup@4.62.4
6739 silly diffTrees add scheduler@0.23.2
6740 silly diffTrees add semver@6.3.1
6741 silly diffTrees add source-map-js@1.2.1
6742 silly diffTrees add postcss@8.5.26
6743 silly diffTrees add tiny-invariant@1.3.3
6744 silly diffTrees add update-browserslist-db@1.3.1
6745 silly diffTrees add browserslist@4.28.8
6746 silly diffTrees add victory-vendor@36.9.2
6747 silly diffTrees add yallist@3.1.1
6748 silly diffTrees add lru-cache@5.1.1
6749 silly diffTrees add @babel/helper-compilation-targets@7.29.7
6750 silly diffTrees add @babel/core@7.29.7
6751 silly diffTrees add @types/react@18.3.31
6752 silly diffTrees add @types/react-dom@18.3.7
6753 silly diffTrees add @vitejs/plugin-react@4.7.0
6754 silly diffTrees add lucide-react@0.300.0
6755 silly diffTrees add react@18.3.1
6756 silly diffTrees add react-dom@18.3.1
6757 silly diffTrees add recharts@2.15.4
6758 silly diffTrees add vite@5.4.21
6759 silly decomposeActions action count 848
6760 silly decomposeActions fetch @babel/compat-data@7.29.7
6761 silly decomposeActions extract @babel/compat-data@7.29.7
6762 silly decomposeActions test @babel/compat-data@7.29.7
6763 silly decomposeActions preinstall @babel/compat-data@7.29.7
6764 silly decomposeActions build @babel/compat-data@7.29.7
6765 silly decomposeActions install @babel/compat-data@7.29.7
6766 silly decomposeActions postinstall @babel/compat-data@7.29.7
6767 silly decomposeActions finalize @babel/compat-data@7.29.7
6768 silly decomposeActions fetch @babel/helper-globals@7.29.7
6769 silly decomposeActions extract @babel/helper-globals@7.29.7
6770 silly decomposeActions test @babel/helper-globals@7.29.7
6771 silly decomposeActions preinstall @babel/helper-globals@7.29.7
6772 silly decomposeActions build @babel/helper-globals@7.29.7
6773 silly decomposeActions install @babel/helper-globals@7.29.7
6774 silly decomposeActions postinstall @babel/helper-globals@7.29.7
6775 silly decomposeActions finalize @babel/helper-globals@7.29.7
6776 silly decomposeActions fetch @babel/helper-plugin-utils@7.29.7
6777 silly decomposeActions extract @babel/helper-plugin-utils@7.29.7
6778 silly decomposeActions test @babel/helper-plugin-utils@7.29.7
6779 silly decomposeActions preinstall @babel/helper-plugin-utils@7.29.7
6780 silly decomposeActions build @babel/helper-plugin-utils@7.29.7
6781 silly decomposeActions install @babel/helper-plugin-utils@7.29.7
6782 silly decomposeActions postinstall @babel/helper-plugin-utils@7.29.7
6783 silly decomposeActions finalize @babel/helper-plugin-utils@7.29.7
6784 silly decomposeActions fetch @babel/helper-string-parser@7.29.7
6785 silly decomposeActions extract @babel/helper-string-parser@7.29.7
6786 silly decomposeActions test @babel/helper-string-parser@7.29.7
6787 silly decomposeActions preinstall @babel/helper-string-parser@7.29.7
6788 silly decomposeActions build @babel/helper-string-parser@7.29.7
6789 silly decomposeActions install @babel/helper-string-parser@7.29.7
6790 silly decomposeActions postinstall @babel/helper-string-parser@7.29.7
6791 silly decomposeActions finalize @babel/helper-string-parser@7.29.7
6792 silly decomposeActions fetch @babel/helper-validator-identifier@7.29.7
6793 silly decomposeActions extract @babel/helper-validator-identifier@7.29.7
6794 silly decomposeActions test @babel/helper-validator-identifier@7.29.7
6795 silly decomposeActions preinstall @babel/helper-validator-identifier@7.29.7
6796 silly decomposeActions build @babel/helper-validator-identifier@7.29.7
6797 silly decomposeActions install @babel/helper-validator-identifier@7.29.7
6798 silly decomposeActions postinstall @babel/helper-validator-identifier@7.29.7
6799 silly decomposeActions finalize @babel/helper-validator-identifier@7.29.7
6800 silly decomposeActions fetch @babel/helper-validator-option@7.29.7
6801 silly decomposeActions extract @babel/helper-validator-option@7.29.7
6802 silly decomposeActions test @babel/helper-validator-option@7.29.7
6803 silly decomposeActions preinstall @babel/helper-validator-option@7.29.7
6804 silly decomposeActions build @babel/helper-validator-option@7.29.7
6805 silly decomposeActions install @babel/helper-validator-option@7.29.7
6806 silly decomposeActions postinstall @babel/helper-validator-option@7.29.7
6807 silly decomposeActions finalize @babel/helper-validator-option@7.29.7
6808 silly decomposeActions fetch @babel/plugin-transform-react-jsx-self@7.29.7
6809 silly decomposeActions extract @babel/plugin-transform-react-jsx-self@7.29.7
6810 silly decomposeActions test @babel/plugin-transform-react-jsx-self@7.29.7
6811 silly decomposeActions preinstall @babel/plugin-transform-react-jsx-self@7.29.7
6812 silly decomposeActions build @babel/plugin-transform-react-jsx-self@7.29.7
6813 silly decomposeActions install @babel/plugin-transform-react-jsx-self@7.29.7
6814 silly decomposeActions postinstall @babel/plugin-transform-react-jsx-self@7.29.7
6815 silly decomposeActions finalize @babel/plugin-transform-react-jsx-self@7.29.7
6816 silly decomposeActions fetch @babel/plugin-transform-react-jsx-source@7.29.7
6817 silly decomposeActions extract @babel/plugin-transform-react-jsx-source@7.29.7
6818 silly decomposeActions test @babel/plugin-transform-react-jsx-source@7.29.7
6819 silly decomposeActions preinstall @babel/plugin-transform-react-jsx-source@7.29.7
6820 silly decomposeActions build @babel/plugin-transform-react-jsx-source@7.29.7
6821 silly decomposeActions install @babel/plugin-transform-react-jsx-source@7.29.7
6822 silly decomposeActions postinstall @babel/plugin-transform-react-jsx-source@7.29.7
6823 silly decomposeActions finalize @babel/plugin-transform-react-jsx-source@7.29.7
6824 silly decomposeActions fetch @babel/runtime@7.29.7
6825 silly decomposeActions extract @babel/runtime@7.29.7
6826 silly decomposeActions test @babel/runtime@7.29.7
6827 silly decomposeActions preinstall @babel/runtime@7.29.7
6828 silly decomposeActions build @babel/runtime@7.29.7
6829 silly decomposeActions install @babel/runtime@7.29.7
6830 silly decomposeActions postinstall @babel/runtime@7.29.7
6831 silly decomposeActions finalize @babel/runtime@7.29.7
6832 silly decomposeActions fetch @babel/types@7.29.8
6833 silly decomposeActions extract @babel/types@7.29.8
6834 silly decomposeActions test @babel/types@7.29.8
6835 silly decomposeActions preinstall @babel/types@7.29.8
6836 silly decomposeActions build @babel/types@7.29.8
6837 silly decomposeActions install @babel/types@7.29.8
6838 silly decomposeActions postinstall @babel/types@7.29.8
6839 silly decomposeActions finalize @babel/types@7.29.8
6840 silly decomposeActions fetch @babel/parser@7.29.8
6841 silly decomposeActions extract @babel/parser@7.29.8
6842 silly decomposeActions test @babel/parser@7.29.8
6843 silly decomposeActions preinstall @babel/parser@7.29.8
6844 silly decomposeActions build @babel/parser@7.29.8
6845 silly decomposeActions install @babel/parser@7.29.8
6846 silly decomposeActions postinstall @babel/parser@7.29.8
6847 silly decomposeActions finalize @babel/parser@7.29.8
6848 silly decomposeActions fetch @esbuild/darwin-x64@0.21.5
6849 silly decomposeActions extract @esbuild/darwin-x64@0.21.5
6850 silly decomposeActions test @esbuild/darwin-x64@0.21.5
6851 silly decomposeActions preinstall @esbuild/darwin-x64@0.21.5
6852 silly decomposeActions build @esbuild/darwin-x64@0.21.5
6853 silly decomposeActions install @esbuild/darwin-x64@0.21.5
6854 silly decomposeActions postinstall @esbuild/darwin-x64@0.21.5
6855 silly decomposeActions finalize @esbuild/darwin-x64@0.21.5
6856 silly decomposeActions fetch @jridgewell/resolve-uri@3.1.2
6857 silly decomposeActions extract @jridgewell/resolve-uri@3.1.2
6858 silly decomposeActions test @jridgewell/resolve-uri@3.1.2
6859 silly decomposeActions preinstall @jridgewell/resolve-uri@3.1.2
6860 silly decomposeActions build @jridgewell/resolve-uri@3.1.2
6861 silly decomposeActions install @jridgewell/resolve-uri@3.1.2
6862 silly decomposeActions postinstall @jridgewell/resolve-uri@3.1.2
6863 silly decomposeActions finalize @jridgewell/resolve-uri@3.1.2
6864 silly decomposeActions fetch @jridgewell/sourcemap-codec@1.5.5
6865 silly decomposeActions extract @jridgewell/sourcemap-codec@1.5.5
6866 silly decomposeActions test @jridgewell/sourcemap-codec@1.5.5
6867 silly decomposeActions preinstall @jridgewell/sourcemap-codec@1.5.5
6868 silly decomposeActions build @jridgewell/sourcemap-codec@1.5.5
6869 silly decomposeActions install @jridgewell/sourcemap-codec@1.5.5
6870 silly decomposeActions postinstall @jridgewell/sourcemap-codec@1.5.5
6871 silly decomposeActions finalize @jridgewell/sourcemap-codec@1.5.5
6872 silly decomposeActions fetch @jridgewell/trace-mapping@0.3.31
6873 silly decomposeActions extract @jridgewell/trace-mapping@0.3.31
6874 silly decomposeActions test @jridgewell/trace-mapping@0.3.31
6875 silly decomposeActions preinstall @jridgewell/trace-mapping@0.3.31
6876 silly decomposeActions build @jridgewell/trace-mapping@0.3.31
6877 silly decomposeActions install @jridgewell/trace-mapping@0.3.31
6878 silly decomposeActions postinstall @jridgewell/trace-mapping@0.3.31
6879 silly decomposeActions finalize @jridgewell/trace-mapping@0.3.31
6880 silly decomposeActions fetch @jridgewell/gen-mapping@0.3.13
6881 silly decomposeActions extract @jridgewell/gen-mapping@0.3.13
6882 silly decomposeActions test @jridgewell/gen-mapping@0.3.13
6883 silly decomposeActions preinstall @jridgewell/gen-mapping@0.3.13
6884 silly decomposeActions build @jridgewell/gen-mapping@0.3.13
6885 silly decomposeActions install @jridgewell/gen-mapping@0.3.13
6886 silly decomposeActions postinstall @jridgewell/gen-mapping@0.3.13
6887 silly decomposeActions finalize @jridgewell/gen-mapping@0.3.13
6888 silly decomposeActions fetch @jridgewell/remapping@2.3.5
6889 silly decomposeActions extract @jridgewell/remapping@2.3.5
6890 silly decomposeActions test @jridgewell/remapping@2.3.5
6891 silly decomposeActions preinstall @jridgewell/remapping@2.3.5
6892 silly decomposeActions build @jridgewell/remapping@2.3.5
6893 silly decomposeActions install @jridgewell/remapping@2.3.5
6894 silly decomposeActions postinstall @jridgewell/remapping@2.3.5
6895 silly decomposeActions finalize @jridgewell/remapping@2.3.5
6896 silly decomposeActions fetch @rolldown/pluginutils@1.0.0-beta.27
6897 silly decomposeActions extract @rolldown/pluginutils@1.0.0-beta.27
6898 silly decomposeActions test @rolldown/pluginutils@1.0.0-beta.27
6899 silly decomposeActions preinstall @rolldown/pluginutils@1.0.0-beta.27
6900 silly decomposeActions build @rolldown/pluginutils@1.0.0-beta.27
6901 silly decomposeActions install @rolldown/pluginutils@1.0.0-beta.27
6902 silly decomposeActions postinstall @rolldown/pluginutils@1.0.0-beta.27
6903 silly decomposeActions finalize @rolldown/pluginutils@1.0.0-beta.27
6904 silly decomposeActions fetch @rollup/rollup-darwin-x64@4.62.4
6905 silly decomposeActions extract @rollup/rollup-darwin-x64@4.62.4
6906 silly decomposeActions test @rollup/rollup-darwin-x64@4.62.4
6907 silly decomposeActions preinstall @rollup/rollup-darwin-x64@4.62.4
6908 silly decomposeActions build @rollup/rollup-darwin-x64@4.62.4
6909 silly decomposeActions install @rollup/rollup-darwin-x64@4.62.4
6910 silly decomposeActions postinstall @rollup/rollup-darwin-x64@4.62.4
6911 silly decomposeActions finalize @rollup/rollup-darwin-x64@4.62.4
6912 silly decomposeActions fetch @types/babel__generator@7.27.0
6913 silly decomposeActions extract @types/babel__generator@7.27.0
6914 silly decomposeActions test @types/babel__generator@7.27.0
6915 silly decomposeActions preinstall @types/babel__generator@7.27.0
6916 silly decomposeActions build @types/babel__generator@7.27.0
6917 silly decomposeActions install @types/babel__generator@7.27.0
6918 silly decomposeActions postinstall @types/babel__generator@7.27.0
6919 silly decomposeActions finalize @types/babel__generator@7.27.0
6920 silly decomposeActions fetch @types/babel__template@7.4.4
6921 silly decomposeActions extract @types/babel__template@7.4.4
6922 silly decomposeActions test @types/babel__template@7.4.4
6923 silly decomposeActions preinstall @types/babel__template@7.4.4
6924 silly decomposeActions build @types/babel__template@7.4.4
6925 silly decomposeActions install @types/babel__template@7.4.4
6926 silly decomposeActions postinstall @types/babel__template@7.4.4
6927 silly decomposeActions finalize @types/babel__template@7.4.4
6928 silly decomposeActions fetch @types/babel__traverse@7.28.0
6929 silly decomposeActions extract @types/babel__traverse@7.28.0
6930 silly decomposeActions test @types/babel__traverse@7.28.0
6931 silly decomposeActions preinstall @types/babel__traverse@7.28.0
6932 silly decomposeActions build @types/babel__traverse@7.28.0
6933 silly decomposeActions install @types/babel__traverse@7.28.0
6934 silly decomposeActions postinstall @types/babel__traverse@7.28.0
6935 silly decomposeActions finalize @types/babel__traverse@7.28.0
6936 silly decomposeActions fetch @types/babel__core@7.20.5
6937 silly decomposeActions extract @types/babel__core@7.20.5
6938 silly decomposeActions test @types/babel__core@7.20.5
6939 silly decomposeActions preinstall @types/babel__core@7.20.5
6940 silly decomposeActions build @types/babel__core@7.20.5
6941 silly decomposeActions install @types/babel__core@7.20.5
6942 silly decomposeActions postinstall @types/babel__core@7.20.5
6943 silly decomposeActions finalize @types/babel__core@7.20.5
6944 silly decomposeActions fetch @types/d3-array@3.2.2
6945 silly decomposeActions extract @types/d3-array@3.2.2
6946 silly decomposeActions test @types/d3-array@3.2.2
6947 silly decomposeActions preinstall @types/d3-array@3.2.2
6948 silly decomposeActions build @types/d3-array@3.2.2
6949 silly decomposeActions install @types/d3-array@3.2.2
6950 silly decomposeActions postinstall @types/d3-array@3.2.2
6951 silly decomposeActions finalize @types/d3-array@3.2.2
6952 silly decomposeActions fetch @types/d3-color@3.1.3
6953 silly decomposeActions extract @types/d3-color@3.1.3
6954 silly decomposeActions test @types/d3-color@3.1.3
6955 silly decomposeActions preinstall @types/d3-color@3.1.3
6956 silly decomposeActions build @types/d3-color@3.1.3
6957 silly decomposeActions install @types/d3-color@3.1.3
6958 silly decomposeActions postinstall @types/d3-color@3.1.3
6959 silly decomposeActions finalize @types/d3-color@3.1.3
6960 silly decomposeActions fetch @types/d3-ease@3.0.2
6961 silly decomposeActions extract @types/d3-ease@3.0.2
6962 silly decomposeActions test @types/d3-ease@3.0.2
6963 silly decomposeActions preinstall @types/d3-ease@3.0.2
6964 silly decomposeActions build @types/d3-ease@3.0.2
6965 silly decomposeActions install @types/d3-ease@3.0.2
6966 silly decomposeActions postinstall @types/d3-ease@3.0.2
6967 silly decomposeActions finalize @types/d3-ease@3.0.2
6968 silly decomposeActions fetch @types/d3-interpolate@3.0.4
6969 silly decomposeActions extract @types/d3-interpolate@3.0.4
6970 silly decomposeActions test @types/d3-interpolate@3.0.4
6971 silly decomposeActions preinstall @types/d3-interpolate@3.0.4
6972 silly decomposeActions build @types/d3-interpolate@3.0.4
6973 silly decomposeActions install @types/d3-interpolate@3.0.4
6974 silly decomposeActions postinstall @types/d3-interpolate@3.0.4
6975 silly decomposeActions finalize @types/d3-interpolate@3.0.4
6976 silly decomposeActions fetch @types/d3-path@3.1.1
6977 silly decomposeActions extract @types/d3-path@3.1.1
6978 silly decomposeActions test @types/d3-path@3.1.1
6979 silly decomposeActions preinstall @types/d3-path@3.1.1
6980 silly decomposeActions build @types/d3-path@3.1.1
6981 silly decomposeActions install @types/d3-path@3.1.1
6982 silly decomposeActions postinstall @types/d3-path@3.1.1
6983 silly decomposeActions finalize @types/d3-path@3.1.1
6984 silly decomposeActions fetch @types/d3-shape@3.1.8
6985 silly decomposeActions extract @types/d3-shape@3.1.8
6986 silly decomposeActions test @types/d3-shape@3.1.8
6987 silly decomposeActions preinstall @types/d3-shape@3.1.8
6988 silly decomposeActions build @types/d3-shape@3.1.8
6989 silly decomposeActions install @types/d3-shape@3.1.8
6990 silly decomposeActions postinstall @types/d3-shape@3.1.8
6991 silly decomposeActions finalize @types/d3-shape@3.1.8
6992 silly decomposeActions fetch @types/d3-time@3.0.4
6993 silly decomposeActions extract @types/d3-time@3.0.4
6994 silly decomposeActions test @types/d3-time@3.0.4
6995 silly decomposeActions preinstall @types/d3-time@3.0.4
6996 silly decomposeActions build @types/d3-time@3.0.4
6997 silly decomposeActions install @types/d3-time@3.0.4
6998 silly decomposeActions postinstall @types/d3-time@3.0.4
6999 silly decomposeActions finalize @types/d3-time@3.0.4
7000 silly decomposeActions fetch @types/d3-scale@4.0.9
7001 silly decomposeActions extract @types/d3-scale@4.0.9
7002 silly decomposeActions test @types/d3-scale@4.0.9
7003 silly decomposeActions preinstall @types/d3-scale@4.0.9
7004 silly decomposeActions build @types/d3-scale@4.0.9
7005 silly decomposeActions install @types/d3-scale@4.0.9
7006 silly decomposeActions postinstall @types/d3-scale@4.0.9
7007 silly decomposeActions finalize @types/d3-scale@4.0.9
7008 silly decomposeActions fetch @types/d3-timer@3.0.2
7009 silly decomposeActions extract @types/d3-timer@3.0.2
7010 silly decomposeActions test @types/d3-timer@3.0.2
7011 silly decomposeActions preinstall @types/d3-timer@3.0.2
7012 silly decomposeActions build @types/d3-timer@3.0.2
7013 silly decomposeActions install @types/d3-timer@3.0.2
7014 silly decomposeActions postinstall @types/d3-timer@3.0.2
7015 silly decomposeActions finalize @types/d3-timer@3.0.2
7016 silly decomposeActions fetch @types/estree@1.0.9
7017 silly decomposeActions extract @types/estree@1.0.9
7018 silly decomposeActions test @types/estree@1.0.9
7019 silly decomposeActions preinstall @types/estree@1.0.9
7020 silly decomposeActions build @types/estree@1.0.9
7021 silly decomposeActions install @types/estree@1.0.9
7022 silly decomposeActions postinstall @types/estree@1.0.9
7023 silly decomposeActions finalize @types/estree@1.0.9
7024 silly decomposeActions fetch @types/prop-types@15.7.15
7025 silly decomposeActions extract @types/prop-types@15.7.15
7026 silly decomposeActions test @types/prop-types@15.7.15
7027 silly decomposeActions preinstall @types/prop-types@15.7.15
7028 silly decomposeActions build @types/prop-types@15.7.15
7029 silly decomposeActions install @types/prop-types@15.7.15
7030 silly decomposeActions postinstall @types/prop-types@15.7.15
7031 silly decomposeActions finalize @types/prop-types@15.7.15
7032 silly decomposeActions fetch baseline-browser-mapping@2.11.13
7033 silly decomposeActions extract baseline-browser-mapping@2.11.13
7034 silly decomposeActions test baseline-browser-mapping@2.11.13
7035 silly decomposeActions preinstall baseline-browser-mapping@2.11.13
7036 silly decomposeActions build baseline-browser-mapping@2.11.13
7037 silly decomposeActions install baseline-browser-mapping@2.11.13
7038 silly decomposeActions postinstall baseline-browser-mapping@2.11.13
7039 silly decomposeActions finalize baseline-browser-mapping@2.11.13
7040 silly decomposeActions fetch caniuse-lite@1.0.30001809
7041 silly decomposeActions extract caniuse-lite@1.0.30001809
7042 silly decomposeActions test caniuse-lite@1.0.30001809
7043 silly decomposeActions preinstall caniuse-lite@1.0.30001809
7044 silly decomposeActions build caniuse-lite@1.0.30001809
7045 silly decomposeActions install caniuse-lite@1.0.30001809
7046 silly decomposeActions postinstall caniuse-lite@1.0.30001809
7047 silly decomposeActions finalize caniuse-lite@1.0.30001809
7048 silly decomposeActions fetch clsx@2.1.1
7049 silly decomposeActions extract clsx@2.1.1
7050 silly decomposeActions test clsx@2.1.1
7051 silly decomposeActions preinstall clsx@2.1.1
7052 silly decomposeActions build clsx@2.1.1
7053 silly decomposeActions install clsx@2.1.1
7054 silly decomposeActions postinstall clsx@2.1.1
7055 silly decomposeActions finalize clsx@2.1.1
7056 silly decomposeActions fetch convert-source-map@2.0.0
7057 silly decomposeActions extract convert-source-map@2.0.0
7058 silly decomposeActions test convert-source-map@2.0.0
7059 silly decomposeActions preinstall convert-source-map@2.0.0
7060 silly decomposeActions build convert-source-map@2.0.0
7061 silly decomposeActions install convert-source-map@2.0.0
7062 silly decomposeActions postinstall convert-source-map@2.0.0
7063 silly decomposeActions finalize convert-source-map@2.0.0
7064 silly decomposeActions fetch csstype@3.2.3
7065 silly decomposeActions extract csstype@3.2.3
7066 silly decomposeActions test csstype@3.2.3
7067 silly decomposeActions preinstall csstype@3.2.3
7068 silly decomposeActions build csstype@3.2.3
7069 silly decomposeActions install csstype@3.2.3
7070 silly decomposeActions postinstall csstype@3.2.3
7071 silly decomposeActions finalize csstype@3.2.3
7072 silly decomposeActions fetch d3-color@3.1.0
7073 silly decomposeActions extract d3-color@3.1.0
7074 silly decomposeActions test d3-color@3.1.0
7075 silly decomposeActions preinstall d3-color@3.1.0
7076 silly decomposeActions build d3-color@3.1.0
7077 silly decomposeActions install d3-color@3.1.0
7078 silly decomposeActions postinstall d3-color@3.1.0
7079 silly decomposeActions finalize d3-color@3.1.0
7080 silly decomposeActions fetch d3-ease@3.0.1
7081 silly decomposeActions extract d3-ease@3.0.1
7082 silly decomposeActions test d3-ease@3.0.1
7083 silly decomposeActions preinstall d3-ease@3.0.1
7084 silly decomposeActions build d3-ease@3.0.1
7085 silly decomposeActions install d3-ease@3.0.1
7086 silly decomposeActions postinstall d3-ease@3.0.1
7087 silly decomposeActions finalize d3-ease@3.0.1
7088 silly decomposeActions fetch d3-format@3.1.2
7089 silly decomposeActions extract d3-format@3.1.2
7090 silly decomposeActions test d3-format@3.1.2
7091 silly decomposeActions preinstall d3-format@3.1.2
7092 silly decomposeActions build d3-format@3.1.2
7093 silly decomposeActions install d3-format@3.1.2
7094 silly decomposeActions postinstall d3-format@3.1.2
7095 silly decomposeActions finalize d3-format@3.1.2
7096 silly decomposeActions fetch d3-interpolate@3.0.1
7097 silly decomposeActions extract d3-interpolate@3.0.1
7098 silly decomposeActions test d3-interpolate@3.0.1
7099 silly decomposeActions preinstall d3-interpolate@3.0.1
7100 silly decomposeActions build d3-interpolate@3.0.1
7101 silly decomposeActions install d3-interpolate@3.0.1
7102 silly decomposeActions postinstall d3-interpolate@3.0.1
7103 silly decomposeActions finalize d3-interpolate@3.0.1
7104 silly decomposeActions fetch d3-path@3.1.0
7105 silly decomposeActions extract d3-path@3.1.0
7106 silly decomposeActions test d3-path@3.1.0
7107 silly decomposeActions preinstall d3-path@3.1.0
7108 silly decomposeActions build d3-path@3.1.0
7109 silly decomposeActions install d3-path@3.1.0
7110 silly decomposeActions postinstall d3-path@3.1.0
7111 silly decomposeActions finalize d3-path@3.1.0
7112 silly decomposeActions fetch d3-shape@3.2.0
7113 silly decomposeActions extract d3-shape@3.2.0
7114 silly decomposeActions test d3-shape@3.2.0
7115 silly decomposeActions preinstall d3-shape@3.2.0
7116 silly decomposeActions build d3-shape@3.2.0
7117 silly decomposeActions install d3-shape@3.2.0
7118 silly decomposeActions postinstall d3-shape@3.2.0
7119 silly decomposeActions finalize d3-shape@3.2.0
7120 silly decomposeActions fetch d3-timer@3.0.1
7121 silly decomposeActions extract d3-timer@3.0.1
7122 silly decomposeActions test d3-timer@3.0.1
7123 silly decomposeActions preinstall d3-timer@3.0.1
7124 silly decomposeActions build d3-timer@3.0.1
7125 silly decomposeActions install d3-timer@3.0.1
7126 silly decomposeActions postinstall d3-timer@3.0.1
7127 silly decomposeActions finalize d3-timer@3.0.1
7128 silly decomposeActions fetch decimal.js-light@2.5.1
7129 silly decomposeActions extract decimal.js-light@2.5.1
7130 silly decomposeActions test decimal.js-light@2.5.1
7131 silly decomposeActions preinstall decimal.js-light@2.5.1
7132 silly decomposeActions build decimal.js-light@2.5.1
7133 silly decomposeActions install decimal.js-light@2.5.1
7134 silly decomposeActions postinstall decimal.js-light@2.5.1
7135 silly decomposeActions finalize decimal.js-light@2.5.1
7136 silly decomposeActions fetch dom-helpers@5.2.1
7137 silly decomposeActions extract dom-helpers@5.2.1
7138 silly decomposeActions test dom-helpers@5.2.1
7139 silly decomposeActions preinstall dom-helpers@5.2.1
7140 silly decomposeActions build dom-helpers@5.2.1
7141 silly decomposeActions install dom-helpers@5.2.1
7142 silly decomposeActions postinstall dom-helpers@5.2.1
7143 silly decomposeActions finalize dom-helpers@5.2.1
7144 silly decomposeActions fetch electron-to-chromium@1.5.404
7145 silly decomposeActions extract electron-to-chromium@1.5.404
7146 silly decomposeActions test electron-to-chromium@1.5.404
7147 silly decomposeActions preinstall electron-to-chromium@1.5.404
7148 silly decomposeActions build electron-to-chromium@1.5.404
7149 silly decomposeActions install electron-to-chromium@1.5.404
7150 silly decomposeActions postinstall electron-to-chromium@1.5.404
7151 silly decomposeActions finalize electron-to-chromium@1.5.404
7152 silly decomposeActions fetch esbuild@0.21.5
7153 silly decomposeActions extract esbuild@0.21.5
7154 silly decomposeActions test esbuild@0.21.5
7155 silly decomposeActions preinstall esbuild@0.21.5
7156 silly decomposeActions build esbuild@0.21.5
7157 silly decomposeActions install esbuild@0.21.5
7158 silly decomposeActions postinstall esbuild@0.21.5
7159 silly decomposeActions finalize esbuild@0.21.5
7160 silly decomposeActions fetch escalade@3.2.0
7161 silly decomposeActions extract escalade@3.2.0
7162 silly decomposeActions test escalade@3.2.0
7163 silly decomposeActions preinstall escalade@3.2.0
7164 silly decomposeActions build escalade@3.2.0
7165 silly decomposeActions install escalade@3.2.0
7166 silly decomposeActions postinstall escalade@3.2.0
7167 silly decomposeActions finalize escalade@3.2.0
7168 silly decomposeActions fetch eventemitter3@4.0.7
7169 silly decomposeActions extract eventemitter3@4.0.7
7170 silly decomposeActions test eventemitter3@4.0.7
7171 silly decomposeActions preinstall eventemitter3@4.0.7
7172 silly decomposeActions build eventemitter3@4.0.7
7173 silly decomposeActions install eventemitter3@4.0.7
7174 silly decomposeActions postinstall eventemitter3@4.0.7
7175 silly decomposeActions finalize eventemitter3@4.0.7
7176 silly decomposeActions fetch fast-equals@5.4.1
7177 silly decomposeActions extract fast-equals@5.4.1
7178 silly decomposeActions test fast-equals@5.4.1
7179 silly decomposeActions preinstall fast-equals@5.4.1
7180 silly decomposeActions build fast-equals@5.4.1
7181 silly decomposeActions install fast-equals@5.4.1
7182 silly decomposeActions postinstall fast-equals@5.4.1
7183 silly decomposeActions finalize fast-equals@5.4.1
7184 silly decomposeActions fetch fsevents@2.3.3
7185 silly decomposeActions extract fsevents@2.3.3
7186 silly decomposeActions test fsevents@2.3.3
7187 silly decomposeActions preinstall fsevents@2.3.3
7188 silly decomposeActions build fsevents@2.3.3
7189 silly decomposeActions install fsevents@2.3.3
7190 silly decomposeActions postinstall fsevents@2.3.3
7191 silly decomposeActions finalize fsevents@2.3.3
7192 silly decomposeActions fetch gensync@1.0.0-beta.2
7193 silly decomposeActions extract gensync@1.0.0-beta.2
7194 silly decomposeActions test gensync@1.0.0-beta.2
7195 silly decomposeActions preinstall gensync@1.0.0-beta.2
7196 silly decomposeActions build gensync@1.0.0-beta.2
7197 silly decomposeActions install gensync@1.0.0-beta.2
7198 silly decomposeActions postinstall gensync@1.0.0-beta.2
7199 silly decomposeActions finalize gensync@1.0.0-beta.2
7200 silly decomposeActions fetch internmap@2.0.3
7201 silly decomposeActions extract internmap@2.0.3
7202 silly decomposeActions test internmap@2.0.3
7203 silly decomposeActions preinstall internmap@2.0.3
7204 silly decomposeActions build internmap@2.0.3
7205 silly decomposeActions install internmap@2.0.3
7206 silly decomposeActions postinstall internmap@2.0.3
7207 silly decomposeActions finalize internmap@2.0.3
7208 silly decomposeActions fetch d3-array@3.2.4
7209 silly decomposeActions extract d3-array@3.2.4
7210 silly decomposeActions test d3-array@3.2.4
7211 silly decomposeActions preinstall d3-array@3.2.4
7212 silly decomposeActions build d3-array@3.2.4
7213 silly decomposeActions install d3-array@3.2.4
7214 silly decomposeActions postinstall d3-array@3.2.4
7215 silly decomposeActions finalize d3-array@3.2.4
7216 silly decomposeActions fetch d3-time@3.1.0
7217 silly decomposeActions extract d3-time@3.1.0
7218 silly decomposeActions test d3-time@3.1.0
7219 silly decomposeActions preinstall d3-time@3.1.0
7220 silly decomposeActions build d3-time@3.1.0
7221 silly decomposeActions install d3-time@3.1.0
7222 silly decomposeActions postinstall d3-time@3.1.0
7223 silly decomposeActions finalize d3-time@3.1.0
7224 silly decomposeActions fetch d3-time-format@4.1.0
7225 silly decomposeActions extract d3-time-format@4.1.0
7226 silly decomposeActions test d3-time-format@4.1.0
7227 silly decomposeActions preinstall d3-time-format@4.1.0
7228 silly decomposeActions build d3-time-format@4.1.0
7229 silly decomposeActions install d3-time-format@4.1.0
7230 silly decomposeActions postinstall d3-time-format@4.1.0
7231 silly decomposeActions finalize d3-time-format@4.1.0
7232 silly decomposeActions fetch d3-scale@4.0.2
7233 silly decomposeActions extract d3-scale@4.0.2
7234 silly decomposeActions test d3-scale@4.0.2
7235 silly decomposeActions preinstall d3-scale@4.0.2
7236 silly decomposeActions build d3-scale@4.0.2
7237 silly decomposeActions install d3-scale@4.0.2
7238 silly decomposeActions postinstall d3-scale@4.0.2
7239 silly decomposeActions finalize d3-scale@4.0.2
7240 silly decomposeActions fetch js-tokens@4.0.0
7241 silly decomposeActions extract js-tokens@4.0.0
7242 silly decomposeActions test js-tokens@4.0.0
7243 silly decomposeActions preinstall js-tokens@4.0.0
7244 silly decomposeActions build js-tokens@4.0.0
7245 silly decomposeActions install js-tokens@4.0.0
7246 silly decomposeActions postinstall js-tokens@4.0.0
7247 silly decomposeActions finalize js-tokens@4.0.0
7248 silly decomposeActions fetch jsesc@3.1.0
7249 silly decomposeActions extract jsesc@3.1.0
7250 silly decomposeActions test jsesc@3.1.0
7251 silly decomposeActions preinstall jsesc@3.1.0
7252 silly decomposeActions build jsesc@3.1.0
7253 silly decomposeActions install jsesc@3.1.0
7254 silly decomposeActions postinstall jsesc@3.1.0
7255 silly decomposeActions finalize jsesc@3.1.0
7256 silly decomposeActions fetch @babel/generator@7.29.8
7257 silly decomposeActions extract @babel/generator@7.29.8
7258 silly decomposeActions test @babel/generator@7.29.8
7259 silly decomposeActions preinstall @babel/generator@7.29.8
7260 silly decomposeActions build @babel/generator@7.29.8
7261 silly decomposeActions install @babel/generator@7.29.8
7262 silly decomposeActions postinstall @babel/generator@7.29.8
7263 silly decomposeActions finalize @babel/generator@7.29.8
7264 silly decomposeActions fetch json5@2.2.3
7265 silly decomposeActions extract json5@2.2.3
7266 silly decomposeActions test json5@2.2.3
7267 silly decomposeActions preinstall json5@2.2.3
7268 silly decomposeActions build json5@2.2.3
7269 silly decomposeActions install json5@2.2.3
7270 silly decomposeActions postinstall json5@2.2.3
7271 silly decomposeActions finalize json5@2.2.3
7272 silly decomposeActions fetch lodash@4.18.1
7273 silly decomposeActions extract lodash@4.18.1
7274 silly decomposeActions test lodash@4.18.1
7275 silly decomposeActions preinstall lodash@4.18.1
7276 silly decomposeActions build lodash@4.18.1
7277 silly decomposeActions install lodash@4.18.1
7278 silly decomposeActions postinstall lodash@4.18.1
7279 silly decomposeActions finalize lodash@4.18.1
7280 silly decomposeActions fetch loose-envify@1.4.0
7281 silly decomposeActions extract loose-envify@1.4.0
7282 silly decomposeActions test loose-envify@1.4.0
7283 silly decomposeActions preinstall loose-envify@1.4.0
7284 silly decomposeActions build loose-envify@1.4.0
7285 silly decomposeActions install loose-envify@1.4.0
7286 silly decomposeActions postinstall loose-envify@1.4.0
7287 silly decomposeActions finalize loose-envify@1.4.0
7288 silly decomposeActions fetch ms@2.1.3
7289 silly decomposeActions extract ms@2.1.3
7290 silly decomposeActions test ms@2.1.3
7291 silly decomposeActions preinstall ms@2.1.3
7292 silly decomposeActions build ms@2.1.3
7293 silly decomposeActions install ms@2.1.3
7294 silly decomposeActions postinstall ms@2.1.3
7295 silly decomposeActions finalize ms@2.1.3
7296 silly decomposeActions fetch debug@4.4.3
7297 silly decomposeActions extract debug@4.4.3
7298 silly decomposeActions test debug@4.4.3
7299 silly decomposeActions preinstall debug@4.4.3
7300 silly decomposeActions build debug@4.4.3
7301 silly decomposeActions install debug@4.4.3
7302 silly decomposeActions postinstall debug@4.4.3
7303 silly decomposeActions finalize debug@4.4.3
7304 silly decomposeActions fetch nanoid@3.3.18
7305 silly decomposeActions extract nanoid@3.3.18
7306 silly decomposeActions test nanoid@3.3.18
7307 silly decomposeActions preinstall nanoid@3.3.18
7308 silly decomposeActions build nanoid@3.3.18
7309 silly decomposeActions install nanoid@3.3.18
7310 silly decomposeActions postinstall nanoid@3.3.18
7311 silly decomposeActions finalize nanoid@3.3.18
7312 silly decomposeActions fetch node-releases@2.0.53
7313 silly decomposeActions extract node-releases@2.0.53
7314 silly decomposeActions test node-releases@2.0.53
7315 silly decomposeActions preinstall node-releases@2.0.53
7316 silly decomposeActions build node-releases@2.0.53
7317 silly decomposeActions install node-releases@2.0.53
7318 silly decomposeActions postinstall node-releases@2.0.53
7319 silly decomposeActions finalize node-releases@2.0.53
7320 silly decomposeActions fetch object-assign@4.1.1
7321 silly decomposeActions extract object-assign@4.1.1
7322 silly decomposeActions test object-assign@4.1.1
7323 silly decomposeActions preinstall object-assign@4.1.1
7324 silly decomposeActions build object-assign@4.1.1
7325 silly decomposeActions install object-assign@4.1.1
7326 silly decomposeActions postinstall object-assign@4.1.1
7327 silly decomposeActions finalize object-assign@4.1.1
7328 silly decomposeActions fetch picocolors@1.1.1
7329 silly decomposeActions extract picocolors@1.1.1
7330 silly decomposeActions test picocolors@1.1.1
7331 silly decomposeActions preinstall picocolors@1.1.1
7332 silly decomposeActions build picocolors@1.1.1
7333 silly decomposeActions install picocolors@1.1.1
7334 silly decomposeActions postinstall picocolors@1.1.1
7335 silly decomposeActions finalize picocolors@1.1.1
7336 silly decomposeActions fetch @babel/code-frame@7.29.7
7337 silly decomposeActions extract @babel/code-frame@7.29.7
7338 silly decomposeActions test @babel/code-frame@7.29.7
7339 silly decomposeActions preinstall @babel/code-frame@7.29.7
7340 silly decomposeActions build @babel/code-frame@7.29.7
7341 silly decomposeActions install @babel/code-frame@7.29.7
7342 silly decomposeActions postinstall @babel/code-frame@7.29.7
7343 silly decomposeActions finalize @babel/code-frame@7.29.7
7344 silly decomposeActions fetch @babel/template@7.29.7
7345 silly decomposeActions extract @babel/template@7.29.7
7346 silly decomposeActions test @babel/template@7.29.7
7347 silly decomposeActions preinstall @babel/template@7.29.7
7348 silly decomposeActions build @babel/template@7.29.7
7349 silly decomposeActions install @babel/template@7.29.7
7350 silly decomposeActions postinstall @babel/template@7.29.7
7351 silly decomposeActions finalize @babel/template@7.29.7
7352 silly decomposeActions fetch @babel/helpers@7.29.7
7353 silly decomposeActions extract @babel/helpers@7.29.7
7354 silly decomposeActions test @babel/helpers@7.29.7
7355 silly decomposeActions preinstall @babel/helpers@7.29.7
7356 silly decomposeActions build @babel/helpers@7.29.7
7357 silly decomposeActions install @babel/helpers@7.29.7
7358 silly decomposeActions postinstall @babel/helpers@7.29.7
7359 silly decomposeActions finalize @babel/helpers@7.29.7
7360 silly decomposeActions fetch @babel/traverse@7.29.8
7361 silly decomposeActions extract @babel/traverse@7.29.8
7362 silly decomposeActions test @babel/traverse@7.29.8
7363 silly decomposeActions preinstall @babel/traverse@7.29.8
7364 silly decomposeActions build @babel/traverse@7.29.8
7365 silly decomposeActions install @babel/traverse@7.29.8
7366 silly decomposeActions postinstall @babel/traverse@7.29.8
7367 silly decomposeActions finalize @babel/traverse@7.29.8
7368 silly decomposeActions fetch @babel/helper-module-imports@7.29.7
7369 silly decomposeActions extract @babel/helper-module-imports@7.29.7
7370 silly decomposeActions test @babel/helper-module-imports@7.29.7
7371 silly decomposeActions preinstall @babel/helper-module-imports@7.29.7
7372 silly decomposeActions build @babel/helper-module-imports@7.29.7
7373 silly decomposeActions install @babel/helper-module-imports@7.29.7
7374 silly decomposeActions postinstall @babel/helper-module-imports@7.29.7
7375 silly decomposeActions finalize @babel/helper-module-imports@7.29.7
7376 silly decomposeActions fetch @babel/helper-module-transforms@7.29.7
7377 silly decomposeActions extract @babel/helper-module-transforms@7.29.7
7378 silly decomposeActions test @babel/helper-module-transforms@7.29.7
7379 silly decomposeActions preinstall @babel/helper-module-transforms@7.29.7
7380 silly decomposeActions build @babel/helper-module-transforms@7.29.7
7381 silly decomposeActions install @babel/helper-module-transforms@7.29.7
7382 silly decomposeActions postinstall @babel/helper-module-transforms@7.29.7
7383 silly decomposeActions finalize @babel/helper-module-transforms@7.29.7
7384 silly decomposeActions fetch react-is@16.13.1
7385 silly decomposeActions extract react-is@16.13.1
7386 silly decomposeActions test react-is@16.13.1
7387 silly decomposeActions preinstall react-is@16.13.1
7388 silly decomposeActions build react-is@16.13.1
7389 silly decomposeActions install react-is@16.13.1
7390 silly decomposeActions postinstall react-is@16.13.1
7391 silly decomposeActions finalize react-is@16.13.1
7392 silly decomposeActions fetch prop-types@15.8.1
7393 silly decomposeActions extract prop-types@15.8.1
7394 silly decomposeActions test prop-types@15.8.1
7395 silly decomposeActions preinstall prop-types@15.8.1
7396 silly decomposeActions build prop-types@15.8.1
7397 silly decomposeActions install prop-types@15.8.1
7398 silly decomposeActions postinstall prop-types@15.8.1
7399 silly decomposeActions finalize prop-types@15.8.1
7400 silly decomposeActions fetch react-is@18.3.1
7401 silly decomposeActions extract react-is@18.3.1
7402 silly decomposeActions test react-is@18.3.1
7403 silly decomposeActions preinstall react-is@18.3.1
7404 silly decomposeActions build react-is@18.3.1
7405 silly decomposeActions install react-is@18.3.1
7406 silly decomposeActions postinstall react-is@18.3.1
7407 silly decomposeActions finalize react-is@18.3.1
7408 silly decomposeActions fetch react-refresh@0.17.0
7409 silly decomposeActions extract react-refresh@0.17.0
7410 silly decomposeActions test react-refresh@0.17.0
7411 silly decomposeActions preinstall react-refresh@0.17.0
7412 silly decomposeActions build react-refresh@0.17.0
7413 silly decomposeActions install react-refresh@0.17.0
7414 silly decomposeActions postinstall react-refresh@0.17.0
7415 silly decomposeActions finalize react-refresh@0.17.0
7416 silly decomposeActions fetch react-transition-group@4.4.5
7417 silly decomposeActions extract react-transition-group@4.4.5
7418 silly decomposeActions test react-transition-group@4.4.5
7419 silly decomposeActions preinstall react-transition-group@4.4.5
7420 silly decomposeActions build react-transition-group@4.4.5
7421 silly decomposeActions install react-transition-group@4.4.5
7422 silly decomposeActions postinstall react-transition-group@4.4.5
7423 silly decomposeActions finalize react-transition-group@4.4.5
7424 silly decomposeActions fetch react-smooth@4.0.4
7425 silly decomposeActions extract react-smooth@4.0.4
7426 silly decomposeActions test react-smooth@4.0.4
7427 silly decomposeActions preinstall react-smooth@4.0.4
7428 silly decomposeActions build react-smooth@4.0.4
7429 silly decomposeActions install react-smooth@4.0.4
7430 silly decomposeActions postinstall react-smooth@4.0.4
7431 silly decomposeActions finalize react-smooth@4.0.4
7432 silly decomposeActions fetch recharts-scale@0.4.5
7433 silly decomposeActions extract recharts-scale@0.4.5
7434 silly decomposeActions test recharts-scale@0.4.5
7435 silly decomposeActions preinstall recharts-scale@0.4.5
7436 silly decomposeActions build recharts-scale@0.4.5
7437 silly decomposeActions install recharts-scale@0.4.5
7438 silly decomposeActions postinstall recharts-scale@0.4.5
7439 silly decomposeActions finalize recharts-scale@0.4.5
7440 silly decomposeActions fetch rollup@4.62.4
7441 silly decomposeActions extract rollup@4.62.4
7442 silly decomposeActions test rollup@4.62.4
7443 silly decomposeActions preinstall rollup@4.62.4
7444 silly decomposeActions build rollup@4.62.4
7445 silly decomposeActions install rollup@4.62.4
7446 silly decomposeActions postinstall rollup@4.62.4
7447 silly decomposeActions finalize rollup@4.62.4
7448 silly decomposeActions fetch scheduler@0.23.2
7449 silly decomposeActions extract scheduler@0.23.2
7450 silly decomposeActions test scheduler@0.23.2
7451 silly decomposeActions preinstall scheduler@0.23.2
7452 silly decomposeActions build scheduler@0.23.2
7453 silly decomposeActions install scheduler@0.23.2
7454 silly decomposeActions postinstall scheduler@0.23.2
7455 silly decomposeActions finalize scheduler@0.23.2
7456 silly decomposeActions fetch semver@6.3.1
7457 silly decomposeActions extract semver@6.3.1
7458 silly decomposeActions test semver@6.3.1
7459 silly decomposeActions preinstall semver@6.3.1
7460 silly decomposeActions build semver@6.3.1
7461 silly decomposeActions install semver@6.3.1
7462 silly decomposeActions postinstall semver@6.3.1
7463 silly decomposeActions finalize semver@6.3.1
7464 silly decomposeActions fetch source-map-js@1.2.1
7465 silly decomposeActions extract source-map-js@1.2.1
7466 silly decomposeActions test source-map-js@1.2.1
7467 silly decomposeActions preinstall source-map-js@1.2.1
7468 silly decomposeActions build source-map-js@1.2.1
7469 silly decomposeActions install source-map-js@1.2.1
7470 silly decomposeActions postinstall source-map-js@1.2.1
7471 silly decomposeActions finalize source-map-js@1.2.1
7472 silly decomposeActions fetch postcss@8.5.26
7473 silly decomposeActions extract postcss@8.5.26
7474 silly decomposeActions test postcss@8.5.26
7475 silly decomposeActions preinstall postcss@8.5.26
7476 silly decomposeActions build postcss@8.5.26
7477 silly decomposeActions install postcss@8.5.26
7478 silly decomposeActions postinstall postcss@8.5.26
7479 silly decomposeActions finalize postcss@8.5.26
7480 silly decomposeActions fetch tiny-invariant@1.3.3
7481 silly decomposeActions extract tiny-invariant@1.3.3
7482 silly decomposeActions test tiny-invariant@1.3.3
7483 silly decomposeActions preinstall tiny-invariant@1.3.3
7484 silly decomposeActions build tiny-invariant@1.3.3
7485 silly decomposeActions install tiny-invariant@1.3.3
7486 silly decomposeActions postinstall tiny-invariant@1.3.3
7487 silly decomposeActions finalize tiny-invariant@1.3.3
7488 silly decomposeActions fetch update-browserslist-db@1.3.1
7489 silly decomposeActions extract update-browserslist-db@1.3.1
7490 silly decomposeActions test update-browserslist-db@1.3.1
7491 silly decomposeActions preinstall update-browserslist-db@1.3.1
7492 silly decomposeActions build update-browserslist-db@1.3.1
7493 silly decomposeActions install update-browserslist-db@1.3.1
7494 silly decomposeActions postinstall update-browserslist-db@1.3.1
7495 silly decomposeActions finalize update-browserslist-db@1.3.1
7496 silly decomposeActions fetch browserslist@4.28.8
7497 silly decomposeActions extract browserslist@4.28.8
7498 silly decomposeActions test browserslist@4.28.8
7499 silly decomposeActions preinstall browserslist@4.28.8
7500 silly decomposeActions build browserslist@4.28.8
7501 silly decomposeActions install browserslist@4.28.8
7502 silly decomposeActions postinstall browserslist@4.28.8
7503 silly decomposeActions finalize browserslist@4.28.8
7504 silly decomposeActions fetch victory-vendor@36.9.2
7505 silly decomposeActions extract victory-vendor@36.9.2
7506 silly decomposeActions test victory-vendor@36.9.2
7507 silly decomposeActions preinstall victory-vendor@36.9.2
7508 silly decomposeActions build victory-vendor@36.9.2
7509 silly decomposeActions install victory-vendor@36.9.2
7510 silly decomposeActions postinstall victory-vendor@36.9.2
7511 silly decomposeActions finalize victory-vendor@36.9.2
7512 silly decomposeActions fetch yallist@3.1.1
7513 silly decomposeActions extract yallist@3.1.1
7514 silly decomposeActions test yallist@3.1.1
7515 silly decomposeActions preinstall yallist@3.1.1
7516 silly decomposeActions build yallist@3.1.1
7517 silly decomposeActions install yallist@3.1.1
7518 silly decomposeActions postinstall yallist@3.1.1
7519 silly decomposeActions finalize yallist@3.1.1
7520 silly decomposeActions fetch lru-cache@5.1.1
7521 silly decomposeActions extract lru-cache@5.1.1
7522 silly decomposeActions test lru-cache@5.1.1
7523 silly decomposeActions preinstall lru-cache@5.1.1
7524 silly decomposeActions build lru-cache@5.1.1
7525 silly decomposeActions install lru-cache@5.1.1
7526 silly decomposeActions postinstall lru-cache@5.1.1
7527 silly decomposeActions finalize lru-cache@5.1.1
7528 silly decomposeActions fetch @babel/helper-compilation-targets@7.29.7
7529 silly decomposeActions extract @babel/helper-compilation-targets@7.29.7
7530 silly decomposeActions test @babel/helper-compilation-targets@7.29.7
7531 silly decomposeActions preinstall @babel/helper-compilation-targets@7.29.7
7532 silly decomposeActions build @babel/helper-compilation-targets@7.29.7
7533 silly decomposeActions install @babel/helper-compilation-targets@7.29.7
7534 silly decomposeActions postinstall @babel/helper-compilation-targets@7.29.7
7535 silly decomposeActions finalize @babel/helper-compilation-targets@7.29.7
7536 silly decomposeActions fetch @babel/core@7.29.7
7537 silly decomposeActions extract @babel/core@7.29.7
7538 silly decomposeActions test @babel/core@7.29.7
7539 silly decomposeActions preinstall @babel/core@7.29.7
7540 silly decomposeActions build @babel/core@7.29.7
7541 silly decomposeActions install @babel/core@7.29.7
7542 silly decomposeActions postinstall @babel/core@7.29.7
7543 silly decomposeActions finalize @babel/core@7.29.7
7544 silly decomposeActions fetch @types/react@18.3.31
7545 silly decomposeActions extract @types/react@18.3.31
7546 silly decomposeActions test @types/react@18.3.31
7547 silly decomposeActions preinstall @types/react@18.3.31
7548 silly decomposeActions build @types/react@18.3.31
7549 silly decomposeActions install @types/react@18.3.31
7550 silly decomposeActions postinstall @types/react@18.3.31
7551 silly decomposeActions finalize @types/react@18.3.31
7552 silly decomposeActions fetch @types/react-dom@18.3.7
7553 silly decomposeActions extract @types/react-dom@18.3.7
7554 silly decomposeActions test @types/react-dom@18.3.7
7555 silly decomposeActions preinstall @types/react-dom@18.3.7
7556 silly decomposeActions build @types/react-dom@18.3.7
7557 silly decomposeActions install @types/react-dom@18.3.7
7558 silly decomposeActions postinstall @types/react-dom@18.3.7
7559 silly decomposeActions finalize @types/react-dom@18.3.7
7560 silly decomposeActions fetch @vitejs/plugin-react@4.7.0
7561 silly decomposeActions extract @vitejs/plugin-react@4.7.0
7562 silly decomposeActions test @vitejs/plugin-react@4.7.0
7563 silly decomposeActions preinstall @vitejs/plugin-react@4.7.0
7564 silly decomposeActions build @vitejs/plugin-react@4.7.0
7565 silly decomposeActions install @vitejs/plugin-react@4.7.0
7566 silly decomposeActions postinstall @vitejs/plugin-react@4.7.0
7567 silly decomposeActions finalize @vitejs/plugin-react@4.7.0
7568 silly decomposeActions fetch lucide-react@0.300.0
7569 silly decomposeActions extract lucide-react@0.300.0
7570 silly decomposeActions test lucide-react@0.300.0
7571 silly decomposeActions preinstall lucide-react@0.300.0
7572 silly decomposeActions build lucide-react@0.300.0
7573 silly decomposeActions install lucide-react@0.300.0
7574 silly decomposeActions postinstall lucide-react@0.300.0
7575 silly decomposeActions finalize lucide-react@0.300.0
7576 silly decomposeActions fetch react@18.3.1
7577 silly decomposeActions extract react@18.3.1
7578 silly decomposeActions test react@18.3.1
7579 silly decomposeActions preinstall react@18.3.1
7580 silly decomposeActions build react@18.3.1
7581 silly decomposeActions install react@18.3.1
7582 silly decomposeActions postinstall react@18.3.1
7583 silly decomposeActions finalize react@18.3.1
7584 silly decomposeActions fetch react-dom@18.3.1
7585 silly decomposeActions extract react-dom@18.3.1
7586 silly decomposeActions test react-dom@18.3.1
7587 silly decomposeActions preinstall react-dom@18.3.1
7588 silly decomposeActions build react-dom@18.3.1
7589 silly decomposeActions install react-dom@18.3.1
7590 silly decomposeActions postinstall react-dom@18.3.1
7591 silly decomposeActions finalize react-dom@18.3.1
7592 silly decomposeActions fetch recharts@2.15.4
7593 silly decomposeActions extract recharts@2.15.4
7594 silly decomposeActions test recharts@2.15.4
7595 silly decomposeActions preinstall recharts@2.15.4
7596 silly decomposeActions build recharts@2.15.4
7597 silly decomposeActions install recharts@2.15.4
7598 silly decomposeActions postinstall recharts@2.15.4
7599 silly decomposeActions finalize recharts@2.15.4
7600 silly decomposeActions fetch vite@5.4.21
7601 silly decomposeActions extract vite@5.4.21
7602 silly decomposeActions test vite@5.4.21
7603 silly decomposeActions preinstall vite@5.4.21
7604 silly decomposeActions build vite@5.4.21
7605 silly decomposeActions install vite@5.4.21
7606 silly decomposeActions postinstall vite@5.4.21
7607 silly decomposeActions finalize vite@5.4.21
7608 silly runTopLevelLifecycles Starting
7609 silly install runPreinstallTopLevelLifecycles
7610 silly preinstall ai-packet-anomaly-frontend@1.0.0 /Users/hyypucs/work/Antigravity2/ai_pkt/frontend/ai-packet-anomaly-frontend-f1a0bf7d
7611 info lifecycle ai-packet-anomaly-frontend@1.0.0~preinstall: ai-packet-anomaly-frontend@1.0.0
7612 silly lifecycle ai-packet-anomaly-frontend@1.0.0~preinstall: no script for preinstall, continuing
7613 silly executeActions Starting
7614 silly install executeActions
7615 silly doSerial global-install 0
7616 silly doParallel fetch 106
7617 verbose correctMkdir /Users/hyypucs/.npm/_locks correctMkdir not in flight; initializing
7618 verbose lock using /Users/hyypucs/.npm/_locks/staging-9c4ee63926dc23a7.lock for /Users/hyypucs/work/Antigravity2/ai_pkt/frontend/node_modules/.staging
7619 silly doParallel extract 106
7620 silly extract @babel/compat-data@7.29.7
7621 silly extract @babel/helper-globals@7.29.7
7622 silly extract @babel/helper-plugin-utils@7.29.7
7623 silly extract @babel/helper-string-parser@7.29.7
7624 silly extract @babel/helper-validator-identifier@7.29.7
7625 silly extract @babel/helper-validator-option@7.29.7
7626 silly extract @babel/plugin-transform-react-jsx-self@7.29.7
7627 silly extract @babel/plugin-transform-react-jsx-source@7.29.7
7628 silly extract @babel/runtime@7.29.7
7629 silly extract @babel/types@7.29.8
7630 silly extract @babel/parser@7.29.8
7631 silly extract @esbuild/darwin-x64@0.21.5
7632 silly extract @jridgewell/resolve-uri@3.1.2
7633 silly extract @jridgewell/sourcemap-codec@1.5.5
7634 silly extract @jridgewell/trace-mapping@0.3.31
7635 silly extract @jridgewell/gen-mapping@0.3.13
7636 silly extract @jridgewell/remapping@2.3.5
7637 silly extract @rolldown/pluginutils@1.0.0-beta.27
7638 silly extract @rollup/rollup-darwin-x64@4.62.4
7639 silly extract @types/babel__generator@7.27.0
7640 silly extract @types/babel__template@7.4.4
7641 silly extract @types/babel__traverse@7.28.0
7642 silly extract @types/babel__core@7.20.5
7643 silly extract @types/d3-array@3.2.2
7644 silly extract @types/d3-color@3.1.3
7645 silly extract @types/d3-ease@3.0.2
7646 silly extract @types/d3-interpolate@3.0.4
7647 silly extract @types/d3-path@3.1.1
7648 silly extract @types/d3-shape@3.1.8
7649 silly extract @types/d3-time@3.0.4
7650 silly extract @types/d3-scale@4.0.9
7651 silly extract @types/d3-timer@3.0.2
7652 silly extract @types/estree@1.0.9
7653 silly extract @types/prop-types@15.7.15
7654 silly extract baseline-browser-mapping@2.11.13
7655 silly extract caniuse-lite@1.0.30001809
7656 silly extract clsx@2.1.1
7657 silly extract convert-source-map@2.0.0
7658 silly extract csstype@3.2.3
7659 silly extract d3-color@3.1.0
7660 silly extract d3-ease@3.0.1
7661 silly extract d3-format@3.1.2
7662 silly extract d3-interpolate@3.0.1
7663 silly extract d3-path@3.1.0
7664 silly extract d3-shape@3.2.0
7665 silly extract d3-timer@3.0.1
7666 silly extract decimal.js-light@2.5.1
7667 silly extract dom-helpers@5.2.1
7668 silly extract electron-to-chromium@1.5.404
7669 silly extract esbuild@0.21.5
7670 silly extract escalade@3.2.0
7671 silly extract eventemitter3@4.0.7
7672 silly extract fast-equals@5.4.1
7673 silly extract fsevents@2.3.3
7674 silly extract gensync@1.0.0-beta.2
7675 silly extract internmap@2.0.3
7676 silly extract d3-array@3.2.4
7677 silly extract d3-time@3.1.0
7678 silly extract d3-time-format@4.1.0
7679 silly extract d3-scale@4.0.2
7680 silly extract js-tokens@4.0.0
7681 silly extract jsesc@3.1.0
7682 silly extract @babel/generator@7.29.8
7683 silly extract json5@2.2.3
7684 silly extract lodash@4.18.1
7685 silly extract loose-envify@1.4.0
7686 silly extract ms@2.1.3
7687 silly extract debug@4.4.3
7688 silly extract nanoid@3.3.18
7689 silly extract node-releases@2.0.53
7690 silly extract object-assign@4.1.1
7691 silly extract picocolors@1.1.1
7692 silly extract @babel/code-frame@7.29.7
7693 silly extract @babel/template@7.29.7
7694 silly extract @babel/helpers@7.29.7
7695 silly extract @babel/traverse@7.29.8
7696 silly extract @babel/helper-module-imports@7.29.7
7697 silly extract @babel/helper-module-transforms@7.29.7
7698 silly extract react-is@16.13.1
7699 silly extract prop-types@15.8.1
7700 silly extract react-is@18.3.1
7701 silly extract react-refresh@0.17.0
7702 silly extract react-transition-group@4.4.5
7703 silly extract react-smooth@4.0.4
7704 silly extract recharts-scale@0.4.5
7705 silly extract rollup@4.62.4
7706 silly extract scheduler@0.23.2
7707 silly extract semver@6.3.1
7708 silly extract source-map-js@1.2.1
7709 silly extract postcss@8.5.26
7710 silly extract tiny-invariant@1.3.3
7711 silly extract update-browserslist-db@1.3.1
7712 silly extract browserslist@4.28.8
7713 silly extract victory-vendor@36.9.2
7714 silly extract yallist@3.1.1
7715 silly extract lru-cache@5.1.1
7716 silly extract @babel/helper-compilation-targets@7.29.7
7717 silly extract @babel/core@7.29.7
7718 silly extract @types/react@18.3.31
7719 silly extract @types/react-dom@18.3.7
7720 silly extract @vitejs/plugin-react@4.7.0
7721 silly extract lucide-react@0.300.0
7722 silly extract react@18.3.1
7723 silly extract react-dom@18.3.1
7724 silly extract recharts@2.15.4
7725 silly extract vite@5.4.21
7726 verbose unbuild node_modules/.staging/@babel/helper-string-parser-62dd6290
7727 verbose unbuild node_modules/.staging/@babel/helper-globals-4e040f00
7728 verbose unbuild node_modules/.staging/@babel/helper-plugin-utils-1657f779
7729 verbose unbuild node_modules/.staging/@babel/helper-validator-identifier-5261f83e
7730 verbose unbuild node_modules/.staging/@babel/plugin-transform-react-jsx-source-7e442006
7731 verbose unbuild node_modules/.staging/@babel/helper-validator-option-65d355c7
7732 verbose unbuild node_modules/.staging/@babel/plugin-transform-react-jsx-self-a09f59f8
7733 verbose unbuild node_modules/.staging/@babel/runtime-28a7948e
7734 verbose unbuild node_modules/.staging/@babel/types-ff3b9d49
7735 verbose unbuild node_modules/.staging/@jridgewell/sourcemap-codec-8610f45d
7736 verbose unbuild node_modules/.staging/@esbuild/darwin-x64-d0225161
7737 verbose unbuild node_modules/.staging/@jridgewell/resolve-uri-47ca2955
7738 verbose unbuild node_modules/.staging/@rollup/rollup-darwin-x64-ce41dc6e
7739 verbose unbuild node_modules/.staging/@jridgewell/gen-mapping-cbb19385
7740 verbose unbuild node_modules/.staging/@types/babel__generator-99f288f5
7741 verbose unbuild node_modules/.staging/@rolldown/pluginutils-4d53013b
7742 verbose unbuild node_modules/.staging/@jridgewell/trace-mapping-c0cc7fc4
7743 verbose unbuild node_modules/.staging/@babel/compat-data-76fac342
7744 verbose unbuild node_modules/.staging/@jridgewell/remapping-214c8a55
7745 verbose unbuild node_modules/.staging/@types/babel__traverse-cc1c2caa
7746 verbose unbuild node_modules/.staging/@types/babel__template-5b1783c3
7747 verbose unbuild node_modules/.staging/@types/babel__core-ffdd3265
7748 verbose unbuild node_modules/.staging/@types/d3-color-52be9b3d
7749 verbose unbuild node_modules/.staging/@types/d3-ease-eea7ca3d
7750 verbose unbuild node_modules/.staging/@types/d3-interpolate-64f955e2
7751 verbose unbuild node_modules/.staging/@types/d3-path-d266725f
7752 verbose unbuild node_modules/.staging/@types/d3-shape-830770d9
7753 verbose unbuild node_modules/.staging/@types/d3-array-ce217597
7754 verbose unbuild node_modules/.staging/@types/d3-scale-5797ecc6
7755 verbose unbuild node_modules/.staging/@types/estree-a2d6dd4a
7756 verbose unbuild node_modules/.staging/@types/d3-timer-e227a7d0
7757 verbose unbuild node_modules/.staging/@types/prop-types-07d470b2
7758 verbose unbuild node_modules/.staging/@types/d3-time-62558e7d
7759 verbose unbuild node_modules/.staging/caniuse-lite-9cac5b6d
7760 verbose unbuild node_modules/.staging/d3-color-7d3eb6b6
7761 verbose unbuild node_modules/.staging/convert-source-map-01c91187
7762 verbose unbuild node_modules/.staging/csstype-56e6a540
7763 verbose unbuild node_modules/.staging/d3-ease-f952e8a9
7764 verbose unbuild node_modules/.staging/clsx-a6bd0328
7765 verbose unbuild node_modules/.staging/d3-format-451b78a7
7766 verbose unbuild node_modules/.staging/d3-interpolate-7f42084d
7767 verbose unbuild node_modules/.staging/d3-timer-26193b56
7768 verbose unbuild node_modules/.staging/d3-path-25f4a706
7769 verbose unbuild node_modules/.staging/d3-shape-c9a8643b
7770 verbose unbuild node_modules/.staging/decimal.js-light-c982a3f7
7771 verbose unbuild node_modules/.staging/escalade-92f3a6f7
7772 verbose unbuild node_modules/.staging/electron-to-chromium-be3fa45a
7773 verbose unbuild node_modules/.staging/fast-equals-6b64c2ba
7774 verbose unbuild node_modules/.staging/dom-helpers-f70a8c7e
7775 verbose unbuild node_modules/.staging/eventemitter3-a3fbf7d2
7776 verbose unbuild node_modules/.staging/fsevents-141cdb5a
7777 verbose unbuild node_modules/.staging/gensync-22c6d371
7778 verbose unbuild node_modules/.staging/internmap-8679a2c1
7779 verbose unbuild node_modules/.staging/d3-array-dae1188f
7780 verbose unbuild node_modules/.staging/d3-time-f60dc8e0
7781 verbose unbuild node_modules/.staging/d3-scale-9cfb529f
7782 verbose unbuild node_modules/.staging/@babel/generator-31651e45
7783 verbose unbuild node_modules/.staging/d3-time-format-64b5f96b
7784 verbose unbuild node_modules/.staging/lodash-ce69daf0
7785 verbose unbuild node_modules/.staging/debug-36bf485f
7786 verbose unbuild node_modules/.staging/ms-83048f9f
7787 verbose unbuild node_modules/.staging/js-tokens-c75248a0
7788 verbose unbuild node_modules/.staging/@babel/code-frame-c209b9e9
7789 verbose unbuild node_modules/.staging/object-assign-df7b83b5
7790 verbose unbuild node_modules/.staging/picocolors-7e1ce966
7791 verbose unbuild node_modules/.staging/node-releases-1d9a221d
7792 verbose unbuild node_modules/.staging/@babel/helper-module-imports-2fb2a5d4
7793 verbose unbuild node_modules/.staging/@babel/helpers-f04e7afb
7794 verbose unbuild node_modules/.staging/@babel/traverse-c89c2157
7795 verbose unbuild node_modules/.staging/@babel/template-c4ea2115
7796 verbose unbuild node_modules/.staging/@babel/helper-module-transforms-015b5446
7797 verbose unbuild node_modules/.staging/react-is-90524138
7798 verbose unbuild node_modules/.staging/prop-types-ca123694
7799 verbose unbuild node_modules/.staging/react-transition-group-241b48e6
7800 verbose unbuild node_modules/.staging/react-is-9895b65c
7801 verbose unbuild node_modules/.staging/react-refresh-e6c4b4ab
7802 verbose unbuild node_modules/.staging/recharts-scale-60cf0b2b
7803 verbose unbuild node_modules/.staging/source-map-js-ca26e6a5
7804 verbose unbuild node_modules/.staging/react-smooth-0cddc9aa
7805 verbose unbuild node_modules/.staging/postcss-b1d35006
7806 verbose unbuild node_modules/.staging/scheduler-69312336
7807 verbose unbuild node_modules/.staging/tiny-invariant-5a0eb601
7808 verbose unbuild node_modules/.staging/victory-vendor-4eb8a669
7809 verbose unbuild node_modules/.staging/yallist-d02f279f
7810 verbose unbuild node_modules/.staging/lru-cache-0b08210b
7811 verbose unbuild node_modules/.staging/@babel/helper-compilation-targets-42f76efa
7812 verbose unbuild node_modules/.staging/@types/react-2ccf5eda
7813 verbose unbuild node_modules/.staging/@babel/core-421b6fc0
7814 verbose unbuild node_modules/.staging/@types/react-dom-61e5c20d
7815 verbose unbuild node_modules/.staging/@vitejs/plugin-react-720d5cb2
7816 verbose unbuild node_modules/.staging/recharts-9905307e
7817 verbose unbuild node_modules/.staging/react-a63d2ea3
7818 verbose unbuild node_modules/.staging/lucide-react-1a03b856
7819 verbose unbuild node_modules/.staging/@babel/parser-1eb88225
7820 verbose unbuild node_modules/.staging/baseline-browser-mapping-cde011e1
7821 verbose unbuild node_modules/.staging/esbuild-cb60457f
7822 verbose unbuild node_modules/.staging/jsesc-d086bdb6
7823 verbose unbuild node_modules/.staging/json5-ba6ee996
7824 verbose unbuild node_modules/.staging/nanoid-b80c3066
7825 verbose unbuild node_modules/.staging/loose-envify-000a6247
7826 verbose unbuild node_modules/.staging/semver-16a3698f
7827 verbose unbuild node_modules/.staging/update-browserslist-db-d6ca5623
7828 verbose unbuild node_modules/.staging/browserslist-3130500b
7829 verbose unbuild node_modules/.staging/rollup-5785a5d1
7830 verbose unbuild node_modules/.staging/react-dom-7ebd7deb
7831 verbose unbuild node_modules/.staging/vite-94c38a43
7832 silly gentlyRm /Users/hyypucs/work/Antigravity2/ai_pkt/frontend/node_modules/.staging/@babel/helper-string-parser-62dd6290 is being purged from base /Users/hyypucs/work/Antigravity2/ai_pkt/frontend
7833 verbose gentlyRm don't care about contents; nuking /Users/hyypucs/work/Antigravity2/ai_pkt/frontend/node_modules/.staging/@babel/helper-string-parser-62dd6290
7834 silly gentlyRm /Users/hyypucs/work/Antigravity2/ai_pkt/frontend/node_modules/.staging/@babel/helper-plugin-utils-1657f779 is being purged from base /Users/hyypucs/work/Antigravity2/ai_pkt/frontend
7835 verbose gentlyRm don't care about contents; nuking /Users/hyypucs/work/Antigravity2/ai_pkt/frontend/node_modules/.staging/@babel/helper-plugin-utils-1657f779
7836 silly gentlyRm /Users/hyypucs/work/Antigravity2/ai_pkt/frontend/node_modules/.staging/@babel/helper-globals-4e040f00 is being purged from base /Users/hyypucs/work/Antigravity2/ai_pkt/frontend
7837 verbose gentlyRm don't care about contents; nuking /Users/hyypucs/work/Antigravity2/ai_pkt/frontend/node_modules/.staging/@babel/helper-globals-4e040f00
7838 silly gentlyRm /Users/hyypucs/work/Antigravity2/ai_pkt/frontend/node_modules/.staging/@babel/helper-validator-identifier-5261f83e is being purged from base /Users/hyypucs/work/Antigravity2/ai_pkt/frontend
7839 verbose gentlyRm don't care about contents; nuking /Users/hyypucs/work/Antigravity2/ai_pkt/frontend/node_modules/.staging/@babel/helper-validator-identifier-5261f83e
7840 silly gentlyRm /Users/hyypucs/work/Antigravity2/ai_pkt/frontend/node_modules/.staging/@babel/plugin-transform-react-jsx-source-7e442006 is being purged from base /Users/hyypucs/work/Antigravity2/ai_pkt/frontend
7841 verbose gentlyRm don't care about contents; nuking /Users/hyypucs/work/Antigravity2/ai_pkt/frontend/node_modules/.staging/@babel/plugin-transform-react-jsx-source-7e442006
7842 silly gentlyRm /Users/hyypucs/work/Antigravity2/ai_pkt/frontend/node_modules/.staging/@babel/helper-validator-option-65d355c7 is being purged from base /Users/hyypucs/work/Antigravity2/ai_pkt/frontend
7843 verbose gentlyRm don't care about contents; nuking /Users/hyypucs/work/Antigravity2/ai_pkt/frontend/node_modules/.staging/@babel/helper-validator-option-65d355c7
7844 silly gentlyRm /Users/hyypucs/work/Antigravity2/ai_pkt/frontend/node_modules/.staging/@babel/plugin-transform-react-jsx-self-a09f59f8 is being purged from base /Users/hyypucs/work/Antigravity2/ai_pkt/frontend
7845 verbose gentlyRm don't care about contents; nuking /Users/hyypucs/work/Antigravity2/ai_pkt/frontend/node_modules/.staging/@babel/plugin-transform-react-jsx-self-a09f59f8
7846 silly gentlyRm /Users/hyypucs/work/Antigravity2/ai_pkt/frontend/node_modules/.staging/@babel/runtime-28a7948e is being purged from base /Users/hyypucs/work/Antigravity2/ai_pkt/frontend
7847 verbose gentlyRm don't care about contents; nuking /Users/hyypucs/work/Antigravity2/ai_pkt/frontend/node_modules/.staging/@babel/runtime-28a7948e
7848 silly gentlyRm /Users/hyypucs/work/Antigravity2/ai_pkt/frontend/node_modules/.staging/@babel/types-ff3b9d49 is being purged from base /Users/hyypucs/work/Antigravity2/ai_pkt/frontend
7849 verbose gentlyRm don't care about contents; nuking /Users/hyypucs/work/Antigravity2/ai_pkt/frontend/node_modules/.staging/@babel/types-ff3b9d49
7850 silly gentlyRm /Users/hyypucs/work/Antigravity2/ai_pkt/frontend/node_modules/.staging/@jridgewell/sourcemap-codec-8610f45d is being purged from base /Users/hyypucs/work/Antigravity2/ai_pkt/frontend
7851 verbose gentlyRm don't care about contents; nuking /Users/hyypucs/work/Antigravity2/ai_pkt/frontend/node_modules/.staging/@jridgewell/sourcemap-codec-8610f45d
7852 silly gentlyRm /Users/hyypucs/work/Antigravity2/ai_pkt/frontend/node_modules/.staging/@esbuild/darwin-x64-d0225161 is being purged from base /Users/hyypucs/work/Antigravity2/ai_pkt/frontend
7853 verbose gentlyRm don't care about contents; nuking /Users/hyypucs/work/Antigravity2/ai_pkt/frontend/node_modules/.staging/@esbuild/darwin-x64-d0225161
7854 silly gentlyRm /Users/hyypucs/work/Antigravity2/ai_pkt/frontend/node_modules/.staging/@jridgewell/resolve-uri-47ca2955 is being purged from base /Users/hyypucs/work/Antigravity2/ai_pkt/frontend
7855 verbose gentlyRm don't care about contents; nuking /Users/hyypucs/work/Antigravity2/ai_pkt/frontend/node_modules/.staging/@jridgewell/resolve-uri-47ca2955
7856 silly gentlyRm /Users/hyypucs/work/Antigravity2/ai_pkt/frontend/node_modules/.staging/@rollup/rollup-darwin-x64-ce41dc6e is being purged from base /Users/hyypucs/work/Antigravity2/ai_pkt/frontend
7857 verbose gentlyRm don't care about contents; nuking /Users/hyypucs/work/Antigravity2/ai_pkt/frontend/node_modules/.staging/@rollup/rollup-darwin-x64-ce41dc6e
7858 silly gentlyRm /Users/hyypucs/work/Antigravity2/ai_pkt/frontend/node_modules/.staging/@jridgewell/gen-mapping-cbb19385 is being purged from base /Users/hyypucs/work/Antigravity2/ai_pkt/frontend
7859 verbose gentlyRm don't care about contents; nuking /Users/hyypucs/work/Antigravity2/ai_pkt/frontend/node_modules/.staging/@jridgewell/gen-mapping-cbb19385
7860 silly gentlyRm /Users/hyypucs/work/Antigravity2/ai_pkt/frontend/node_modules/.staging/@types/babel__generator-99f288f5 is being purged from base /Users/hyypucs/work/Antigravity2/ai_pkt/frontend
7861 verbose gentlyRm don't care about contents; nuking /Users/hyypucs/work/Antigravity2/ai_pkt/frontend/node_modules/.staging/@types/babel__generator-99f288f5
7862 silly gentlyRm /Users/hyypucs/work/Antigravity2/ai_pkt/frontend/node_modules/.staging/@rolldown/pluginutils-4d53013b is being purged from base /Users/hyypucs/work/Antigravity2/ai_pkt/frontend
7863 verbose gentlyRm don't care about contents; nuking /Users/hyypucs/work/Antigravity2/ai_pkt/frontend/node_modules/.staging/@rolldown/pluginutils-4d53013b
7864 silly gentlyRm /Users/hyypucs/work/Antigravity2/ai_pkt/frontend/node_modules/.staging/@jridgewell/trace-mapping-c0cc7fc4 is being purged from base /Users/hyypucs/work/Antigravity2/ai_pkt/frontend
7865 verbose gentlyRm don't care about contents; nuking /Users/hyypucs/work/Antigravity2/ai_pkt/frontend/node_modules/.staging/@jridgewell/trace-mapping-c0cc7fc4
7866 silly gentlyRm /Users/hyypucs/work/Antigravity2/ai_pkt/frontend/node_modules/.staging/@babel/compat-data-76fac342 is being purged from base /Users/hyypucs/work/Antigravity2/ai_pkt/frontend
7867 verbose gentlyRm don't care about contents; nuking /Users/hyypucs/work/Antigravity2/ai_pkt/frontend/node_modules/.staging/@babel/compat-data-76fac342
7868 silly gentlyRm /Users/hyypucs/work/Antigravity2/ai_pkt/frontend/node_modules/.staging/@jridgewell/remapping-214c8a55 is being purged from base /Users/hyypucs/work/Antigravity2/ai_pkt/frontend
7869 verbose gentlyRm don't care about contents; nuking /Users/hyypucs/work/Antigravity2/ai_pkt/frontend/node_modules/.staging/@jridgewell/remapping-214c8a55
7870 silly gentlyRm /Users/hyypucs/work/Antigravity2/ai_pkt/frontend/node_modules/.staging/@types/babel__traverse-cc1c2caa is being purged from base /Users/hyypucs/work/Antigravity2/ai_pkt/frontend
7871 verbose gentlyRm don't care about contents; nuking /Users/hyypucs/work/Antigravity2/ai_pkt/frontend/node_modules/.staging/@types/babel__traverse-cc1c2caa
7872 silly gentlyRm /Users/hyypucs/work/Antigravity2/ai_pkt/frontend/node_modules/.staging/@types/babel__template-5b1783c3 is being purged from base /Users/hyypucs/work/Antigravity2/ai_pkt/frontend
7873 verbose gentlyRm don't care about contents; nuking /Users/hyypucs/work/Antigravity2/ai_pkt/frontend/node_modules/.staging/@types/babel__template-5b1783c3
7874 silly gentlyRm /Users/hyypucs/work/Antigravity2/ai_pkt/frontend/node_modules/.staging/@types/babel__core-ffdd3265 is being purged from base /Users/hyypucs/work/Antigravity2/ai_pkt/frontend
7875 verbose gentlyRm don't care about contents; nuking /Users/hyypucs/work/Antigravity2/ai_pkt/frontend/node_modules/.staging/@types/babel__core-ffdd3265
7876 silly gentlyRm /Users/hyypucs/work/Antigravity2/ai_pkt/frontend/node_modules/.staging/@types/d3-color-52be9b3d is being purged from base /Users/hyypucs/work/Antigravity2/ai_pkt/frontend
7877 verbose gentlyRm don't care about contents; nuking /Users/hyypucs/work/Antigravity2/ai_pkt/frontend/node_modules/.staging/@types/d3-color-52be9b3d
7878 silly gentlyRm /Users/hyypucs/work/Antigravity2/ai_pkt/frontend/node_modules/.staging/@types/d3-ease-eea7ca3d is being purged from base /Users/hyypucs/work/Antigravity2/ai_pkt/frontend
7879 verbose gentlyRm don't care about contents; nuking /Users/hyypucs/work/Antigravity2/ai_pkt/frontend/node_modules/.staging/@types/d3-ease-eea7ca3d
7880 silly gentlyRm /Users/hyypucs/work/Antigravity2/ai_pkt/frontend/node_modules/.staging/@types/d3-interpolate-64f955e2 is being purged from base /Users/hyypucs/work/Antigravity2/ai_pkt/frontend
7881 verbose gentlyRm don't care about contents; nuking /Users/hyypucs/work/Antigravity2/ai_pkt/frontend/node_modules/.staging/@types/d3-interpolate-64f955e2
7882 silly gentlyRm /Users/hyypucs/work/Antigravity2/ai_pkt/frontend/node_modules/.staging/@types/d3-path-d266725f is being purged from base /Users/hyypucs/work/Antigravity2/ai_pkt/frontend
7883 verbose gentlyRm don't care about contents; nuking /Users/hyypucs/work/Antigravity2/ai_pkt/frontend/node_modules/.staging/@types/d3-path-d266725f
7884 silly gentlyRm /Users/hyypucs/work/Antigravity2/ai_pkt/frontend/node_modules/.staging/@types/d3-shape-830770d9 is being purged from base /Users/hyypucs/work/Antigravity2/ai_pkt/frontend
7885 verbose gentlyRm don't care about contents; nuking /Users/hyypucs/work/Antigravity2/ai_pkt/frontend/node_modules/.staging/@types/d3-shape-830770d9
7886 silly gentlyRm /Users/hyypucs/work/Antigravity2/ai_pkt/frontend/node_modules/.staging/@types/d3-array-ce217597 is being purged from base /Users/hyypucs/work/Antigravity2/ai_pkt/frontend
7887 verbose gentlyRm don't care about contents; nuking /Users/hyypucs/work/Antigravity2/ai_pkt/frontend/node_modules/.staging/@types/d3-array-ce217597
7888 silly gentlyRm /Users/hyypucs/work/Antigravity2/ai_pkt/frontend/node_modules/.staging/@types/d3-scale-5797ecc6 is being purged from base /Users/hyypucs/work/Antigravity2/ai_pkt/frontend
7889 verbose gentlyRm don't care about contents; nuking /Users/hyypucs/work/Antigravity2/ai_pkt/frontend/node_modules/.staging/@types/d3-scale-5797ecc6
7890 silly gentlyRm /Users/hyypucs/work/Antigravity2/ai_pkt/frontend/node_modules/.staging/@types/estree-a2d6dd4a is being purged from base /Users/hyypucs/work/Antigravity2/ai_pkt/frontend
7891 verbose gentlyRm don't care about contents; nuking /Users/hyypucs/work/Antigravity2/ai_pkt/frontend/node_modules/.staging/@types/estree-a2d6dd4a
7892 silly gentlyRm /Users/hyypucs/work/Antigravity2/ai_pkt/frontend/node_modules/.staging/@types/d3-timer-e227a7d0 is being purged from base /Users/hyypucs/work/Antigravity2/ai_pkt/frontend
7893 verbose gentlyRm don't care about contents; nuking /Users/hyypucs/work/Antigravity2/ai_pkt/frontend/node_modules/.staging/@types/d3-timer-e227a7d0
7894 silly gentlyRm /Users/hyypucs/work/Antigravity2/ai_pkt/frontend/node_modules/.staging/@types/prop-types-07d470b2 is being purged from base /Users/hyypucs/work/Antigravity2/ai_pkt/frontend
7895 verbose gentlyRm don't care about contents; nuking /Users/hyypucs/work/Antigravity2/ai_pkt/frontend/node_modules/.staging/@types/prop-types-07d470b2
7896 silly gentlyRm /Users/hyypucs/work/Antigravity2/ai_pkt/frontend/node_modules/.staging/@types/d3-time-62558e7d is being purged from base /Users/hyypucs/work/Antigravity2/ai_pkt/frontend
7897 verbose gentlyRm don't care about contents; nuking /Users/hyypucs/work/Antigravity2/ai_pkt/frontend/node_modules/.staging/@types/d3-time-62558e7d
7898 silly gentlyRm /Users/hyypucs/work/Antigravity2/ai_pkt/frontend/node_modules/.staging/caniuse-lite-9cac5b6d is being purged from base /Users/hyypucs/work/Antigravity2/ai_pkt/frontend
7899 verbose gentlyRm don't care about contents; nuking /Users/hyypucs/work/Antigravity2/ai_pkt/frontend/node_modules/.staging/caniuse-lite-9cac5b6d
7900 silly gentlyRm /Users/hyypucs/work/Antigravity2/ai_pkt/frontend/node_modules/.staging/d3-color-7d3eb6b6 is being purged from base /Users/hyypucs/work/Antigravity2/ai_pkt/frontend
7901 verbose gentlyRm don't care about contents; nuking /Users/hyypucs/work/Antigravity2/ai_pkt/frontend/node_modules/.staging/d3-color-7d3eb6b6
7902 silly gentlyRm /Users/hyypucs/work/Antigravity2/ai_pkt/frontend/node_modules/.staging/convert-source-map-01c91187 is being purged from base /Users/hyypucs/work/Antigravity2/ai_pkt/frontend
7903 verbose gentlyRm don't care about contents; nuking /Users/hyypucs/work/Antigravity2/ai_pkt/frontend/node_modules/.staging/convert-source-map-01c91187
7904 silly gentlyRm /Users/hyypucs/work/Antigravity2/ai_pkt/frontend/node_modules/.staging/csstype-56e6a540 is being purged from base /Users/hyypucs/work/Antigravity2/ai_pkt/frontend
7905 verbose gentlyRm don't care about contents; nuking /Users/hyypucs/work/Antigravity2/ai_pkt/frontend/node_modules/.staging/csstype-56e6a540
7906 silly gentlyRm /Users/hyypucs/work/Antigravity2/ai_pkt/frontend/node_modules/.staging/d3-ease-f952e8a9 is being purged from base /Users/hyypucs/work/Antigravity2/ai_pkt/frontend
7907 verbose gentlyRm don't care about contents; nuking /Users/hyypucs/work/Antigravity2/ai_pkt/frontend/node_modules/.staging/d3-ease-f952e8a9
7908 silly gentlyRm /Users/hyypucs/work/Antigravity2/ai_pkt/frontend/node_modules/.staging/clsx-a6bd0328 is being purged from base /Users/hyypucs/work/Antigravity2/ai_pkt/frontend
7909 verbose gentlyRm don't care about contents; nuking /Users/hyypucs/work/Antigravity2/ai_pkt/frontend/node_modules/.staging/clsx-a6bd0328
7910 silly gentlyRm /Users/hyypucs/work/Antigravity2/ai_pkt/frontend/node_modules/.staging/d3-format-451b78a7 is being purged from base /Users/hyypucs/work/Antigravity2/ai_pkt/frontend
7911 verbose gentlyRm don't care about contents; nuking /Users/hyypucs/work/Antigravity2/ai_pkt/frontend/node_modules/.staging/d3-format-451b78a7
7912 silly gentlyRm /Users/hyypucs/work/Antigravity2/ai_pkt/frontend/node_modules/.staging/d3-interpolate-7f42084d is being purged from base /Users/hyypucs/work/Antigravity2/ai_pkt/frontend
7913 verbose gentlyRm don't care about contents; nuking /Users/hyypucs/work/Antigravity2/ai_pkt/frontend/node_modules/.staging/d3-interpolate-7f42084d
7914 silly gentlyRm /Users/hyypucs/work/Antigravity2/ai_pkt/frontend/node_modules/.staging/d3-timer-26193b56 is being purged from base /Users/hyypucs/work/Antigravity2/ai_pkt/frontend
7915 verbose gentlyRm don't care about contents; nuking /Users/hyypucs/work/Antigravity2/ai_pkt/frontend/node_modules/.staging/d3-timer-26193b56
7916 silly gentlyRm /Users/hyypucs/work/Antigravity2/ai_pkt/frontend/node_modules/.staging/d3-path-25f4a706 is being purged from base /Users/hyypucs/work/Antigravity2/ai_pkt/frontend
7917 verbose gentlyRm don't care about contents; nuking /Users/hyypucs/work/Antigravity2/ai_pkt/frontend/node_modules/.staging/d3-path-25f4a706
7918 silly gentlyRm /Users/hyypucs/work/Antigravity2/ai_pkt/frontend/node_modules/.staging/d3-shape-c9a8643b is being purged from base /Users/hyypucs/work/Antigravity2/ai_pkt/frontend
7919 verbose gentlyRm don't care about contents; nuking /Users/hyypucs/work/Antigravity2/ai_pkt/frontend/node_modules/.staging/d3-shape-c9a8643b
7920 silly gentlyRm /Users/hyypucs/work/Antigravity2/ai_pkt/frontend/node_modules/.staging/decimal.js-light-c982a3f7 is being purged from base /Users/hyypucs/work/Antigravity2/ai_pkt/frontend
7921 verbose gentlyRm don't care about contents; nuking /Users/hyypucs/work/Antigravity2/ai_pkt/frontend/node_modules/.staging/decimal.js-light-c982a3f7
7922 silly gentlyRm /Users/hyypucs/work/Antigravity2/ai_pkt/frontend/node_modules/.staging/escalade-92f3a6f7 is being purged from base /Users/hyypucs/work/Antigravity2/ai_pkt/frontend
7923 verbose gentlyRm don't care about contents; nuking /Users/hyypucs/work/Antigravity2/ai_pkt/frontend/node_modules/.staging/escalade-92f3a6f7
7924 silly gentlyRm /Users/hyypucs/work/Antigravity2/ai_pkt/frontend/node_modules/.staging/electron-to-chromium-be3fa45a is being purged from base /Users/hyypucs/work/Antigravity2/ai_pkt/frontend
7925 verbose gentlyRm don't care about contents; nuking /Users/hyypucs/work/Antigravity2/ai_pkt/frontend/node_modules/.staging/electron-to-chromium-be3fa45a
7926 silly gentlyRm /Users/hyypucs/work/Antigravity2/ai_pkt/frontend/node_modules/.staging/fast-equals-6b64c2ba is being purged from base /Users/hyypucs/work/Antigravity2/ai_pkt/frontend
7927 verbose gentlyRm don't care about contents; nuking /Users/hyypucs/work/Antigravity2/ai_pkt/frontend/node_modules/.staging/fast-equals-6b64c2ba
7928 silly gentlyRm /Users/hyypucs/work/Antigravity2/ai_pkt/frontend/node_modules/.staging/dom-helpers-f70a8c7e is being purged from base /Users/hyypucs/work/Antigravity2/ai_pkt/frontend
7929 verbose gentlyRm don't care about contents; nuking /Users/hyypucs/work/Antigravity2/ai_pkt/frontend/node_modules/.staging/dom-helpers-f70a8c7e
7930 silly gentlyRm /Users/hyypucs/work/Antigravity2/ai_pkt/frontend/node_modules/.staging/eventemitter3-a3fbf7d2 is being purged from base /Users/hyypucs/work/Antigravity2/ai_pkt/frontend
7931 verbose gentlyRm don't care about contents; nuking /Users/hyypucs/work/Antigravity2/ai_pkt/frontend/node_modules/.staging/eventemitter3-a3fbf7d2
7932 silly gentlyRm /Users/hyypucs/work/Antigravity2/ai_pkt/frontend/node_modules/.staging/fsevents-141cdb5a is being purged from base /Users/hyypucs/work/Antigravity2/ai_pkt/frontend
7933 verbose gentlyRm don't care about contents; nuking /Users/hyypucs/work/Antigravity2/ai_pkt/frontend/node_modules/.staging/fsevents-141cdb5a
7934 silly gentlyRm /Users/hyypucs/work/Antigravity2/ai_pkt/frontend/node_modules/.staging/gensync-22c6d371 is being purged from base /Users/hyypucs/work/Antigravity2/ai_pkt/frontend
7935 verbose gentlyRm don't care about contents; nuking /Users/hyypucs/work/Antigravity2/ai_pkt/frontend/node_modules/.staging/gensync-22c6d371
7936 silly gentlyRm /Users/hyypucs/work/Antigravity2/ai_pkt/frontend/node_modules/.staging/internmap-8679a2c1 is being purged from base /Users/hyypucs/work/Antigravity2/ai_pkt/frontend
7937 verbose gentlyRm don't care about contents; nuking /Users/hyypucs/work/Antigravity2/ai_pkt/frontend/node_modules/.staging/internmap-8679a2c1
7938 silly gentlyRm /Users/hyypucs/work/Antigravity2/ai_pkt/frontend/node_modules/.staging/d3-array-dae1188f is being purged from base /Users/hyypucs/work/Antigravity2/ai_pkt/frontend
7939 verbose gentlyRm don't care about contents; nuking /Users/hyypucs/work/Antigravity2/ai_pkt/frontend/node_modules/.staging/d3-array-dae1188f
7940 silly gentlyRm /Users/hyypucs/work/Antigravity2/ai_pkt/frontend/node_modules/.staging/d3-time-f60dc8e0 is being purged from base /Users/hyypucs/work/Antigravity2/ai_pkt/frontend
7941 verbose gentlyRm don't care about contents; nuking /Users/hyypucs/work/Antigravity2/ai_pkt/frontend/node_modules/.staging/d3-time-f60dc8e0
7942 silly gentlyRm /Users/hyypucs/work/Antigravity2/ai_pkt/frontend/node_modules/.staging/d3-scale-9cfb529f is being purged from base /Users/hyypucs/work/Antigravity2/ai_pkt/frontend
7943 verbose gentlyRm don't care about contents; nuking /Users/hyypucs/work/Antigravity2/ai_pkt/frontend/node_modules/.staging/d3-scale-9cfb529f
7944 silly gentlyRm /Users/hyypucs/work/Antigravity2/ai_pkt/frontend/node_modules/.staging/@babel/generator-31651e45 is being purged from base /Users/hyypucs/work/Antigravity2/ai_pkt/frontend
7945 verbose gentlyRm don't care about contents; nuking /Users/hyypucs/work/Antigravity2/ai_pkt/frontend/node_modules/.staging/@babel/generator-31651e45
7946 silly gentlyRm /Users/hyypucs/work/Antigravity2/ai_pkt/frontend/node_modules/.staging/d3-time-format-64b5f96b is being purged from base /Users/hyypucs/work/Antigravity2/ai_pkt/frontend
7947 verbose gentlyRm don't care about contents; nuking /Users/hyypucs/work/Antigravity2/ai_pkt/frontend/node_modules/.staging/d3-time-format-64b5f96b
7948 silly gentlyRm /Users/hyypucs/work/Antigravity2/ai_pkt/frontend/node_modules/.staging/lodash-ce69daf0 is being purged from base /Users/hyypucs/work/Antigravity2/ai_pkt/frontend
7949 verbose gentlyRm don't care about contents; nuking /Users/hyypucs/work/Antigravity2/ai_pkt/frontend/node_modules/.staging/lodash-ce69daf0
7950 silly gentlyRm /Users/hyypucs/work/Antigravity2/ai_pkt/frontend/node_modules/.staging/debug-36bf485f is being purged from base /Users/hyypucs/work/Antigravity2/ai_pkt/frontend
7951 verbose gentlyRm don't care about contents; nuking /Users/hyypucs/work/Antigravity2/ai_pkt/frontend/node_modules/.staging/debug-36bf485f
7952 silly gentlyRm /Users/hyypucs/work/Antigravity2/ai_pkt/frontend/node_modules/.staging/ms-83048f9f is being purged from base /Users/hyypucs/work/Antigravity2/ai_pkt/frontend
7953 verbose gentlyRm don't care about contents; nuking /Users/hyypucs/work/Antigravity2/ai_pkt/frontend/node_modules/.staging/ms-83048f9f
7954 silly gentlyRm /Users/hyypucs/work/Antigravity2/ai_pkt/frontend/node_modules/.staging/js-tokens-c75248a0 is being purged from base /Users/hyypucs/work/Antigravity2/ai_pkt/frontend
7955 verbose gentlyRm don't care about contents; nuking /Users/hyypucs/work/Antigravity2/ai_pkt/frontend/node_modules/.staging/js-tokens-c75248a0
7956 silly gentlyRm /Users/hyypucs/work/Antigravity2/ai_pkt/frontend/node_modules/.staging/@babel/code-frame-c209b9e9 is being purged from base /Users/hyypucs/work/Antigravity2/ai_pkt/frontend
7957 verbose gentlyRm don't care about contents; nuking /Users/hyypucs/work/Antigravity2/ai_pkt/frontend/node_modules/.staging/@babel/code-frame-c209b9e9
7958 silly gentlyRm /Users/hyypucs/work/Antigravity2/ai_pkt/frontend/node_modules/.staging/object-assign-df7b83b5 is being purged from base /Users/hyypucs/work/Antigravity2/ai_pkt/frontend
7959 verbose gentlyRm don't care about contents; nuking /Users/hyypucs/work/Antigravity2/ai_pkt/frontend/node_modules/.staging/object-assign-df7b83b5
7960 silly gentlyRm /Users/hyypucs/work/Antigravity2/ai_pkt/frontend/node_modules/.staging/picocolors-7e1ce966 is being purged from base /Users/hyypucs/work/Antigravity2/ai_pkt/frontend
7961 verbose gentlyRm don't care about contents; nuking /Users/hyypucs/work/Antigravity2/ai_pkt/frontend/node_modules/.staging/picocolors-7e1ce966
7962 silly gentlyRm /Users/hyypucs/work/Antigravity2/ai_pkt/frontend/node_modules/.staging/node-releases-1d9a221d is being purged from base /Users/hyypucs/work/Antigravity2/ai_pkt/frontend
7963 verbose gentlyRm don't care about contents; nuking /Users/hyypucs/work/Antigravity2/ai_pkt/frontend/node_modules/.staging/node-releases-1d9a221d
7964 silly gentlyRm /Users/hyypucs/work/Antigravity2/ai_pkt/frontend/node_modules/.staging/@babel/helper-module-imports-2fb2a5d4 is being purged from base /Users/hyypucs/work/Antigravity2/ai_pkt/frontend
7965 verbose gentlyRm don't care about contents; nuking /Users/hyypucs/work/Antigravity2/ai_pkt/frontend/node_modules/.staging/@babel/helper-module-imports-2fb2a5d4
7966 silly gentlyRm /Users/hyypucs/work/Antigravity2/ai_pkt/frontend/node_modules/.staging/@babel/helpers-f04e7afb is being purged from base /Users/hyypucs/work/Antigravity2/ai_pkt/frontend
7967 verbose gentlyRm don't care about contents; nuking /Users/hyypucs/work/Antigravity2/ai_pkt/frontend/node_modules/.staging/@babel/helpers-f04e7afb
7968 silly gentlyRm /Users/hyypucs/work/Antigravity2/ai_pkt/frontend/node_modules/.staging/@babel/traverse-c89c2157 is being purged from base /Users/hyypucs/work/Antigravity2/ai_pkt/frontend
7969 verbose gentlyRm don't care about contents; nuking /Users/hyypucs/work/Antigravity2/ai_pkt/frontend/node_modules/.staging/@babel/traverse-c89c2157
7970 silly gentlyRm /Users/hyypucs/work/Antigravity2/ai_pkt/frontend/node_modules/.staging/@babel/template-c4ea2115 is being purged from base /Users/hyypucs/work/Antigravity2/ai_pkt/frontend
7971 verbose gentlyRm don't care about contents; nuking /Users/hyypucs/work/Antigravity2/ai_pkt/frontend/node_modules/.staging/@babel/template-c4ea2115
7972 silly gentlyRm /Users/hyypucs/work/Antigravity2/ai_pkt/frontend/node_modules/.staging/@babel/helper-module-transforms-015b5446 is being purged from base /Users/hyypucs/work/Antigravity2/ai_pkt/frontend
7973 verbose gentlyRm don't care about contents; nuking /Users/hyypucs/work/Antigravity2/ai_pkt/frontend/node_modules/.staging/@babel/helper-module-transforms-015b5446
7974 silly gentlyRm /Users/hyypucs/work/Antigravity2/ai_pkt/frontend/node_modules/.staging/react-is-90524138 is being purged from base /Users/hyypucs/work/Antigravity2/ai_pkt/frontend
7975 verbose gentlyRm don't care about contents; nuking /Users/hyypucs/work/Antigravity2/ai_pkt/frontend/node_modules/.staging/react-is-90524138
7976 silly gentlyRm /Users/hyypucs/work/Antigravity2/ai_pkt/frontend/node_modules/.staging/prop-types-ca123694 is being purged from base /Users/hyypucs/work/Antigravity2/ai_pkt/frontend
7977 verbose gentlyRm don't care about contents; nuking /Users/hyypucs/work/Antigravity2/ai_pkt/frontend/node_modules/.staging/prop-types-ca123694
7978 silly gentlyRm /Users/hyypucs/work/Antigravity2/ai_pkt/frontend/node_modules/.staging/react-transition-group-241b48e6 is being purged from base /Users/hyypucs/work/Antigravity2/ai_pkt/frontend
7979 verbose gentlyRm don't care about contents; nuking /Users/hyypucs/work/Antigravity2/ai_pkt/frontend/node_modules/.staging/react-transition-group-241b48e6
7980 silly gentlyRm /Users/hyypucs/work/Antigravity2/ai_pkt/frontend/node_modules/.staging/react-is-9895b65c is being purged from base /Users/hyypucs/work/Antigravity2/ai_pkt/frontend
7981 verbose gentlyRm don't care about contents; nuking /Users/hyypucs/work/Antigravity2/ai_pkt/frontend/node_modules/.staging/react-is-9895b65c
7982 silly gentlyRm /Users/hyypucs/work/Antigravity2/ai_pkt/frontend/node_modules/.staging/react-refresh-e6c4b4ab is being purged from base /Users/hyypucs/work/Antigravity2/ai_pkt/frontend
7983 verbose gentlyRm don't care about contents; nuking /Users/hyypucs/work/Antigravity2/ai_pkt/frontend/node_modules/.staging/react-refresh-e6c4b4ab
7984 silly gentlyRm /Users/hyypucs/work/Antigravity2/ai_pkt/frontend/node_modules/.staging/recharts-scale-60cf0b2b is being purged from base /Users/hyypucs/work/Antigravity2/ai_pkt/frontend
7985 verbose gentlyRm don't care about contents; nuking /Users/hyypucs/work/Antigravity2/ai_pkt/frontend/node_modules/.staging/recharts-scale-60cf0b2b
7986 silly gentlyRm /Users/hyypucs/work/Antigravity2/ai_pkt/frontend/node_modules/.staging/source-map-js-ca26e6a5 is being purged from base /Users/hyypucs/work/Antigravity2/ai_pkt/frontend
7987 verbose gentlyRm don't care about contents; nuking /Users/hyypucs/work/Antigravity2/ai_pkt/frontend/node_modules/.staging/source-map-js-ca26e6a5
7988 silly gentlyRm /Users/hyypucs/work/Antigravity2/ai_pkt/frontend/node_modules/.staging/react-smooth-0cddc9aa is being purged from base /Users/hyypucs/work/Antigravity2/ai_pkt/frontend
7989 verbose gentlyRm don't care about contents; nuking /Users/hyypucs/work/Antigravity2/ai_pkt/frontend/node_modules/.staging/react-smooth-0cddc9aa
7990 silly gentlyRm /Users/hyypucs/work/Antigravity2/ai_pkt/frontend/node_modules/.staging/postcss-b1d35006 is being purged from base /Users/hyypucs/work/Antigravity2/ai_pkt/frontend
7991 verbose gentlyRm don't care about contents; nuking /Users/hyypucs/work/Antigravity2/ai_pkt/frontend/node_modules/.staging/postcss-b1d35006
7992 silly gentlyRm /Users/hyypucs/work/Antigravity2/ai_pkt/frontend/node_modules/.staging/scheduler-69312336 is being purged from base /Users/hyypucs/work/Antigravity2/ai_pkt/frontend
7993 verbose gentlyRm don't care about contents; nuking /Users/hyypucs/work/Antigravity2/ai_pkt/frontend/node_modules/.staging/scheduler-69312336
7994 silly gentlyRm /Users/hyypucs/work/Antigravity2/ai_pkt/frontend/node_modules/.staging/tiny-invariant-5a0eb601 is being purged from base /Users/hyypucs/work/Antigravity2/ai_pkt/frontend
7995 verbose gentlyRm don't care about contents; nuking /Users/hyypucs/work/Antigravity2/ai_pkt/frontend/node_modules/.staging/tiny-invariant-5a0eb601
7996 silly gentlyRm /Users/hyypucs/work/Antigravity2/ai_pkt/frontend/node_modules/.staging/victory-vendor-4eb8a669 is being purged from base /Users/hyypucs/work/Antigravity2/ai_pkt/frontend
7997 verbose gentlyRm don't care about contents; nuking /Users/hyypucs/work/Antigravity2/ai_pkt/frontend/node_modules/.staging/victory-vendor-4eb8a669
7998 silly gentlyRm /Users/hyypucs/work/Antigravity2/ai_pkt/frontend/node_modules/.staging/yallist-d02f279f is being purged from base /Users/hyypucs/work/Antigravity2/ai_pkt/frontend
7999 verbose gentlyRm don't care about contents; nuking /Users/hyypucs/work/Antigravity2/ai_pkt/frontend/node_modules/.staging/yallist-d02f279f
8000 silly gentlyRm /Users/hyypucs/work/Antigravity2/ai_pkt/frontend/node_modules/.staging/lru-cache-0b08210b is being purged from base /Users/hyypucs/work/Antigravity2/ai_pkt/frontend
8001 verbose gentlyRm don't care about contents; nuking /Users/hyypucs/work/Antigravity2/ai_pkt/frontend/node_modules/.staging/lru-cache-0b08210b
8002 silly gentlyRm /Users/hyypucs/work/Antigravity2/ai_pkt/frontend/node_modules/.staging/@babel/helper-compilation-targets-42f76efa is being purged from base /Users/hyypucs/work/Antigravity2/ai_pkt/frontend
8003 verbose gentlyRm don't care about contents; nuking /Users/hyypucs/work/Antigravity2/ai_pkt/frontend/node_modules/.staging/@babel/helper-compilation-targets-42f76efa
8004 silly gentlyRm /Users/hyypucs/work/Antigravity2/ai_pkt/frontend/node_modules/.staging/@types/react-2ccf5eda is being purged from base /Users/hyypucs/work/Antigravity2/ai_pkt/frontend
8005 verbose gentlyRm don't care about contents; nuking /Users/hyypucs/work/Antigravity2/ai_pkt/frontend/node_modules/.staging/@types/react-2ccf5eda
8006 silly gentlyRm /Users/hyypucs/work/Antigravity2/ai_pkt/frontend/node_modules/.staging/@babel/core-421b6fc0 is being purged from base /Users/hyypucs/work/Antigravity2/ai_pkt/frontend
8007 verbose gentlyRm don't care about contents; nuking /Users/hyypucs/work/Antigravity2/ai_pkt/frontend/node_modules/.staging/@babel/core-421b6fc0
8008 silly gentlyRm /Users/hyypucs/work/Antigravity2/ai_pkt/frontend/node_modules/.staging/@types/react-dom-61e5c20d is being purged from base /Users/hyypucs/work/Antigravity2/ai_pkt/frontend
8009 verbose gentlyRm don't care about contents; nuking /Users/hyypucs/work/Antigravity2/ai_pkt/frontend/node_modules/.staging/@types/react-dom-61e5c20d
8010 silly gentlyRm /Users/hyypucs/work/Antigravity2/ai_pkt/frontend/node_modules/.staging/@vitejs/plugin-react-720d5cb2 is being purged from base /Users/hyypucs/work/Antigravity2/ai_pkt/frontend
8011 verbose gentlyRm don't care about contents; nuking /Users/hyypucs/work/Antigravity2/ai_pkt/frontend/node_modules/.staging/@vitejs/plugin-react-720d5cb2
8012 silly gentlyRm /Users/hyypucs/work/Antigravity2/ai_pkt/frontend/node_modules/.staging/recharts-9905307e is being purged from base /Users/hyypucs/work/Antigravity2/ai_pkt/frontend
8013 verbose gentlyRm don't care about contents; nuking /Users/hyypucs/work/Antigravity2/ai_pkt/frontend/node_modules/.staging/recharts-9905307e
8014 silly gentlyRm /Users/hyypucs/work/Antigravity2/ai_pkt/frontend/node_modules/.staging/react-a63d2ea3 is being purged from base /Users/hyypucs/work/Antigravity2/ai_pkt/frontend
8015 verbose gentlyRm don't care about contents; nuking /Users/hyypucs/work/Antigravity2/ai_pkt/frontend/node_modules/.staging/react-a63d2ea3
8016 verbose tar unpack /Users/hyypucs/.npm/@babel/helper-string-parser/7.29.7/package.tgz
8017 verbose tar unpacking to /Users/hyypucs/work/Antigravity2/ai_pkt/frontend/node_modules/.staging/@babel/helper-string-parser-62dd6290
8018 silly gentlyRm /Users/hyypucs/work/Antigravity2/ai_pkt/frontend/node_modules/.staging/@babel/helper-string-parser-62dd6290 is being purged
8019 verbose gentlyRm don't care about contents; nuking /Users/hyypucs/work/Antigravity2/ai_pkt/frontend/node_modules/.staging/@babel/helper-string-parser-62dd6290
8020 silly gentlyRm /Users/hyypucs/work/Antigravity2/ai_pkt/frontend/node_modules/.staging/lucide-react-1a03b856 is being purged from base /Users/hyypucs/work/Antigravity2/ai_pkt/frontend
8021 verbose gentlyRm don't care about contents; nuking /Users/hyypucs/work/Antigravity2/ai_pkt/frontend/node_modules/.staging/lucide-react-1a03b856
8022 verbose tar unpack /Users/hyypucs/.npm/@babel/helper-plugin-utils/7.29.7/package.tgz
8023 verbose tar unpacking to /Users/hyypucs/work/Antigravity2/ai_pkt/frontend/node_modules/.staging/@babel/helper-plugin-utils-1657f779
8024 silly gentlyRm /Users/hyypucs/work/Antigravity2/ai_pkt/frontend/node_modules/.staging/@babel/helper-plugin-utils-1657f779 is being purged
8025 verbose gentlyRm don't care about contents; nuking /Users/hyypucs/work/Antigravity2/ai_pkt/frontend/node_modules/.staging/@babel/helper-plugin-utils-1657f779
8026 verbose tar unpack /Users/hyypucs/.npm/@babel/helper-globals/7.29.7/package.tgz
8027 verbose tar unpacking to /Users/hyypucs/work/Antigravity2/ai_pkt/frontend/node_modules/.staging/@babel/helper-globals-4e040f00
8028 silly gentlyRm /Users/hyypucs/work/Antigravity2/ai_pkt/frontend/node_modules/.staging/@babel/helper-globals-4e040f00 is being purged
8029 verbose gentlyRm don't care about contents; nuking /Users/hyypucs/work/Antigravity2/ai_pkt/frontend/node_modules/.staging/@babel/helper-globals-4e040f00
8030 verbose tar unpack /Users/hyypucs/.npm/@babel/helper-validator-identifier/7.29.7/package.tgz
8031 verbose tar unpacking to /Users/hyypucs/work/Antigravity2/ai_pkt/frontend/node_modules/.staging/@babel/helper-validator-identifier-5261f83e
8032 silly gentlyRm /Users/hyypucs/work/Antigravity2/ai_pkt/frontend/node_modules/.staging/@babel/helper-validator-identifier-5261f83e is being purged
8033 verbose gentlyRm don't care about contents; nuking /Users/hyypucs/work/Antigravity2/ai_pkt/frontend/node_modules/.staging/@babel/helper-validator-identifier-5261f83e
8034 verbose tar unpack /Users/hyypucs/.npm/@babel/plugin-transform-react-jsx-source/7.29.7/package.tgz
8035 verbose tar unpacking to /Users/hyypucs/work/Antigravity2/ai_pkt/frontend/node_modules/.staging/@babel/plugin-transform-react-jsx-source-7e442006
8036 silly gentlyRm /Users/hyypucs/work/Antigravity2/ai_pkt/frontend/node_modules/.staging/@babel/plugin-transform-react-jsx-source-7e442006 is being purged
8037 verbose gentlyRm don't care about contents; nuking /Users/hyypucs/work/Antigravity2/ai_pkt/frontend/node_modules/.staging/@babel/plugin-transform-react-jsx-source-7e442006
8038 verbose tar unpack /Users/hyypucs/.npm/@babel/helper-validator-option/7.29.7/package.tgz
8039 verbose tar unpacking to /Users/hyypucs/work/Antigravity2/ai_pkt/frontend/node_modules/.staging/@babel/helper-validator-option-65d355c7
8040 silly gentlyRm /Users/hyypucs/work/Antigravity2/ai_pkt/frontend/node_modules/.staging/@babel/helper-validator-option-65d355c7 is being purged
8041 verbose gentlyRm don't care about contents; nuking /Users/hyypucs/work/Antigravity2/ai_pkt/frontend/node_modules/.staging/@babel/helper-validator-option-65d355c7
8042 verbose tar unpack /Users/hyypucs/.npm/@babel/plugin-transform-react-jsx-self/7.29.7/package.tgz
8043 verbose tar unpacking to /Users/hyypucs/work/Antigravity2/ai_pkt/frontend/node_modules/.staging/@babel/plugin-transform-react-jsx-self-a09f59f8
8044 silly gentlyRm /Users/hyypucs/work/Antigravity2/ai_pkt/frontend/node_modules/.staging/@babel/plugin-transform-react-jsx-self-a09f59f8 is being purged
8045 verbose gentlyRm don't care about contents; nuking /Users/hyypucs/work/Antigravity2/ai_pkt/frontend/node_modules/.staging/@babel/plugin-transform-react-jsx-self-a09f59f8
8046 verbose tar unpack /Users/hyypucs/.npm/@babel/runtime/7.29.7/package.tgz
8047 verbose tar unpacking to /Users/hyypucs/work/Antigravity2/ai_pkt/frontend/node_modules/.staging/@babel/runtime-28a7948e
8048 silly gentlyRm /Users/hyypucs/work/Antigravity2/ai_pkt/frontend/node_modules/.staging/@babel/runtime-28a7948e is being purged
8049 verbose gentlyRm don't care about contents; nuking /Users/hyypucs/work/Antigravity2/ai_pkt/frontend/node_modules/.staging/@babel/runtime-28a7948e
8050 verbose tar unpack /Users/hyypucs/.npm/@babel/types/7.29.8/package.tgz
8051 verbose tar unpacking to /Users/hyypucs/work/Antigravity2/ai_pkt/frontend/node_modules/.staging/@babel/types-ff3b9d49
8052 silly gentlyRm /Users/hyypucs/work/Antigravity2/ai_pkt/frontend/node_modules/.staging/@babel/types-ff3b9d49 is being purged
8053 verbose gentlyRm don't care about contents; nuking /Users/hyypucs/work/Antigravity2/ai_pkt/frontend/node_modules/.staging/@babel/types-ff3b9d49
8054 verbose tar unpack /Users/hyypucs/.npm/@jridgewell/sourcemap-codec/1.5.5/package.tgz
8055 verbose tar unpacking to /Users/hyypucs/work/Antigravity2/ai_pkt/frontend/node_modules/.staging/@jridgewell/sourcemap-codec-8610f45d
8056 silly gentlyRm /Users/hyypucs/work/Antigravity2/ai_pkt/frontend/node_modules/.staging/@jridgewell/sourcemap-codec-8610f45d is being purged
8057 verbose gentlyRm don't care about contents; nuking /Users/hyypucs/work/Antigravity2/ai_pkt/frontend/node_modules/.staging/@jridgewell/sourcemap-codec-8610f45d
8058 verbose tar unpack /Users/hyypucs/.npm/@esbuild/darwin-x64/0.21.5/package.tgz
8059 verbose tar unpacking to /Users/hyypucs/work/Antigravity2/ai_pkt/frontend/node_modules/.staging/@esbuild/darwin-x64-d0225161
8060 silly gentlyRm /Users/hyypucs/work/Antigravity2/ai_pkt/frontend/node_modules/.staging/@esbuild/darwin-x64-d0225161 is being purged
8061 verbose gentlyRm don't care about contents; nuking /Users/hyypucs/work/Antigravity2/ai_pkt/frontend/node_modules/.staging/@esbuild/darwin-x64-d0225161
8062 silly gentlyRm /Users/hyypucs/work/Antigravity2/ai_pkt/frontend/node_modules/.staging/@babel/parser-1eb88225 is being purged from base /Users/hyypucs/work/Antigravity2/ai_pkt/frontend
8063 verbose gentlyRm don't care about contents; nuking /Users/hyypucs/work/Antigravity2/ai_pkt/frontend/node_modules/.staging/@babel/parser-1eb88225
8064 verbose tar unpack /Users/hyypucs/.npm/@jridgewell/resolve-uri/3.1.2/package.tgz
8065 verbose tar unpacking to /Users/hyypucs/work/Antigravity2/ai_pkt/frontend/node_modules/.staging/@jridgewell/resolve-uri-47ca2955
8066 silly gentlyRm /Users/hyypucs/work/Antigravity2/ai_pkt/frontend/node_modules/.staging/@jridgewell/resolve-uri-47ca2955 is being purged
8067 verbose gentlyRm don't care about contents; nuking /Users/hyypucs/work/Antigravity2/ai_pkt/frontend/node_modules/.staging/@jridgewell/resolve-uri-47ca2955
8068 verbose tar unpack /Users/hyypucs/.npm/@rollup/rollup-darwin-x64/4.62.4/package.tgz
8069 verbose tar unpacking to /Users/hyypucs/work/Antigravity2/ai_pkt/frontend/node_modules/.staging/@rollup/rollup-darwin-x64-ce41dc6e
8070 silly gentlyRm /Users/hyypucs/work/Antigravity2/ai_pkt/frontend/node_modules/.staging/@rollup/rollup-darwin-x64-ce41dc6e is being purged
8071 verbose gentlyRm don't care about contents; nuking /Users/hyypucs/work/Antigravity2/ai_pkt/frontend/node_modules/.staging/@rollup/rollup-darwin-x64-ce41dc6e
8072 verbose tar unpack /Users/hyypucs/.npm/@jridgewell/gen-mapping/0.3.13/package.tgz
8073 verbose tar unpacking to /Users/hyypucs/work/Antigravity2/ai_pkt/frontend/node_modules/.staging/@jridgewell/gen-mapping-cbb19385
8074 silly gentlyRm /Users/hyypucs/work/Antigravity2/ai_pkt/frontend/node_modules/.staging/@jridgewell/gen-mapping-cbb19385 is being purged
8075 verbose gentlyRm don't care about contents; nuking /Users/hyypucs/work/Antigravity2/ai_pkt/frontend/node_modules/.staging/@jridgewell/gen-mapping-cbb19385
8076 verbose tar unpack /Users/hyypucs/.npm/@types/babel__generator/7.27.0/package.tgz
8077 verbose tar unpacking to /Users/hyypucs/work/Antigravity2/ai_pkt/frontend/node_modules/.staging/@types/babel__generator-99f288f5
8078 silly gentlyRm /Users/hyypucs/work/Antigravity2/ai_pkt/frontend/node_modules/.staging/@types/babel__generator-99f288f5 is being purged
8079 verbose gentlyRm don't care about contents; nuking /Users/hyypucs/work/Antigravity2/ai_pkt/frontend/node_modules/.staging/@types/babel__generator-99f288f5
8080 verbose tar unpack /Users/hyypucs/.npm/@rolldown/pluginutils/1.0.0-beta.27/package.tgz
8081 verbose tar unpacking to /Users/hyypucs/work/Antigravity2/ai_pkt/frontend/node_modules/.staging/@rolldown/pluginutils-4d53013b
8082 silly gentlyRm /Users/hyypucs/work/Antigravity2/ai_pkt/frontend/node_modules/.staging/@rolldown/pluginutils-4d53013b is being purged
8083 verbose gentlyRm don't care about contents; nuking /Users/hyypucs/work/Antigravity2/ai_pkt/frontend/node_modules/.staging/@rolldown/pluginutils-4d53013b
8084 verbose tar unpack /Users/hyypucs/.npm/@jridgewell/trace-mapping/0.3.31/package.tgz
8085 verbose tar unpacking to /Users/hyypucs/work/Antigravity2/ai_pkt/frontend/node_modules/.staging/@jridgewell/trace-mapping-c0cc7fc4
8086 silly gentlyRm /Users/hyypucs/work/Antigravity2/ai_pkt/frontend/node_modules/.staging/@jridgewell/trace-mapping-c0cc7fc4 is being purged
8087 verbose gentlyRm don't care about contents; nuking /Users/hyypucs/work/Antigravity2/ai_pkt/frontend/node_modules/.staging/@jridgewell/trace-mapping-c0cc7fc4
8088 verbose tar unpack /Users/hyypucs/.npm/@babel/compat-data/7.29.7/package.tgz
8089 verbose tar unpacking to /Users/hyypucs/work/Antigravity2/ai_pkt/frontend/node_modules/.staging/@babel/compat-data-76fac342
8090 silly gentlyRm /Users/hyypucs/work/Antigravity2/ai_pkt/frontend/node_modules/.staging/@babel/compat-data-76fac342 is being purged
8091 verbose gentlyRm don't care about contents; nuking /Users/hyypucs/work/Antigravity2/ai_pkt/frontend/node_modules/.staging/@babel/compat-data-76fac342
8092 verbose tar unpack /Users/hyypucs/.npm/@jridgewell/remapping/2.3.5/package.tgz
8093 verbose tar unpacking to /Users/hyypucs/work/Antigravity2/ai_pkt/frontend/node_modules/.staging/@jridgewell/remapping-214c8a55
8094 silly gentlyRm /Users/hyypucs/work/Antigravity2/ai_pkt/frontend/node_modules/.staging/@jridgewell/remapping-214c8a55 is being purged
8095 verbose gentlyRm don't care about contents; nuking /Users/hyypucs/work/Antigravity2/ai_pkt/frontend/node_modules/.staging/@jridgewell/remapping-214c8a55
8096 verbose tar unpack /Users/hyypucs/.npm/@types/babel__traverse/7.28.0/package.tgz
8097 verbose tar unpacking to /Users/hyypucs/work/Antigravity2/ai_pkt/frontend/node_modules/.staging/@types/babel__traverse-cc1c2caa
8098 silly gentlyRm /Users/hyypucs/work/Antigravity2/ai_pkt/frontend/node_modules/.staging/@types/babel__traverse-cc1c2caa is being purged
8099 verbose gentlyRm don't care about contents; nuking /Users/hyypucs/work/Antigravity2/ai_pkt/frontend/node_modules/.staging/@types/babel__traverse-cc1c2caa
8100 verbose tar unpack /Users/hyypucs/.npm/@types/babel__template/7.4.4/package.tgz
8101 verbose tar unpacking to /Users/hyypucs/work/Antigravity2/ai_pkt/frontend/node_modules/.staging/@types/babel__template-5b1783c3
8102 silly gentlyRm /Users/hyypucs/work/Antigravity2/ai_pkt/frontend/node_modules/.staging/@types/babel__template-5b1783c3 is being purged
8103 verbose gentlyRm don't care about contents; nuking /Users/hyypucs/work/Antigravity2/ai_pkt/frontend/node_modules/.staging/@types/babel__template-5b1783c3
8104 verbose tar unpack /Users/hyypucs/.npm/@types/babel__core/7.20.5/package.tgz
8105 verbose tar unpacking to /Users/hyypucs/work/Antigravity2/ai_pkt/frontend/node_modules/.staging/@types/babel__core-ffdd3265
8106 silly gentlyRm /Users/hyypucs/work/Antigravity2/ai_pkt/frontend/node_modules/.staging/@types/babel__core-ffdd3265 is being purged
8107 verbose gentlyRm don't care about contents; nuking /Users/hyypucs/work/Antigravity2/ai_pkt/frontend/node_modules/.staging/@types/babel__core-ffdd3265
8108 verbose tar unpack /Users/hyypucs/.npm/@types/d3-color/3.1.3/package.tgz
8109 verbose tar unpacking to /Users/hyypucs/work/Antigravity2/ai_pkt/frontend/node_modules/.staging/@types/d3-color-52be9b3d
8110 silly gentlyRm /Users/hyypucs/work/Antigravity2/ai_pkt/frontend/node_modules/.staging/@types/d3-color-52be9b3d is being purged
8111 verbose gentlyRm don't care about contents; nuking /Users/hyypucs/work/Antigravity2/ai_pkt/frontend/node_modules/.staging/@types/d3-color-52be9b3d
8112 verbose tar unpack /Users/hyypucs/.npm/@types/d3-ease/3.0.2/package.tgz
8113 verbose tar unpacking to /Users/hyypucs/work/Antigravity2/ai_pkt/frontend/node_modules/.staging/@types/d3-ease-eea7ca3d
8114 silly gentlyRm /Users/hyypucs/work/Antigravity2/ai_pkt/frontend/node_modules/.staging/@types/d3-ease-eea7ca3d is being purged
8115 verbose gentlyRm don't care about contents; nuking /Users/hyypucs/work/Antigravity2/ai_pkt/frontend/node_modules/.staging/@types/d3-ease-eea7ca3d
8116 verbose tar unpack /Users/hyypucs/.npm/@types/d3-interpolate/3.0.4/package.tgz
8117 verbose tar unpacking to /Users/hyypucs/work/Antigravity2/ai_pkt/frontend/node_modules/.staging/@types/d3-interpolate-64f955e2
8118 silly gentlyRm /Users/hyypucs/work/Antigravity2/ai_pkt/frontend/node_modules/.staging/@types/d3-interpolate-64f955e2 is being purged
8119 verbose gentlyRm don't care about contents; nuking /Users/hyypucs/work/Antigravity2/ai_pkt/frontend/node_modules/.staging/@types/d3-interpolate-64f955e2
8120 verbose tar unpack /Users/hyypucs/.npm/@types/d3-path/3.1.1/package.tgz
8121 verbose tar unpacking to /Users/hyypucs/work/Antigravity2/ai_pkt/frontend/node_modules/.staging/@types/d3-path-d266725f
8122 silly gentlyRm /Users/hyypucs/work/Antigravity2/ai_pkt/frontend/node_modules/.staging/@types/d3-path-d266725f is being purged
8123 verbose gentlyRm don't care about contents; nuking /Users/hyypucs/work/Antigravity2/ai_pkt/frontend/node_modules/.staging/@types/d3-path-d266725f
8124 verbose tar unpack /Users/hyypucs/.npm/@types/d3-shape/3.1.8/package.tgz
8125 verbose tar unpacking to /Users/hyypucs/work/Antigravity2/ai_pkt/frontend/node_modules/.staging/@types/d3-shape-830770d9
8126 silly gentlyRm /Users/hyypucs/work/Antigravity2/ai_pkt/frontend/node_modules/.staging/@types/d3-shape-830770d9 is being purged
8127 verbose gentlyRm don't care about contents; nuking /Users/hyypucs/work/Antigravity2/ai_pkt/frontend/node_modules/.staging/@types/d3-shape-830770d9
8128 verbose tar unpack /Users/hyypucs/.npm/@types/d3-array/3.2.2/package.tgz
8129 verbose tar unpacking to /Users/hyypucs/work/Antigravity2/ai_pkt/frontend/node_modules/.staging/@types/d3-array-ce217597
8130 silly gentlyRm /Users/hyypucs/work/Antigravity2/ai_pkt/frontend/node_modules/.staging/@types/d3-array-ce217597 is being purged
8131 verbose gentlyRm don't care about contents; nuking /Users/hyypucs/work/Antigravity2/ai_pkt/frontend/node_modules/.staging/@types/d3-array-ce217597
8132 verbose tar unpack /Users/hyypucs/.npm/@types/d3-scale/4.0.9/package.tgz
8133 verbose tar unpacking to /Users/hyypucs/work/Antigravity2/ai_pkt/frontend/node_modules/.staging/@types/d3-scale-5797ecc6
8134 silly gentlyRm /Users/hyypucs/work/Antigravity2/ai_pkt/frontend/node_modules/.staging/@types/d3-scale-5797ecc6 is being purged
8135 verbose gentlyRm don't care about contents; nuking /Users/hyypucs/work/Antigravity2/ai_pkt/frontend/node_modules/.staging/@types/d3-scale-5797ecc6
8136 verbose tar unpack /Users/hyypucs/.npm/@types/estree/1.0.9/package.tgz
8137 verbose tar unpacking to /Users/hyypucs/work/Antigravity2/ai_pkt/frontend/node_modules/.staging/@types/estree-a2d6dd4a
8138 silly gentlyRm /Users/hyypucs/work/Antigravity2/ai_pkt/frontend/node_modules/.staging/@types/estree-a2d6dd4a is being purged
8139 verbose gentlyRm don't care about contents; nuking /Users/hyypucs/work/Antigravity2/ai_pkt/frontend/node_modules/.staging/@types/estree-a2d6dd4a
8140 verbose tar unpack /Users/hyypucs/.npm/@types/d3-timer/3.0.2/package.tgz
8141 verbose tar unpacking to /Users/hyypucs/work/Antigravity2/ai_pkt/frontend/node_modules/.staging/@types/d3-timer-e227a7d0
8142 silly gentlyRm /Users/hyypucs/work/Antigravity2/ai_pkt/frontend/node_modules/.staging/@types/d3-timer-e227a7d0 is being purged
8143 verbose gentlyRm don't care about contents; nuking /Users/hyypucs/work/Antigravity2/ai_pkt/frontend/node_modules/.staging/@types/d3-timer-e227a7d0
8144 verbose tar unpack /Users/hyypucs/.npm/@types/prop-types/15.7.15/package.tgz
8145 verbose tar unpacking to /Users/hyypucs/work/Antigravity2/ai_pkt/frontend/node_modules/.staging/@types/prop-types-07d470b2
8146 silly gentlyRm /Users/hyypucs/work/Antigravity2/ai_pkt/frontend/node_modules/.staging/@types/prop-types-07d470b2 is being purged
8147 verbose gentlyRm don't care about contents; nuking /Users/hyypucs/work/Antigravity2/ai_pkt/frontend/node_modules/.staging/@types/prop-types-07d470b2
8148 verbose tar unpack /Users/hyypucs/.npm/@types/d3-time/3.0.4/package.tgz
8149 verbose tar unpacking to /Users/hyypucs/work/Antigravity2/ai_pkt/frontend/node_modules/.staging/@types/d3-time-62558e7d
8150 silly gentlyRm /Users/hyypucs/work/Antigravity2/ai_pkt/frontend/node_modules/.staging/@types/d3-time-62558e7d is being purged
8151 verbose gentlyRm don't care about contents; nuking /Users/hyypucs/work/Antigravity2/ai_pkt/frontend/node_modules/.staging/@types/d3-time-62558e7d
8152 silly gentlyRm /Users/hyypucs/work/Antigravity2/ai_pkt/frontend/node_modules/.staging/baseline-browser-mapping-cde011e1 is being purged from base /Users/hyypucs/work/Antigravity2/ai_pkt/frontend
8153 verbose gentlyRm don't care about contents; nuking /Users/hyypucs/work/Antigravity2/ai_pkt/frontend/node_modules/.staging/baseline-browser-mapping-cde011e1
8154 verbose tar unpack /Users/hyypucs/.npm/caniuse-lite/1.0.30001809/package.tgz
8155 verbose tar unpacking to /Users/hyypucs/work/Antigravity2/ai_pkt/frontend/node_modules/.staging/caniuse-lite-9cac5b6d
8156 silly gentlyRm /Users/hyypucs/work/Antigravity2/ai_pkt/frontend/node_modules/.staging/caniuse-lite-9cac5b6d is being purged
8157 verbose gentlyRm don't care about contents; nuking /Users/hyypucs/work/Antigravity2/ai_pkt/frontend/node_modules/.staging/caniuse-lite-9cac5b6d
8158 verbose tar unpack /Users/hyypucs/.npm/d3-color/3.1.0/package.tgz
8159 verbose tar unpacking to /Users/hyypucs/work/Antigravity2/ai_pkt/frontend/node_modules/.staging/d3-color-7d3eb6b6
8160 silly gentlyRm /Users/hyypucs/work/Antigravity2/ai_pkt/frontend/node_modules/.staging/d3-color-7d3eb6b6 is being purged
8161 verbose gentlyRm don't care about contents; nuking /Users/hyypucs/work/Antigravity2/ai_pkt/frontend/node_modules/.staging/d3-color-7d3eb6b6
8162 verbose tar unpack /Users/hyypucs/.npm/convert-source-map/2.0.0/package.tgz
8163 verbose tar unpacking to /Users/hyypucs/work/Antigravity2/ai_pkt/frontend/node_modules/.staging/convert-source-map-01c91187
8164 silly gentlyRm /Users/hyypucs/work/Antigravity2/ai_pkt/frontend/node_modules/.staging/convert-source-map-01c91187 is being purged
8165 verbose gentlyRm don't care about contents; nuking /Users/hyypucs/work/Antigravity2/ai_pkt/frontend/node_modules/.staging/convert-source-map-01c91187
8166 verbose tar unpack /Users/hyypucs/.npm/csstype/3.2.3/package.tgz
8167 verbose tar unpacking to /Users/hyypucs/work/Antigravity2/ai_pkt/frontend/node_modules/.staging/csstype-56e6a540
8168 silly gentlyRm /Users/hyypucs/work/Antigravity2/ai_pkt/frontend/node_modules/.staging/csstype-56e6a540 is being purged
8169 verbose gentlyRm don't care about contents; nuking /Users/hyypucs/work/Antigravity2/ai_pkt/frontend/node_modules/.staging/csstype-56e6a540
8170 verbose tar unpack /Users/hyypucs/.npm/d3-ease/3.0.1/package.tgz
8171 verbose tar unpacking to /Users/hyypucs/work/Antigravity2/ai_pkt/frontend/node_modules/.staging/d3-ease-f952e8a9
8172 silly gentlyRm /Users/hyypucs/work/Antigravity2/ai_pkt/frontend/node_modules/.staging/d3-ease-f952e8a9 is being purged
8173 verbose gentlyRm don't care about contents; nuking /Users/hyypucs/work/Antigravity2/ai_pkt/frontend/node_modules/.staging/d3-ease-f952e8a9
8174 verbose tar unpack /Users/hyypucs/.npm/clsx/2.1.1/package.tgz
8175 verbose tar unpacking to /Users/hyypucs/work/Antigravity2/ai_pkt/frontend/node_modules/.staging/clsx-a6bd0328
8176 silly gentlyRm /Users/hyypucs/work/Antigravity2/ai_pkt/frontend/node_modules/.staging/clsx-a6bd0328 is being purged
8177 verbose gentlyRm don't care about contents; nuking /Users/hyypucs/work/Antigravity2/ai_pkt/frontend/node_modules/.staging/clsx-a6bd0328
8178 verbose tar unpack /Users/hyypucs/.npm/d3-format/3.1.2/package.tgz
8179 verbose tar unpacking to /Users/hyypucs/work/Antigravity2/ai_pkt/frontend/node_modules/.staging/d3-format-451b78a7
8180 silly gentlyRm /Users/hyypucs/work/Antigravity2/ai_pkt/frontend/node_modules/.staging/d3-format-451b78a7 is being purged
8181 verbose gentlyRm don't care about contents; nuking /Users/hyypucs/work/Antigravity2/ai_pkt/frontend/node_modules/.staging/d3-format-451b78a7
8182 verbose tar unpack /Users/hyypucs/.npm/d3-interpolate/3.0.1/package.tgz
8183 verbose tar unpacking to /Users/hyypucs/work/Antigravity2/ai_pkt/frontend/node_modules/.staging/d3-interpolate-7f42084d
8184 silly gentlyRm /Users/hyypucs/work/Antigravity2/ai_pkt/frontend/node_modules/.staging/d3-interpolate-7f42084d is being purged
8185 verbose gentlyRm don't care about contents; nuking /Users/hyypucs/work/Antigravity2/ai_pkt/frontend/node_modules/.staging/d3-interpolate-7f42084d
8186 verbose tar unpack /Users/hyypucs/.npm/d3-timer/3.0.1/package.tgz
8187 verbose tar unpacking to /Users/hyypucs/work/Antigravity2/ai_pkt/frontend/node_modules/.staging/d3-timer-26193b56
8188 silly gentlyRm /Users/hyypucs/work/Antigravity2/ai_pkt/frontend/node_modules/.staging/d3-timer-26193b56 is being purged
8189 verbose gentlyRm don't care about contents; nuking /Users/hyypucs/work/Antigravity2/ai_pkt/frontend/node_modules/.staging/d3-timer-26193b56
8190 verbose tar unpack /Users/hyypucs/.npm/d3-path/3.1.0/package.tgz
8191 verbose tar unpacking to /Users/hyypucs/work/Antigravity2/ai_pkt/frontend/node_modules/.staging/d3-path-25f4a706
8192 silly gentlyRm /Users/hyypucs/work/Antigravity2/ai_pkt/frontend/node_modules/.staging/d3-path-25f4a706 is being purged
8193 verbose gentlyRm don't care about contents; nuking /Users/hyypucs/work/Antigravity2/ai_pkt/frontend/node_modules/.staging/d3-path-25f4a706
8194 verbose tar unpack /Users/hyypucs/.npm/d3-shape/3.2.0/package.tgz
8195 verbose tar unpacking to /Users/hyypucs/work/Antigravity2/ai_pkt/frontend/node_modules/.staging/d3-shape-c9a8643b
8196 silly gentlyRm /Users/hyypucs/work/Antigravity2/ai_pkt/frontend/node_modules/.staging/d3-shape-c9a8643b is being purged
8197 verbose gentlyRm don't care about contents; nuking /Users/hyypucs/work/Antigravity2/ai_pkt/frontend/node_modules/.staging/d3-shape-c9a8643b
8198 verbose tar unpack /Users/hyypucs/.npm/decimal.js-light/2.5.1/package.tgz
8199 verbose tar unpacking to /Users/hyypucs/work/Antigravity2/ai_pkt/frontend/node_modules/.staging/decimal.js-light-c982a3f7
8200 silly gentlyRm /Users/hyypucs/work/Antigravity2/ai_pkt/frontend/node_modules/.staging/decimal.js-light-c982a3f7 is being purged
8201 verbose gentlyRm don't care about contents; nuking /Users/hyypucs/work/Antigravity2/ai_pkt/frontend/node_modules/.staging/decimal.js-light-c982a3f7
8202 verbose tar unpack /Users/hyypucs/.npm/escalade/3.2.0/package.tgz
8203 verbose tar unpacking to /Users/hyypucs/work/Antigravity2/ai_pkt/frontend/node_modules/.staging/escalade-92f3a6f7
8204 silly gentlyRm /Users/hyypucs/work/Antigravity2/ai_pkt/frontend/node_modules/.staging/escalade-92f3a6f7 is being purged
8205 verbose gentlyRm don't care about contents; nuking /Users/hyypucs/work/Antigravity2/ai_pkt/frontend/node_modules/.staging/escalade-92f3a6f7
8206 verbose tar unpack /Users/hyypucs/.npm/electron-to-chromium/1.5.404/package.tgz
8207 verbose tar unpacking to /Users/hyypucs/work/Antigravity2/ai_pkt/frontend/node_modules/.staging/electron-to-chromium-be3fa45a
8208 silly gentlyRm /Users/hyypucs/work/Antigravity2/ai_pkt/frontend/node_modules/.staging/electron-to-chromium-be3fa45a is being purged
8209 verbose gentlyRm don't care about contents; nuking /Users/hyypucs/work/Antigravity2/ai_pkt/frontend/node_modules/.staging/electron-to-chromium-be3fa45a
8210 silly gentlyRm /Users/hyypucs/work/Antigravity2/ai_pkt/frontend/node_modules/.staging/esbuild-cb60457f is being purged from base /Users/hyypucs/work/Antigravity2/ai_pkt/frontend
8211 verbose gentlyRm don't care about contents; nuking /Users/hyypucs/work/Antigravity2/ai_pkt/frontend/node_modules/.staging/esbuild-cb60457f
8212 verbose tar unpack /Users/hyypucs/.npm/fast-equals/5.4.1/package.tgz
8213 verbose tar unpacking to /Users/hyypucs/work/Antigravity2/ai_pkt/frontend/node_modules/.staging/fast-equals-6b64c2ba
8214 silly gentlyRm /Users/hyypucs/work/Antigravity2/ai_pkt/frontend/node_modules/.staging/fast-equals-6b64c2ba is being purged
8215 verbose gentlyRm don't care about contents; nuking /Users/hyypucs/work/Antigravity2/ai_pkt/frontend/node_modules/.staging/fast-equals-6b64c2ba
8216 verbose tar unpack /Users/hyypucs/.npm/dom-helpers/5.2.1/package.tgz
8217 verbose tar unpacking to /Users/hyypucs/work/Antigravity2/ai_pkt/frontend/node_modules/.staging/dom-helpers-f70a8c7e
8218 silly gentlyRm /Users/hyypucs/work/Antigravity2/ai_pkt/frontend/node_modules/.staging/dom-helpers-f70a8c7e is being purged
8219 verbose gentlyRm don't care about contents; nuking /Users/hyypucs/work/Antigravity2/ai_pkt/frontend/node_modules/.staging/dom-helpers-f70a8c7e
8220 verbose tar unpack /Users/hyypucs/.npm/eventemitter3/4.0.7/package.tgz
8221 verbose tar unpacking to /Users/hyypucs/work/Antigravity2/ai_pkt/frontend/node_modules/.staging/eventemitter3-a3fbf7d2
8222 silly gentlyRm /Users/hyypucs/work/Antigravity2/ai_pkt/frontend/node_modules/.staging/eventemitter3-a3fbf7d2 is being purged
8223 verbose gentlyRm don't care about contents; nuking /Users/hyypucs/work/Antigravity2/ai_pkt/frontend/node_modules/.staging/eventemitter3-a3fbf7d2
8224 verbose tar unpack /Users/hyypucs/.npm/fsevents/2.3.3/package.tgz
8225 verbose tar unpacking to /Users/hyypucs/work/Antigravity2/ai_pkt/frontend/node_modules/.staging/fsevents-141cdb5a
8226 silly gentlyRm /Users/hyypucs/work/Antigravity2/ai_pkt/frontend/node_modules/.staging/fsevents-141cdb5a is being purged
8227 verbose gentlyRm don't care about contents; nuking /Users/hyypucs/work/Antigravity2/ai_pkt/frontend/node_modules/.staging/fsevents-141cdb5a
8228 verbose tar unpack /Users/hyypucs/.npm/gensync/1.0.0-beta.2/package.tgz
8229 verbose tar unpacking to /Users/hyypucs/work/Antigravity2/ai_pkt/frontend/node_modules/.staging/gensync-22c6d371
8230 silly gentlyRm /Users/hyypucs/work/Antigravity2/ai_pkt/frontend/node_modules/.staging/gensync-22c6d371 is being purged
8231 verbose gentlyRm don't care about contents; nuking /Users/hyypucs/work/Antigravity2/ai_pkt/frontend/node_modules/.staging/gensync-22c6d371
8232 verbose tar unpack /Users/hyypucs/.npm/internmap/2.0.3/package.tgz
8233 verbose tar unpacking to /Users/hyypucs/work/Antigravity2/ai_pkt/frontend/node_modules/.staging/internmap-8679a2c1
8234 silly gentlyRm /Users/hyypucs/work/Antigravity2/ai_pkt/frontend/node_modules/.staging/internmap-8679a2c1 is being purged
8235 verbose gentlyRm don't care about contents; nuking /Users/hyypucs/work/Antigravity2/ai_pkt/frontend/node_modules/.staging/internmap-8679a2c1
8236 verbose tar unpack /Users/hyypucs/.npm/d3-array/3.2.4/package.tgz
8237 verbose tar unpacking to /Users/hyypucs/work/Antigravity2/ai_pkt/frontend/node_modules/.staging/d3-array-dae1188f
8238 silly gentlyRm /Users/hyypucs/work/Antigravity2/ai_pkt/frontend/node_modules/.staging/d3-array-dae1188f is being purged
8239 verbose gentlyRm don't care about contents; nuking /Users/hyypucs/work/Antigravity2/ai_pkt/frontend/node_modules/.staging/d3-array-dae1188f
8240 verbose tar unpack /Users/hyypucs/.npm/d3-time/3.1.0/package.tgz
8241 verbose tar unpacking to /Users/hyypucs/work/Antigravity2/ai_pkt/frontend/node_modules/.staging/d3-time-f60dc8e0
8242 silly gentlyRm /Users/hyypucs/work/Antigravity2/ai_pkt/frontend/node_modules/.staging/d3-time-f60dc8e0 is being purged
8243 verbose gentlyRm don't care about contents; nuking /Users/hyypucs/work/Antigravity2/ai_pkt/frontend/node_modules/.staging/d3-time-f60dc8e0
8244 verbose tar unpack /Users/hyypucs/.npm/d3-scale/4.0.2/package.tgz
8245 verbose tar unpacking to /Users/hyypucs/work/Antigravity2/ai_pkt/frontend/node_modules/.staging/d3-scale-9cfb529f
8246 silly gentlyRm /Users/hyypucs/work/Antigravity2/ai_pkt/frontend/node_modules/.staging/d3-scale-9cfb529f is being purged
8247 verbose gentlyRm don't care about contents; nuking /Users/hyypucs/work/Antigravity2/ai_pkt/frontend/node_modules/.staging/d3-scale-9cfb529f
8248 silly gentlyRm /Users/hyypucs/work/Antigravity2/ai_pkt/frontend/node_modules/.staging/jsesc-d086bdb6 is being purged from base /Users/hyypucs/work/Antigravity2/ai_pkt/frontend
8249 verbose gentlyRm don't care about contents; nuking /Users/hyypucs/work/Antigravity2/ai_pkt/frontend/node_modules/.staging/jsesc-d086bdb6
8250 silly gentlyRm /Users/hyypucs/work/Antigravity2/ai_pkt/frontend/node_modules/.staging/json5-ba6ee996 is being purged from base /Users/hyypucs/work/Antigravity2/ai_pkt/frontend
8251 verbose gentlyRm don't care about contents; nuking /Users/hyypucs/work/Antigravity2/ai_pkt/frontend/node_modules/.staging/json5-ba6ee996
8252 verbose tar unpack /Users/hyypucs/.npm/@babel/generator/7.29.8/package.tgz
8253 verbose tar unpacking to /Users/hyypucs/work/Antigravity2/ai_pkt/frontend/node_modules/.staging/@babel/generator-31651e45
8254 silly gentlyRm /Users/hyypucs/work/Antigravity2/ai_pkt/frontend/node_modules/.staging/@babel/generator-31651e45 is being purged
8255 verbose gentlyRm don't care about contents; nuking /Users/hyypucs/work/Antigravity2/ai_pkt/frontend/node_modules/.staging/@babel/generator-31651e45
8256 verbose tar unpack /Users/hyypucs/.npm/d3-time-format/4.1.0/package.tgz
8257 verbose tar unpacking to /Users/hyypucs/work/Antigravity2/ai_pkt/frontend/node_modules/.staging/d3-time-format-64b5f96b
8258 silly gentlyRm /Users/hyypucs/work/Antigravity2/ai_pkt/frontend/node_modules/.staging/d3-time-format-64b5f96b is being purged
8259 verbose gentlyRm don't care about contents; nuking /Users/hyypucs/work/Antigravity2/ai_pkt/frontend/node_modules/.staging/d3-time-format-64b5f96b
8260 verbose tar unpack /Users/hyypucs/.npm/lodash/4.18.1/package.tgz
8261 verbose tar unpacking to /Users/hyypucs/work/Antigravity2/ai_pkt/frontend/node_modules/.staging/lodash-ce69daf0
8262 silly gentlyRm /Users/hyypucs/work/Antigravity2/ai_pkt/frontend/node_modules/.staging/lodash-ce69daf0 is being purged
8263 verbose gentlyRm don't care about contents; nuking /Users/hyypucs/work/Antigravity2/ai_pkt/frontend/node_modules/.staging/lodash-ce69daf0
8264 verbose tar unpack /Users/hyypucs/.npm/debug/4.4.3/package.tgz
8265 verbose tar unpacking to /Users/hyypucs/work/Antigravity2/ai_pkt/frontend/node_modules/.staging/debug-36bf485f
8266 silly gentlyRm /Users/hyypucs/work/Antigravity2/ai_pkt/frontend/node_modules/.staging/debug-36bf485f is being purged
8267 verbose gentlyRm don't care about contents; nuking /Users/hyypucs/work/Antigravity2/ai_pkt/frontend/node_modules/.staging/debug-36bf485f
8268 verbose tar unpack /Users/hyypucs/.npm/ms/2.1.3/package.tgz
8269 verbose tar unpacking to /Users/hyypucs/work/Antigravity2/ai_pkt/frontend/node_modules/.staging/ms-83048f9f
8270 silly gentlyRm /Users/hyypucs/work/Antigravity2/ai_pkt/frontend/node_modules/.staging/ms-83048f9f is being purged
8271 verbose gentlyRm don't care about contents; nuking /Users/hyypucs/work/Antigravity2/ai_pkt/frontend/node_modules/.staging/ms-83048f9f
8272 verbose tar unpack /Users/hyypucs/.npm/js-tokens/4.0.0/package.tgz
8273 verbose tar unpacking to /Users/hyypucs/work/Antigravity2/ai_pkt/frontend/node_modules/.staging/js-tokens-c75248a0
8274 silly gentlyRm /Users/hyypucs/work/Antigravity2/ai_pkt/frontend/node_modules/.staging/js-tokens-c75248a0 is being purged
8275 verbose gentlyRm don't care about contents; nuking /Users/hyypucs/work/Antigravity2/ai_pkt/frontend/node_modules/.staging/js-tokens-c75248a0
8276 silly gentlyRm /Users/hyypucs/work/Antigravity2/ai_pkt/frontend/node_modules/.staging/nanoid-b80c3066 is being purged from base /Users/hyypucs/work/Antigravity2/ai_pkt/frontend
8277 verbose gentlyRm don't care about contents; nuking /Users/hyypucs/work/Antigravity2/ai_pkt/frontend/node_modules/.staging/nanoid-b80c3066
8278 silly gentlyRm /Users/hyypucs/work/Antigravity2/ai_pkt/frontend/node_modules/.staging/loose-envify-000a6247 is being purged from base /Users/hyypucs/work/Antigravity2/ai_pkt/frontend
8279 verbose gentlyRm don't care about contents; nuking /Users/hyypucs/work/Antigravity2/ai_pkt/frontend/node_modules/.staging/loose-envify-000a6247
8280 verbose tar unpack /Users/hyypucs/.npm/@babel/code-frame/7.29.7/package.tgz
8281 verbose tar unpacking to /Users/hyypucs/work/Antigravity2/ai_pkt/frontend/node_modules/.staging/@babel/code-frame-c209b9e9
8282 silly gentlyRm /Users/hyypucs/work/Antigravity2/ai_pkt/frontend/node_modules/.staging/@babel/code-frame-c209b9e9 is being purged
8283 verbose gentlyRm don't care about contents; nuking /Users/hyypucs/work/Antigravity2/ai_pkt/frontend/node_modules/.staging/@babel/code-frame-c209b9e9
8284 verbose tar unpack /Users/hyypucs/.npm/object-assign/4.1.1/package.tgz
8285 verbose tar unpacking to /Users/hyypucs/work/Antigravity2/ai_pkt/frontend/node_modules/.staging/object-assign-df7b83b5
8286 silly gentlyRm /Users/hyypucs/work/Antigravity2/ai_pkt/frontend/node_modules/.staging/object-assign-df7b83b5 is being purged
8287 verbose gentlyRm don't care about contents; nuking /Users/hyypucs/work/Antigravity2/ai_pkt/frontend/node_modules/.staging/object-assign-df7b83b5
8288 verbose tar unpack /Users/hyypucs/.npm/picocolors/1.1.1/package.tgz
8289 verbose tar unpacking to /Users/hyypucs/work/Antigravity2/ai_pkt/frontend/node_modules/.staging/picocolors-7e1ce966
8290 silly gentlyRm /Users/hyypucs/work/Antigravity2/ai_pkt/frontend/node_modules/.staging/picocolors-7e1ce966 is being purged
8291 verbose gentlyRm don't care about contents; nuking /Users/hyypucs/work/Antigravity2/ai_pkt/frontend/node_modules/.staging/picocolors-7e1ce966
8292 verbose tar unpack /Users/hyypucs/.npm/node-releases/2.0.53/package.tgz
8293 verbose tar unpacking to /Users/hyypucs/work/Antigravity2/ai_pkt/frontend/node_modules/.staging/node-releases-1d9a221d
8294 silly gentlyRm /Users/hyypucs/work/Antigravity2/ai_pkt/frontend/node_modules/.staging/node-releases-1d9a221d is being purged
8295 verbose gentlyRm don't care about contents; nuking /Users/hyypucs/work/Antigravity2/ai_pkt/frontend/node_modules/.staging/node-releases-1d9a221d
8296 verbose tar unpack /Users/hyypucs/.npm/@babel/helper-module-imports/7.29.7/package.tgz
8297 verbose tar unpacking to /Users/hyypucs/work/Antigravity2/ai_pkt/frontend/node_modules/.staging/@babel/helper-module-imports-2fb2a5d4
8298 silly gentlyRm /Users/hyypucs/work/Antigravity2/ai_pkt/frontend/node_modules/.staging/@babel/helper-module-imports-2fb2a5d4 is being purged
8299 verbose gentlyRm don't care about contents; nuking /Users/hyypucs/work/Antigravity2/ai_pkt/frontend/node_modules/.staging/@babel/helper-module-imports-2fb2a5d4
8300 verbose tar unpack /Users/hyypucs/.npm/@babel/helpers/7.29.7/package.tgz
8301 verbose tar unpacking to /Users/hyypucs/work/Antigravity2/ai_pkt/frontend/node_modules/.staging/@babel/helpers-f04e7afb
8302 silly gentlyRm /Users/hyypucs/work/Antigravity2/ai_pkt/frontend/node_modules/.staging/@babel/helpers-f04e7afb is being purged
8303 verbose gentlyRm don't care about contents; nuking /Users/hyypucs/work/Antigravity2/ai_pkt/frontend/node_modules/.staging/@babel/helpers-f04e7afb
8304 verbose tar unpack /Users/hyypucs/.npm/@babel/traverse/7.29.8/package.tgz
8305 verbose tar unpacking to /Users/hyypucs/work/Antigravity2/ai_pkt/frontend/node_modules/.staging/@babel/traverse-c89c2157
8306 silly gentlyRm /Users/hyypucs/work/Antigravity2/ai_pkt/frontend/node_modules/.staging/@babel/traverse-c89c2157 is being purged
8307 verbose gentlyRm don't care about contents; nuking /Users/hyypucs/work/Antigravity2/ai_pkt/frontend/node_modules/.staging/@babel/traverse-c89c2157
8308 verbose tar unpack /Users/hyypucs/.npm/@babel/template/7.29.7/package.tgz
8309 verbose tar unpacking to /Users/hyypucs/work/Antigravity2/ai_pkt/frontend/node_modules/.staging/@babel/template-c4ea2115
8310 silly gentlyRm /Users/hyypucs/work/Antigravity2/ai_pkt/frontend/node_modules/.staging/@babel/template-c4ea2115 is being purged
8311 verbose gentlyRm don't care about contents; nuking /Users/hyypucs/work/Antigravity2/ai_pkt/frontend/node_modules/.staging/@babel/template-c4ea2115
8312 verbose tar unpack /Users/hyypucs/.npm/@babel/helper-module-transforms/7.29.7/package.tgz
8313 verbose tar unpacking to /Users/hyypucs/work/Antigravity2/ai_pkt/frontend/node_modules/.staging/@babel/helper-module-transforms-015b5446
8314 silly gentlyRm /Users/hyypucs/work/Antigravity2/ai_pkt/frontend/node_modules/.staging/@babel/helper-module-transforms-015b5446 is being purged
8315 verbose gentlyRm don't care about contents; nuking /Users/hyypucs/work/Antigravity2/ai_pkt/frontend/node_modules/.staging/@babel/helper-module-transforms-015b5446
8316 verbose tar unpack /Users/hyypucs/.npm/react-is/16.13.1/package.tgz
8317 verbose tar unpacking to /Users/hyypucs/work/Antigravity2/ai_pkt/frontend/node_modules/.staging/react-is-90524138
8318 silly gentlyRm /Users/hyypucs/work/Antigravity2/ai_pkt/frontend/node_modules/.staging/react-is-90524138 is being purged
8319 verbose gentlyRm don't care about contents; nuking /Users/hyypucs/work/Antigravity2/ai_pkt/frontend/node_modules/.staging/react-is-90524138
8320 verbose tar unpack /Users/hyypucs/.npm/prop-types/15.8.1/package.tgz
8321 verbose tar unpacking to /Users/hyypucs/work/Antigravity2/ai_pkt/frontend/node_modules/.staging/prop-types-ca123694
8322 silly gentlyRm /Users/hyypucs/work/Antigravity2/ai_pkt/frontend/node_modules/.staging/prop-types-ca123694 is being purged
8323 verbose gentlyRm don't care about contents; nuking /Users/hyypucs/work/Antigravity2/ai_pkt/frontend/node_modules/.staging/prop-types-ca123694
8324 verbose tar unpack /Users/hyypucs/.npm/react-transition-group/4.4.5/package.tgz
8325 verbose tar unpacking to /Users/hyypucs/work/Antigravity2/ai_pkt/frontend/node_modules/.staging/react-transition-group-241b48e6
8326 silly gentlyRm /Users/hyypucs/work/Antigravity2/ai_pkt/frontend/node_modules/.staging/react-transition-group-241b48e6 is being purged
8327 verbose gentlyRm don't care about contents; nuking /Users/hyypucs/work/Antigravity2/ai_pkt/frontend/node_modules/.staging/react-transition-group-241b48e6
8328 verbose tar unpack /Users/hyypucs/.npm/react-is/18.3.1/package.tgz
8329 verbose tar unpacking to /Users/hyypucs/work/Antigravity2/ai_pkt/frontend/node_modules/.staging/react-is-9895b65c
8330 silly gentlyRm /Users/hyypucs/work/Antigravity2/ai_pkt/frontend/node_modules/.staging/react-is-9895b65c is being purged
8331 verbose gentlyRm don't care about contents; nuking /Users/hyypucs/work/Antigravity2/ai_pkt/frontend/node_modules/.staging/react-is-9895b65c
8332 verbose tar unpack /Users/hyypucs/.npm/react-refresh/0.17.0/package.tgz
8333 verbose tar unpacking to /Users/hyypucs/work/Antigravity2/ai_pkt/frontend/node_modules/.staging/react-refresh-e6c4b4ab
8334 silly gentlyRm /Users/hyypucs/work/Antigravity2/ai_pkt/frontend/node_modules/.staging/react-refresh-e6c4b4ab is being purged
8335 verbose gentlyRm don't care about contents; nuking /Users/hyypucs/work/Antigravity2/ai_pkt/frontend/node_modules/.staging/react-refresh-e6c4b4ab
8336 verbose tar unpack /Users/hyypucs/.npm/recharts-scale/0.4.5/package.tgz
8337 verbose tar unpacking to /Users/hyypucs/work/Antigravity2/ai_pkt/frontend/node_modules/.staging/recharts-scale-60cf0b2b
8338 silly gentlyRm /Users/hyypucs/work/Antigravity2/ai_pkt/frontend/node_modules/.staging/recharts-scale-60cf0b2b is being purged
8339 verbose gentlyRm don't care about contents; nuking /Users/hyypucs/work/Antigravity2/ai_pkt/frontend/node_modules/.staging/recharts-scale-60cf0b2b
8340 verbose tar unpack /Users/hyypucs/.npm/source-map-js/1.2.1/package.tgz
8341 verbose tar unpacking to /Users/hyypucs/work/Antigravity2/ai_pkt/frontend/node_modules/.staging/source-map-js-ca26e6a5
8342 silly gentlyRm /Users/hyypucs/work/Antigravity2/ai_pkt/frontend/node_modules/.staging/source-map-js-ca26e6a5 is being purged
8343 verbose gentlyRm don't care about contents; nuking /Users/hyypucs/work/Antigravity2/ai_pkt/frontend/node_modules/.staging/source-map-js-ca26e6a5
8344 silly gentlyRm /Users/hyypucs/work/Antigravity2/ai_pkt/frontend/node_modules/.staging/semver-16a3698f is being purged from base /Users/hyypucs/work/Antigravity2/ai_pkt/frontend
8345 verbose gentlyRm don't care about contents; nuking /Users/hyypucs/work/Antigravity2/ai_pkt/frontend/node_modules/.staging/semver-16a3698f
8346 verbose tar unpack /Users/hyypucs/.npm/react-smooth/4.0.4/package.tgz
8347 verbose tar unpacking to /Users/hyypucs/work/Antigravity2/ai_pkt/frontend/node_modules/.staging/react-smooth-0cddc9aa
8348 silly gentlyRm /Users/hyypucs/work/Antigravity2/ai_pkt/frontend/node_modules/.staging/react-smooth-0cddc9aa is being purged
8349 verbose gentlyRm don't care about contents; nuking /Users/hyypucs/work/Antigravity2/ai_pkt/frontend/node_modules/.staging/react-smooth-0cddc9aa
8350 verbose tar unpack /Users/hyypucs/.npm/postcss/8.5.26/package.tgz
8351 verbose tar unpacking to /Users/hyypucs/work/Antigravity2/ai_pkt/frontend/node_modules/.staging/postcss-b1d35006
8352 silly gentlyRm /Users/hyypucs/work/Antigravity2/ai_pkt/frontend/node_modules/.staging/postcss-b1d35006 is being purged
8353 verbose gentlyRm don't care about contents; nuking /Users/hyypucs/work/Antigravity2/ai_pkt/frontend/node_modules/.staging/postcss-b1d35006
8354 verbose tar unpack /Users/hyypucs/.npm/scheduler/0.23.2/package.tgz
8355 verbose tar unpacking to /Users/hyypucs/work/Antigravity2/ai_pkt/frontend/node_modules/.staging/scheduler-69312336
8356 silly gentlyRm /Users/hyypucs/work/Antigravity2/ai_pkt/frontend/node_modules/.staging/scheduler-69312336 is being purged
8357 verbose gentlyRm don't care about contents; nuking /Users/hyypucs/work/Antigravity2/ai_pkt/frontend/node_modules/.staging/scheduler-69312336
8358 verbose tar unpack /Users/hyypucs/.npm/tiny-invariant/1.3.3/package.tgz
8359 verbose tar unpacking to /Users/hyypucs/work/Antigravity2/ai_pkt/frontend/node_modules/.staging/tiny-invariant-5a0eb601
8360 silly gentlyRm /Users/hyypucs/work/Antigravity2/ai_pkt/frontend/node_modules/.staging/tiny-invariant-5a0eb601 is being purged
8361 verbose gentlyRm don't care about contents; nuking /Users/hyypucs/work/Antigravity2/ai_pkt/frontend/node_modules/.staging/tiny-invariant-5a0eb601
8362 silly gentlyRm /Users/hyypucs/work/Antigravity2/ai_pkt/frontend/node_modules/.staging/update-browserslist-db-d6ca5623 is being purged from base /Users/hyypucs/work/Antigravity2/ai_pkt/frontend
8363 verbose gentlyRm don't care about contents; nuking /Users/hyypucs/work/Antigravity2/ai_pkt/frontend/node_modules/.staging/update-browserslist-db-d6ca5623
8364 silly gentlyRm /Users/hyypucs/work/Antigravity2/ai_pkt/frontend/node_modules/.staging/browserslist-3130500b is being purged from base /Users/hyypucs/work/Antigravity2/ai_pkt/frontend
8365 verbose gentlyRm don't care about contents; nuking /Users/hyypucs/work/Antigravity2/ai_pkt/frontend/node_modules/.staging/browserslist-3130500b
8366 verbose tar unpack /Users/hyypucs/.npm/victory-vendor/36.9.2/package.tgz
8367 verbose tar unpacking to /Users/hyypucs/work/Antigravity2/ai_pkt/frontend/node_modules/.staging/victory-vendor-4eb8a669
8368 silly gentlyRm /Users/hyypucs/work/Antigravity2/ai_pkt/frontend/node_modules/.staging/victory-vendor-4eb8a669 is being purged
8369 verbose gentlyRm don't care about contents; nuking /Users/hyypucs/work/Antigravity2/ai_pkt/frontend/node_modules/.staging/victory-vendor-4eb8a669
8370 verbose tar unpack /Users/hyypucs/.npm/yallist/3.1.1/package.tgz
8371 verbose tar unpacking to /Users/hyypucs/work/Antigravity2/ai_pkt/frontend/node_modules/.staging/yallist-d02f279f
8372 silly gentlyRm /Users/hyypucs/work/Antigravity2/ai_pkt/frontend/node_modules/.staging/yallist-d02f279f is being purged
8373 verbose gentlyRm don't care about contents; nuking /Users/hyypucs/work/Antigravity2/ai_pkt/frontend/node_modules/.staging/yallist-d02f279f
8374 verbose tar unpack /Users/hyypucs/.npm/lru-cache/5.1.1/package.tgz
8375 verbose tar unpacking to /Users/hyypucs/work/Antigravity2/ai_pkt/frontend/node_modules/.staging/lru-cache-0b08210b
8376 silly gentlyRm /Users/hyypucs/work/Antigravity2/ai_pkt/frontend/node_modules/.staging/lru-cache-0b08210b is being purged
8377 verbose gentlyRm don't care about contents; nuking /Users/hyypucs/work/Antigravity2/ai_pkt/frontend/node_modules/.staging/lru-cache-0b08210b
8378 silly gentlyRm /Users/hyypucs/work/Antigravity2/ai_pkt/frontend/node_modules/.staging/rollup-5785a5d1 is being purged from base /Users/hyypucs/work/Antigravity2/ai_pkt/frontend
8379 verbose gentlyRm don't care about contents; nuking /Users/hyypucs/work/Antigravity2/ai_pkt/frontend/node_modules/.staging/rollup-5785a5d1
8380 silly gentlyRm /Users/hyypucs/work/Antigravity2/ai_pkt/frontend/node_modules/.staging/react-dom-7ebd7deb is being purged from base /Users/hyypucs/work/Antigravity2/ai_pkt/frontend
8381 verbose gentlyRm don't care about contents; nuking /Users/hyypucs/work/Antigravity2/ai_pkt/frontend/node_modules/.staging/react-dom-7ebd7deb
8382 verbose tar unpack /Users/hyypucs/.npm/@babel/helper-compilation-targets/7.29.7/package.tgz
8383 verbose tar unpacking to /Users/hyypucs/work/Antigravity2/ai_pkt/frontend/node_modules/.staging/@babel/helper-compilation-targets-42f76efa
8384 silly gentlyRm /Users/hyypucs/work/Antigravity2/ai_pkt/frontend/node_modules/.staging/@babel/helper-compilation-targets-42f76efa is being purged
8385 verbose gentlyRm don't care about contents; nuking /Users/hyypucs/work/Antigravity2/ai_pkt/frontend/node_modules/.staging/@babel/helper-compilation-targets-42f76efa
8386 verbose tar unpack /Users/hyypucs/.npm/@types/react/18.3.31/package.tgz
8387 verbose tar unpacking to /Users/hyypucs/work/Antigravity2/ai_pkt/frontend/node_modules/.staging/@types/react-2ccf5eda
8388 silly gentlyRm /Users/hyypucs/work/Antigravity2/ai_pkt/frontend/node_modules/.staging/@types/react-2ccf5eda is being purged
8389 verbose gentlyRm don't care about contents; nuking /Users/hyypucs/work/Antigravity2/ai_pkt/frontend/node_modules/.staging/@types/react-2ccf5eda
8390 verbose tar unpack /Users/hyypucs/.npm/@babel/core/7.29.7/package.tgz
8391 verbose tar unpacking to /Users/hyypucs/work/Antigravity2/ai_pkt/frontend/node_modules/.staging/@babel/core-421b6fc0
8392 silly gentlyRm /Users/hyypucs/work/Antigravity2/ai_pkt/frontend/node_modules/.staging/@babel/core-421b6fc0 is being purged
8393 verbose gentlyRm don't care about contents; nuking /Users/hyypucs/work/Antigravity2/ai_pkt/frontend/node_modules/.staging/@babel/core-421b6fc0
8394 verbose tar unpack /Users/hyypucs/.npm/@types/react-dom/18.3.7/package.tgz
8395 verbose tar unpacking to /Users/hyypucs/work/Antigravity2/ai_pkt/frontend/node_modules/.staging/@types/react-dom-61e5c20d
8396 silly gentlyRm /Users/hyypucs/work/Antigravity2/ai_pkt/frontend/node_modules/.staging/@types/react-dom-61e5c20d is being purged
8397 verbose gentlyRm don't care about contents; nuking /Users/hyypucs/work/Antigravity2/ai_pkt/frontend/node_modules/.staging/@types/react-dom-61e5c20d
8398 verbose tar unpack /Users/hyypucs/.npm/@vitejs/plugin-react/4.7.0/package.tgz
8399 verbose tar unpacking to /Users/hyypucs/work/Antigravity2/ai_pkt/frontend/node_modules/.staging/@vitejs/plugin-react-720d5cb2
8400 silly gentlyRm /Users/hyypucs/work/Antigravity2/ai_pkt/frontend/node_modules/.staging/@vitejs/plugin-react-720d5cb2 is being purged
8401 verbose gentlyRm don't care about contents; nuking /Users/hyypucs/work/Antigravity2/ai_pkt/frontend/node_modules/.staging/@vitejs/plugin-react-720d5cb2
8402 silly gentlyRm /Users/hyypucs/work/Antigravity2/ai_pkt/frontend/node_modules/.staging/vite-94c38a43 is being purged from base /Users/hyypucs/work/Antigravity2/ai_pkt/frontend
8403 verbose gentlyRm don't care about contents; nuking /Users/hyypucs/work/Antigravity2/ai_pkt/frontend/node_modules/.staging/vite-94c38a43
8404 verbose tar unpack /Users/hyypucs/.npm/recharts/2.15.4/package.tgz
8405 verbose tar unpacking to /Users/hyypucs/work/Antigravity2/ai_pkt/frontend/node_modules/.staging/recharts-9905307e
8406 silly gentlyRm /Users/hyypucs/work/Antigravity2/ai_pkt/frontend/node_modules/.staging/recharts-9905307e is being purged
8407 verbose gentlyRm don't care about contents; nuking /Users/hyypucs/work/Antigravity2/ai_pkt/frontend/node_modules/.staging/recharts-9905307e
8408 verbose tar unpack /Users/hyypucs/.npm/react/18.3.1/package.tgz
8409 verbose tar unpacking to /Users/hyypucs/work/Antigravity2/ai_pkt/frontend/node_modules/.staging/react-a63d2ea3
8410 silly gentlyRm /Users/hyypucs/work/Antigravity2/ai_pkt/frontend/node_modules/.staging/react-a63d2ea3 is being purged
8411 verbose gentlyRm don't care about contents; nuking /Users/hyypucs/work/Antigravity2/ai_pkt/frontend/node_modules/.staging/react-a63d2ea3
8412 silly gunzTarPerm modes [ '755', '644' ]
8413 verbose tar unpack /Users/hyypucs/.npm/lucide-react/0.300.0/package.tgz
8414 verbose tar unpacking to /Users/hyypucs/work/Antigravity2/ai_pkt/frontend/node_modules/.staging/lucide-react-1a03b856
8415 silly gentlyRm /Users/hyypucs/work/Antigravity2/ai_pkt/frontend/node_modules/.staging/lucide-react-1a03b856 is being purged
8416 verbose gentlyRm don't care about contents; nuking /Users/hyypucs/work/Antigravity2/ai_pkt/frontend/node_modules/.staging/lucide-react-1a03b856
8417 silly gunzTarPerm modes [ '755', '644' ]
8418 silly gunzTarPerm modes [ '755', '644' ]
8419 silly gunzTarPerm modes [ '755', '644' ]
8420 silly gunzTarPerm modes [ '755', '644' ]
8421 silly gunzTarPerm modes [ '755', '644' ]
8422 silly gunzTarPerm modes [ '755', '644' ]
8423 silly gunzTarPerm modes [ '755', '644' ]
8424 silly gunzTarPerm modes [ '755', '644' ]
8425 silly gunzTarPerm modes [ '755', '644' ]
8426 silly gunzTarPerm modes [ '755', '644' ]
8427 verbose tar unpack /Users/hyypucs/.npm/@babel/parser/7.29.8/package.tgz
8428 verbose tar unpacking to /Users/hyypucs/work/Antigravity2/ai_pkt/frontend/node_modules/.staging/@babel/parser-1eb88225
8429 silly gentlyRm /Users/hyypucs/work/Antigravity2/ai_pkt/frontend/node_modules/.staging/@babel/parser-1eb88225 is being purged
8430 verbose gentlyRm don't care about contents; nuking /Users/hyypucs/work/Antigravity2/ai_pkt/frontend/node_modules/.staging/@babel/parser-1eb88225
8431 silly gunzTarPerm modes [ '755', '644' ]
8432 silly gunzTarPerm modes [ '755', '644' ]
8433 silly gunzTarPerm modes [ '755', '644' ]
8434 silly gunzTarPerm modes [ '755', '644' ]
8435 silly gunzTarPerm modes [ '755', '644' ]
8436 silly gunzTarPerm modes [ '755', '644' ]
8437 silly gunzTarPerm modes [ '755', '644' ]
8438 silly gunzTarPerm modes [ '755', '644' ]
8439 silly gunzTarPerm modes [ '755', '644' ]
8440 silly gunzTarPerm modes [ '755', '644' ]
8441 silly gunzTarPerm modes [ '755', '644' ]
8442 silly gunzTarPerm modes [ '755', '644' ]
8443 silly gunzTarPerm modes [ '755', '644' ]
8444 silly gunzTarPerm modes [ '755', '644' ]
8445 silly gunzTarPerm modes [ '755', '644' ]
8446 silly gunzTarPerm modes [ '755', '644' ]
8447 silly gunzTarPerm modes [ '755', '644' ]
8448 silly gunzTarPerm modes [ '755', '644' ]
8449 silly gunzTarPerm modes [ '755', '644' ]
8450 silly gunzTarPerm modes [ '755', '644' ]
8451 silly gunzTarPerm modes [ '755', '644' ]
8452 silly gunzTarPerm modes [ '755', '644' ]
8453 verbose tar unpack /Users/hyypucs/.npm/baseline-browser-mapping/2.11.13/package.tgz
8454 verbose tar unpacking to /Users/hyypucs/work/Antigravity2/ai_pkt/frontend/node_modules/.staging/baseline-browser-mapping-cde011e1
8455 silly gentlyRm /Users/hyypucs/work/Antigravity2/ai_pkt/frontend/node_modules/.staging/baseline-browser-mapping-cde011e1 is being purged
8456 verbose gentlyRm don't care about contents; nuking /Users/hyypucs/work/Antigravity2/ai_pkt/frontend/node_modules/.staging/baseline-browser-mapping-cde011e1
8457 silly gunzTarPerm modes [ '755', '644' ]
8458 silly gunzTarPerm modes [ '755', '644' ]
8459 silly gunzTarPerm modes [ '755', '644' ]
8460 silly gunzTarPerm modes [ '755', '644' ]
8461 silly gunzTarPerm modes [ '755', '644' ]
8462 silly gunzTarPerm modes [ '755', '644' ]
8463 silly gunzTarPerm modes [ '755', '644' ]
8464 silly gunzTarPerm modes [ '755', '644' ]
8465 silly gunzTarPerm modes [ '755', '644' ]
8466 silly gunzTarPerm modes [ '755', '644' ]
8467 silly gunzTarPerm modes [ '755', '644' ]
8468 silly gunzTarPerm modes [ '755', '644' ]
8469 silly gunzTarPerm modes [ '755', '644' ]
8470 silly gunzTarPerm modes [ '755', '644' ]
8471 verbose tar unpack /Users/hyypucs/.npm/esbuild/0.21.5/package.tgz
8472 verbose tar unpacking to /Users/hyypucs/work/Antigravity2/ai_pkt/frontend/node_modules/.staging/esbuild-cb60457f
8473 silly gentlyRm /Users/hyypucs/work/Antigravity2/ai_pkt/frontend/node_modules/.staging/esbuild-cb60457f is being purged
8474 verbose gentlyRm don't care about contents; nuking /Users/hyypucs/work/Antigravity2/ai_pkt/frontend/node_modules/.staging/esbuild-cb60457f
8475 silly gunzTarPerm modes [ '755', '644' ]
8476 silly gunzTarPerm modes [ '755', '644' ]
8477 silly gunzTarPerm modes [ '755', '644' ]
8478 silly gunzTarPerm modes [ '755', '644' ]
8479 silly gunzTarPerm modes [ '755', '644' ]
8480 silly gunzTarPerm modes [ '755', '644' ]
8481 silly gunzTarPerm modes [ '755', '644' ]
8482 silly gunzTarPerm modes [ '755', '644' ]
8483 silly gunzTarPerm modes [ '755', '644' ]
8484 verbose tar unpack /Users/hyypucs/.npm/jsesc/3.1.0/package.tgz
8485 verbose tar unpacking to /Users/hyypucs/work/Antigravity2/ai_pkt/frontend/node_modules/.staging/jsesc-d086bdb6
8486 silly gentlyRm /Users/hyypucs/work/Antigravity2/ai_pkt/frontend/node_modules/.staging/jsesc-d086bdb6 is being purged
8487 verbose gentlyRm don't care about contents; nuking /Users/hyypucs/work/Antigravity2/ai_pkt/frontend/node_modules/.staging/jsesc-d086bdb6
8488 verbose tar unpack /Users/hyypucs/.npm/json5/2.2.3/package.tgz
8489 verbose tar unpacking to /Users/hyypucs/work/Antigravity2/ai_pkt/frontend/node_modules/.staging/json5-ba6ee996
8490 silly gentlyRm /Users/hyypucs/work/Antigravity2/ai_pkt/frontend/node_modules/.staging/json5-ba6ee996 is being purged
8491 verbose gentlyRm don't care about contents; nuking /Users/hyypucs/work/Antigravity2/ai_pkt/frontend/node_modules/.staging/json5-ba6ee996
8492 silly gunzTarPerm modes [ '755', '644' ]
8493 silly gunzTarPerm modes [ '755', '644' ]
8494 silly gunzTarPerm modes [ '755', '644' ]
8495 silly gunzTarPerm modes [ '755', '644' ]
8496 silly gunzTarPerm modes [ '755', '644' ]
8497 silly gunzTarPerm modes [ '755', '644' ]
8498 verbose tar unpack /Users/hyypucs/.npm/nanoid/3.3.18/package.tgz
8499 verbose tar unpacking to /Users/hyypucs/work/Antigravity2/ai_pkt/frontend/node_modules/.staging/nanoid-b80c3066
8500 silly gentlyRm /Users/hyypucs/work/Antigravity2/ai_pkt/frontend/node_modules/.staging/nanoid-b80c3066 is being purged
8501 verbose gentlyRm don't care about contents; nuking /Users/hyypucs/work/Antigravity2/ai_pkt/frontend/node_modules/.staging/nanoid-b80c3066
8502 verbose tar unpack /Users/hyypucs/.npm/loose-envify/1.4.0/package.tgz
8503 verbose tar unpacking to /Users/hyypucs/work/Antigravity2/ai_pkt/frontend/node_modules/.staging/loose-envify-000a6247
8504 silly gentlyRm /Users/hyypucs/work/Antigravity2/ai_pkt/frontend/node_modules/.staging/loose-envify-000a6247 is being purged
8505 verbose gentlyRm don't care about contents; nuking /Users/hyypucs/work/Antigravity2/ai_pkt/frontend/node_modules/.staging/loose-envify-000a6247
8506 silly gunzTarPerm modes [ '755', '644' ]
8507 silly gunzTarPerm modes [ '755', '644' ]
8508 silly gunzTarPerm modes [ '755', '644' ]
8509 silly gunzTarPerm modes [ '755', '644' ]
8510 silly gunzTarPerm modes [ '755', '644' ]
8511 silly gunzTarPerm modes [ '755', '644' ]
8512 silly gunzTarPerm modes [ '755', '644' ]
8513 silly gunzTarPerm modes [ '755', '644' ]
8514 silly gunzTarPerm modes [ '755', '644' ]
8515 silly gunzTarPerm modes [ '755', '644' ]
8516 silly gunzTarPerm modes [ '755', '644' ]
8517 silly gunzTarPerm modes [ '755', '644' ]
8518 silly gunzTarPerm modes [ '755', '644' ]
8519 silly gunzTarPerm modes [ '755', '644' ]
8520 silly gunzTarPerm modes [ '755', '644' ]
8521 silly gunzTarPerm modes [ '755', '644' ]
8522 verbose tar unpack /Users/hyypucs/.npm/semver/6.3.1/package.tgz
8523 verbose tar unpacking to /Users/hyypucs/work/Antigravity2/ai_pkt/frontend/node_modules/.staging/semver-16a3698f
8524 silly gentlyRm /Users/hyypucs/work/Antigravity2/ai_pkt/frontend/node_modules/.staging/semver-16a3698f is being purged
8525 verbose gentlyRm don't care about contents; nuking /Users/hyypucs/work/Antigravity2/ai_pkt/frontend/node_modules/.staging/semver-16a3698f
8526 silly gunzTarPerm modes [ '755', '644' ]
8527 silly gunzTarPerm modes [ '755', '644' ]
8528 silly gunzTarPerm modes [ '755', '644' ]
8529 silly gunzTarPerm modes [ '755', '644' ]
8530 verbose tar unpack /Users/hyypucs/.npm/update-browserslist-db/1.3.1/package.tgz
8531 verbose tar unpacking to /Users/hyypucs/work/Antigravity2/ai_pkt/frontend/node_modules/.staging/update-browserslist-db-d6ca5623
8532 silly gentlyRm /Users/hyypucs/work/Antigravity2/ai_pkt/frontend/node_modules/.staging/update-browserslist-db-d6ca5623 is being purged
8533 verbose gentlyRm don't care about contents; nuking /Users/hyypucs/work/Antigravity2/ai_pkt/frontend/node_modules/.staging/update-browserslist-db-d6ca5623
8534 verbose tar unpack /Users/hyypucs/.npm/browserslist/4.28.8/package.tgz
8535 verbose tar unpacking to /Users/hyypucs/work/Antigravity2/ai_pkt/frontend/node_modules/.staging/browserslist-3130500b
8536 silly gentlyRm /Users/hyypucs/work/Antigravity2/ai_pkt/frontend/node_modules/.staging/browserslist-3130500b is being purged
8537 verbose gentlyRm don't care about contents; nuking /Users/hyypucs/work/Antigravity2/ai_pkt/frontend/node_modules/.staging/browserslist-3130500b
8538 silly gunzTarPerm modes [ '755', '644' ]
8539 silly gunzTarPerm modes [ '755', '644' ]
8540 silly gunzTarPerm modes [ '755', '644' ]
8541 verbose tar unpack /Users/hyypucs/.npm/rollup/4.62.4/package.tgz
8542 verbose tar unpacking to /Users/hyypucs/work/Antigravity2/ai_pkt/frontend/node_modules/.staging/rollup-5785a5d1
8543 silly gentlyRm /Users/hyypucs/work/Antigravity2/ai_pkt/frontend/node_modules/.staging/rollup-5785a5d1 is being purged
8544 verbose gentlyRm don't care about contents; nuking /Users/hyypucs/work/Antigravity2/ai_pkt/frontend/node_modules/.staging/rollup-5785a5d1
8545 verbose tar unpack /Users/hyypucs/.npm/react-dom/18.3.1/package.tgz
8546 verbose tar unpacking to /Users/hyypucs/work/Antigravity2/ai_pkt/frontend/node_modules/.staging/react-dom-7ebd7deb
8547 silly gentlyRm /Users/hyypucs/work/Antigravity2/ai_pkt/frontend/node_modules/.staging/react-dom-7ebd7deb is being purged
8548 verbose gentlyRm don't care about contents; nuking /Users/hyypucs/work/Antigravity2/ai_pkt/frontend/node_modules/.staging/react-dom-7ebd7deb
8549 silly gunzTarPerm modes [ '755', '644' ]
8550 silly gunzTarPerm modes [ '755', '644' ]
8551 silly gunzTarPerm modes [ '755', '644' ]
8552 silly gunzTarPerm modes [ '755', '644' ]
8553 silly gunzTarPerm modes [ '755', '644' ]
8554 verbose tar unpack /Users/hyypucs/.npm/vite/5.4.21/package.tgz
8555 verbose tar unpacking to /Users/hyypucs/work/Antigravity2/ai_pkt/frontend/node_modules/.staging/vite-94c38a43
8556 silly gentlyRm /Users/hyypucs/work/Antigravity2/ai_pkt/frontend/node_modules/.staging/vite-94c38a43 is being purged
8557 verbose gentlyRm don't care about contents; nuking /Users/hyypucs/work/Antigravity2/ai_pkt/frontend/node_modules/.staging/vite-94c38a43
8558 silly gunzTarPerm modes [ '755', '644' ]
8559 silly gunzTarPerm modes [ '755', '644' ]
8560 silly gunzTarPerm modes [ '755', '644' ]
8561 silly gunzTarPerm modes [ '755', '644' ]
8562 silly gunzTarPerm modes [ '755', '644' ]
8563 silly gunzTarPerm modes [ '755', '644' ]
8564 silly gunzTarPerm modes [ '755', '644' ]
8565 silly gunzTarPerm modes [ '755', '644' ]
8566 silly gunzTarPerm modes [ '755', '644' ]
8567 silly gunzTarPerm modes [ '755', '644' ]
8568 silly gunzTarPerm modes [ '755', '644' ]
8569 silly gunzTarPerm modes [ '755', '644' ]
8570 silly gunzTarPerm modes [ '755', '644' ]
8571 silly gunzTarPerm modes [ '755', '644' ]
8572 silly gunzTarPerm modes [ '755', '644' ]
8573 silly gunzTarPerm modes [ '755', '644' ]
8574 silly gunzTarPerm extractEntry LICENSE
8575 silly gunzTarPerm extractEntry bin/esbuild
8576 silly gunzTarPerm extractEntry LICENSE
8577 silly gunzTarPerm extractEntry package.json
8578 silly gunzTarPerm extractEntry
8579 silly gunzTarPerm extractEntry LICENSE
8580 silly gunzTarPerm extractEntry LICENSE
8581 silly gunzTarPerm extractEntry LICENSE
8582 silly gunzTarPerm extractEntry LICENSE
8583 silly gunzTarPerm extractEntry LICENSE
8584 silly gunzTarPerm extractEntry LICENSE
8585 silly gunzTarPerm extractEntry LICENSE
8586 silly gunzTarPerm extractEntry LICENSE
8587 silly gunzTarPerm extractEntry LICENSE
8588 silly gunzTarPerm extractEntry LICENSE
8589 silly gunzTarPerm extractEntry LICENSE
8590 silly gunzTarPerm extractEntry LICENSE
8591 silly gunzTarPerm extractEntry
8592 silly gunzTarPerm extractEntry LICENSE
8593 silly gunzTarPerm extractEntry
8594 silly gunzTarPerm extractEntry LICENSE
8595 silly gunzTarPerm extractEntry LICENSE
8596 silly gunzTarPerm extractEntry
8597 silly gunzTarPerm extractEntry
8598 silly gunzTarPerm extractEntry
8599 silly gunzTarPerm extractEntry
8600 silly gunzTarPerm extractEntry
8601 silly gunzTarPerm extractEntry
8602 silly gunzTarPerm extractEntry
8603 silly gunzTarPerm extractEntry
8604 silly gunzTarPerm extractEntry
8605 silly gunzTarPerm extractEntry
8606 silly gunzTarPerm extractEntry
8607 silly gunzTarPerm extractEntry LICENSE
8608 silly gunzTarPerm extractEntry
8609 silly gunzTarPerm extractEntry LICENSE
8610 silly gunzTarPerm extractEntry LICENSE
8611 silly gunzTarPerm extractEntry LICENSE
8612 silly gunzTarPerm extractEntry LICENSE
8613 silly gunzTarPerm extractEntry license
8614 silly gunzTarPerm extractEntry LICENSE
8615 silly gunzTarPerm extractEntry LICENSE
8616 silly gunzTarPerm extractEntry LICENSE
8617 silly gunzTarPerm extractEntry LICENSE
8618 silly gunzTarPerm extractEntry doc/API.html
8619 silly gunzTarPerm modified mode [ 'doc/API.html', 438, 420 ]
8620 silly gunzTarPerm extractEntry LICENSE
8621 silly gunzTarPerm extractEntry license
8622 silly gunzTarPerm extractEntry LICENSE
8623 silly gunzTarPerm extractEntry LICENSE
8624 silly gunzTarPerm extractEntry LICENSE
8625 silly gunzTarPerm extractEntry LICENSE
8626 silly gunzTarPerm extractEntry LICENSE
8627 silly gunzTarPerm modified mode [ 'LICENSE', 438, 420 ]
8628 silly gunzTarPerm extractEntry test/.babelrc
8629 silly gunzTarPerm extractEntry LICENSE
8630 silly gunzTarPerm extractEntry LICENSE
8631 silly gunzTarPerm extractEntry LICENSE
8632 silly gunzTarPerm extractEntry LICENSE
8633 silly gunzTarPerm extractEntry LICENSE
8634 silly gunzTarPerm extractEntry LICENSE
8635 silly gunzTarPerm extractEntry index.js
8636 silly gunzTarPerm extractEntry LICENSE
8637 silly gunzTarPerm extractEntry LICENSE
8638 silly gunzTarPerm extractEntry package.json
8639 silly gunzTarPerm modified mode [ 'package.json', 436, 420 ]
8640 silly gunzTarPerm extractEntry LICENSE
8641 silly gunzTarPerm extractEntry package.json
8642 silly gunzTarPerm extractEntry LICENSE
8643 silly gunzTarPerm extractEntry LICENSE
8644 silly gunzTarPerm extractEntry LICENSE
8645 silly gunzTarPerm extractEntry LICENSE
8646 silly gunzTarPerm extractEntry LICENSE
8647 silly gunzTarPerm extractEntry LICENSE
8648 silly gunzTarPerm extractEntry LICENSE
8649 silly gunzTarPerm extractEntry LICENSE
8650 silly gunzTarPerm extractEntry package.json
8651 silly gunzTarPerm extractEntry LICENSE
8652 silly gunzTarPerm extractEntry LICENSE
8653 silly gunzTarPerm extractEntry LICENSE
8654 silly gunzTarPerm extractEntry LICENSE
8655 silly gunzTarPerm extractEntry LICENSE
8656 silly gunzTarPerm extractEntry LICENSE
8657 silly gunzTarPerm extractEntry LICENSE
8658 silly gunzTarPerm extractEntry LICENSE
8659 silly gunzTarPerm extractEntry LICENSE
8660 silly gunzTarPerm extractEntry LICENSE
8661 silly gunzTarPerm extractEntry package.json
8662 silly gunzTarPerm extractEntry lib-vendor/d3-array/LICENSE
8663 silly gunzTarPerm extractEntry LICENSE
8664 silly gunzTarPerm extractEntry
8665 silly gunzTarPerm extractEntry LICENSE
8666 silly gunzTarPerm extractEntry
8667 silly gunzTarPerm extractEntry LICENSE
8668 silly gunzTarPerm extractEntry LICENSE
8669 silly gunzTarPerm extractEntry LICENSE
8670 silly gunzTarPerm extractEntry CHANGELOG.md
8671 silly gunzTarPerm extractEntry dist/cli.cjs
8672 silly gunzTarPerm extractEntry bin/esbuild
8673 silly gunzTarPerm extractEntry bin/jsesc
8674 silly gunzTarPerm extractEntry lib/cli.js
8675 silly gunzTarPerm extractEntry LICENSE
8676 silly gunzTarPerm extractEntry package.json
8677 silly gunzTarPerm extractEntry LICENSE
8678 silly gunzTarPerm extractEntry LICENSE
8679 silly gunzTarPerm extractEntry LICENSE
8680 silly gunzTarPerm extractEntry dist/bin/rollup
8681 silly gunzTarPerm extractEntry LICENSE
8682 silly gunzTarPerm extractEntry bin/openChrome.applescript
8683 silly gunzTarPerm extractEntry README.md
8684 silly gunzTarPerm extractEntry lib/index.js
8685 silly gunzTarPerm extractEntry types/scopes.d.cts
8686 silly gunzTarPerm extractEntry types/sourcemap-codec.d.cts
8687 silly gunzTarPerm extractEntry README.md
8688 silly gunzTarPerm extractEntry rollup.darwin-x64.node
8689 silly gunzTarPerm extractEntry dist/index.cjs
8690 silly gunzTarPerm extractEntry dist/index.d.cts
8691 silly gunzTarPerm extractEntry LICENSE
8692 silly gunzTarPerm extractEntry index.js.flow
8693 silly gunzTarPerm extractEntry dist/index.cjs
8694 silly gunzTarPerm extractEntry dist/index.d.cts
8695 silly gunzTarPerm extractEntry dist/index.js
8696 silly gunzTarPerm extractEntry dist/refresh-runtime.js
8697 silly gunzTarPerm extractEntry package.json
8698 silly gunzTarPerm extractEntry README.md
8699 silly gunzTarPerm extractEntry dist/index.d.ts
8700 silly gunzTarPerm extractEntry README.md
8701 silly gunzTarPerm extractEntry lib/index.js
8702 silly gunzTarPerm extractEntry README.md
8703 silly gunzTarPerm extractEntry lib/index.js
8704 silly gunzTarPerm extractEntry README.md
8705 silly gunzTarPerm extractEntry lib/identifier.js
8706 silly gunzTarPerm extractEntry README.md
8707 silly gunzTarPerm extractEntry data/browser-upper.json
8708 silly gunzTarPerm extractEntry README.md
8709 silly gunzTarPerm extractEntry lib/find-suggestion.js
8710 silly gunzTarPerm extractEntry README.md
8711 silly gunzTarPerm extractEntry lib/index.js
8712 silly gunzTarPerm extractEntry README.md
8713 silly gunzTarPerm extractEntry helpers/AwaitValue.js
8714 silly gunzTarPerm extractEntry README.md
8715 silly gunzTarPerm extractEntry lib/asserts/assertNode.js
8716 silly gunzTarPerm extractEntry dist/resolve-uri.umd.js
8717 silly gunzTarPerm extractEntry package.json
8718 silly gunzTarPerm extractEntry
8719 silly gunzTarPerm extractEntry
8720 silly gunzTarPerm extractEntry
8721 silly gunzTarPerm extractEntry types/gen-mapping.d.cts
8722 silly gunzTarPerm extractEntry types/set-array.d.cts
8723 silly gunzTarPerm extractEntry types/binary-search.d.cts
8724 silly gunzTarPerm extractEntry types/by-source.d.cts
8725 silly gunzTarPerm extractEntry README.md
8726 silly gunzTarPerm extractEntry corejs2-built-ins.js
8727 silly gunzTarPerm extractEntry types/build-source-map-tree.d.cts
8728 silly gunzTarPerm extractEntry types/remapping.d.cts
8729 silly gunzTarPerm extractEntry dist/index.cjs
8730 silly gunzTarPerm extractEntry index.js
8731 silly gunzTarPerm extractEntry package.json
8732 silly gunzTarPerm extractEntry index.js.flow
8733 silly gunzTarPerm extractEntry src/color.js
8734 silly gunzTarPerm extractEntry src/cubehelix.js
8735 silly gunzTarPerm extractEntry src/back.js
8736 silly gunzTarPerm extractEntry src/bounce.js
8737 silly gunzTarPerm extractEntry dist/clsx.js
8738 silly gunzTarPerm extractEntry dist/clsx.min.js
8739 silly gunzTarPerm extractEntry dist/d3-format.js
8740 silly gunzTarPerm extractEntry dist/d3-format.min.js
8741 silly gunzTarPerm extractEntry src/array.js
8742 silly gunzTarPerm extractEntry src/basis.js
8743 silly gunzTarPerm extractEntry dist/d3-timer.js
8744 silly gunzTarPerm extractEntry dist/d3-timer.min.js
8745 silly gunzTarPerm extractEntry dist/index.js
8746 silly gunzTarPerm extractEntry dist/d3-path.js
8747 silly gunzTarPerm extractEntry dist/d3-path.min.js
8748 silly gunzTarPerm extractEntry src/order/appearance.js
8749 silly gunzTarPerm extractEntry src/arc.js
8750 silly gunzTarPerm extractEntry install.js
8751 silly gunzTarPerm extractEntry dist/index.js
8752 silly gunzTarPerm extractEntry sync/index.js
8753 silly gunzTarPerm extractEntry chromium-versions.js
8754 silly gunzTarPerm extractEntry full-chromium-versions.js
8755 silly gunzTarPerm extractEntry fsevents.js
8756 silly gunzTarPerm extractEntry package.json
8757 silly gunzTarPerm extractEntry lib/main.js
8758 silly gunzTarPerm extractEntry cjs/activeElement.js
8759 silly gunzTarPerm extractEntry esm/activeElement.js
8760 silly gunzTarPerm extractEntry dist/cjs/index.cjs
8761 silly gunzTarPerm extractEntry umd/eventemitter3.js
8762 silly gunzTarPerm modified mode [ 'umd/eventemitter3.js', 438, 420 ]
8763 silly gunzTarPerm extractEntry umd/eventemitter3.min.js
8764 silly gunzTarPerm modified mode [ 'umd/eventemitter3.min.js', 438, 420 ]
8765 silly gunzTarPerm extractEntry src/index.js
8766 silly gunzTarPerm extractEntry dist/internmap.js
8767 silly gunzTarPerm extractEntry src/array.js
8768 silly gunzTarPerm extractEntry src/ascending.js
8769 silly gunzTarPerm extractEntry dist/d3-time.js
8770 silly gunzTarPerm extractEntry dist/d3-time.min.js
8771 silly gunzTarPerm extractEntry src/day.js
8772 silly gunzTarPerm extractEntry src/duration.js
8773 silly gunzTarPerm extractEntry src/hour.js
8774 silly gunzTarPerm extractEntry src/index.js
8775 silly gunzTarPerm extractEntry src/interval.js
8776 silly gunzTarPerm extractEntry src/millisecond.js
8777 silly gunzTarPerm extractEntry src/minute.js
8778 silly gunzTarPerm extractEntry src/month.js
8779 silly gunzTarPerm extractEntry src/second.js
8780 silly gunzTarPerm extractEntry src/ticks.js
8781 silly gunzTarPerm extractEntry src/week.js
8782 silly gunzTarPerm extractEntry src/year.js
8783 silly gunzTarPerm extractEntry package.json
8784 silly gunzTarPerm extractEntry README.md
8785 silly gunzTarPerm extractEntry dist/d3-time-format.js
8786 silly gunzTarPerm extractEntry src/band.js
8787 silly gunzTarPerm extractEntry src/colors.js
8788 silly gunzTarPerm extractEntry README.md
8789 silly gunzTarPerm extractEntry lib/buffer.js
8790 silly gunzTarPerm extractEntry package.json
8791 silly gunzTarPerm extractEntry license.md
8792 silly gunzTarPerm extractEntry man/jsesc.1
8793 silly gunzTarPerm extractEntry jsesc.js
8794 silly gunzTarPerm extractEntry fp/__.js
8795 silly gunzTarPerm extractEntry _apply.js
8796 silly gunzTarPerm extractEntry CHANGELOG.md
8797 silly gunzTarPerm modified mode [ 'CHANGELOG.md', 436, 420 ]
8798 silly gunzTarPerm extractEntry index.js
8799 silly gunzTarPerm modified mode [ 'index.js', 436, 420 ]
8800 silly gunzTarPerm extractEntry src/browser.js
8801 silly gunzTarPerm extractEntry src/common.js
8802 silly gunzTarPerm extractEntry dist/index.js
8803 silly gunzTarPerm extractEntry dist/d3-time-format.min.js
8804 silly gunzTarPerm extractEntry README.md
8805 silly gunzTarPerm extractEntry lib/index.js
8806 silly gunzTarPerm extractEntry index.js
8807 silly gunzTarPerm extractEntry license
8808 silly gunzTarPerm extractEntry dist/cjs/index.d.cts
8809 silly gunzTarPerm extractEntry README.md
8810 silly gunzTarPerm extractEntry lib/import-builder.js
8811 silly gunzTarPerm extractEntry data/processed/envs.json
8812 silly gunzTarPerm extractEntry package.json
8813 silly gunzTarPerm extractEntry data/release-schedule/release-schedule.json
8814 silly gunzTarPerm extractEntry README.md
8815 silly gunzTarPerm extractEntry picocolors.browser.js
8816 silly gunzTarPerm extractEntry picocolors.js
8817 silly gunzTarPerm extractEntry lib/index.js
8818 silly gunzTarPerm extractEntry README.md
8819 silly gunzTarPerm extractEntry lib/builder.js
8820 silly gunzTarPerm extractEntry README.md
8821 silly gunzTarPerm extractEntry lib/cache.js
8822 silly gunzTarPerm extractEntry README.md
8823 silly gunzTarPerm extractEntry lib/helpers-generated.js
8824 silly gunzTarPerm extractEntry checkPropTypes.js
8825 silly gunzTarPerm extractEntry factory.js
8826 silly gunzTarPerm extractEntry index.js
8827 silly gunzTarPerm extractEntry cjs/react-is.development.js
8828 silly gunzTarPerm extractEntry build-info.json
8829 silly gunzTarPerm extractEntry index.js
8830 silly gunzTarPerm extractEntry babel.js
8831 silly gunzTarPerm extractEntry cjs/react-refresh-babel.development.js
8832 silly gunzTarPerm extractEntry lib/array-set.js
8833 silly gunzTarPerm extractEntry lib/base64-vlq.js
8834 silly gunzTarPerm extractEntry README.md
8835 silly gunzTarPerm extractEntry lib/dynamic-import.js
8836 silly gunzTarPerm extractEntry cjs/utils/ChildMapping.js
8837 silly gunzTarPerm extractEntry esm/utils/ChildMapping.js
8838 silly gunzTarPerm extractEntry es6/util/arithmetic.js
8839 silly gunzTarPerm extractEntry lib/util/arithmetic.js
8840 silly gunzTarPerm extractEntry lib/at-rule.js
8841 silly gunzTarPerm extractEntry lib/comment.js
8842 silly gunzTarPerm extractEntry es6/Animate.js
8843 silly gunzTarPerm extractEntry index.js
8844 silly gunzTarPerm extractEntry cjs/scheduler-unstable_mock.development.js
8845 silly gunzTarPerm extractEntry dist/tiny-invariant.cjs.js
8846 silly gunzTarPerm extractEntry dist/tiny-invariant.esm.js
8847 silly gunzTarPerm extractEntry lib/Animate.js
8848 silly gunzTarPerm extractEntry index.js
8849 silly gunzTarPerm extractEntry LICENSE
8850 silly gunzTarPerm extractEntry iterator.js
8851 silly gunzTarPerm extractEntry yallist.js
8852 silly gunzTarPerm extractEntry README.md
8853 silly gunzTarPerm extractEntry lib/debug.js
8854 silly gunzTarPerm extractEntry README.md
8855 silly gunzTarPerm extractEntry lib/config/cache-contexts.js
8856 silly gunzTarPerm extractEntry umd/report.html
8857 silly gunzTarPerm extractEntry index.js
8858 silly gunzTarPerm extractEntry jsx-dev-runtime.js
8859 silly gunzTarPerm extractEntry index.cjs
8860 silly gunzTarPerm extractEntry dist/node-cjs/publicUtils.cjs
8861 silly gunzTarPerm extractEntry dist/esm/icons/accessibility.js
8862 silly gunzTarPerm extractEntry dist/esm/icons/activity-square.js
8863 silly gunzTarPerm extractEntry
8864 silly gunzTarPerm extractEntry
8865 silly gunzTarPerm extractEntry
8866 silly gunzTarPerm extractEntry
8867 silly gunzTarPerm extractEntry
8868 silly gunzTarPerm extractEntry
8869 silly gunzTarPerm extractEntry
8870 silly gunzTarPerm extractEntry
8871 silly gunzTarPerm extractEntry
8872 silly gunzTarPerm extractEntry
8873 silly gunzTarPerm extractEntry
8874 silly gunzTarPerm extractEntry
8875 silly gunzTarPerm extractEntry
8876 silly gunzTarPerm extractEntry
8877 silly gunzTarPerm extractEntry
8878 silly gunzTarPerm extractEntry
8879 silly gunzTarPerm extractEntry
8880 silly gunzTarPerm extractEntry
8881 silly gunzTarPerm extractEntry
8882 silly gunzTarPerm extractEntry
8883 silly gunzTarPerm extractEntry
8884 silly gunzTarPerm extractEntry
8885 silly gunzTarPerm extractEntry
8886 silly gunzTarPerm extractEntry
8887 silly gunzTarPerm extractEntry
8888 silly gunzTarPerm extractEntry
8889 silly gunzTarPerm extractEntry
8890 silly gunzTarPerm extractEntry
8891 silly gunzTarPerm extractEntry
8892 silly gunzTarPerm extractEntry
8893 silly gunzTarPerm extractEntry
8894 silly gunzTarPerm extractEntry
8895 silly gunzTarPerm extractEntry
8896 silly gunzTarPerm extractEntry
8897 silly gunzTarPerm extractEntry
8898 silly gunzTarPerm extractEntry
8899 silly gunzTarPerm extractEntry
8900 silly gunzTarPerm extractEntry
8901 silly gunzTarPerm extractEntry
8902 silly gunzTarPerm extractEntry
8903 silly gunzTarPerm extractEntry
8904 silly gunzTarPerm extractEntry
8905 silly gunzTarPerm extractEntry async/index.browser.cjs
8906 silly gunzTarPerm extractEntry index.browser.cjs
8907 silly gunzTarPerm extractEntry cli.js
8908 silly gunzTarPerm extractEntry custom.js
8909 silly gunzTarPerm extractEntry range.bnf
8910 silly gunzTarPerm extractEntry bin/semver.js
8911 silly gunzTarPerm extractEntry check-npm-version.js
8912 silly gunzTarPerm extractEntry cli.js
8913 silly gunzTarPerm extractEntry browser.js
8914 silly gunzTarPerm extractEntry cli.js
8915 silly gunzTarPerm extractEntry
8916 silly gunzTarPerm extractEntry
8917 silly gunzTarPerm extractEntry
8918 silly gunzTarPerm extractEntry
8919 silly gunzTarPerm extractEntry
8920 silly gunzTarPerm extractEntry
8921 silly gunzTarPerm extractEntry client.js
8922 silly gunzTarPerm extractEntry index.js
8923 silly gunzTarPerm extractEntry lib-vendor/d3-color/LICENSE
8924 silly gunzTarPerm extractEntry lib-vendor/d3-ease/LICENSE
8925 silly gunzTarPerm extractEntry data/features/aac.js
8926 silly gunzTarPerm extractEntry LICENSE
8927 silly gunzTarPerm extractEntry decimal.js
8928 silly gunzTarPerm modified mode [ 'decimal.js', 438, 420 ]
8929 silly gunzTarPerm extractEntry types/strings.d.cts
8930 silly gunzTarPerm extractEntry types/vlq.d.cts
8931 silly gunzTarPerm extractEntry
8932 silly gunzTarPerm extractEntry dist/index.js
8933 silly gunzTarPerm extractEntry package.json
8934 silly gunzTarPerm extractEntry dist/index.d.ts
8935 silly gunzTarPerm extractEntry lib/index.js.map
8936 silly gunzTarPerm extractEntry package.json
8937 silly gunzTarPerm extractEntry dist/resolve-uri.mjs.map
8938 silly gunzTarPerm extractEntry dist/resolve-uri.umd.js.map
8939 silly gunzTarPerm extractEntry README.md
8940 silly gunzTarPerm extractEntry dist/resolve-uri.mjs
8941 silly gunzTarPerm extractEntry dist/types/resolve-uri.d.ts
8942 silly gunzTarPerm extractEntry
8943 silly gunzTarPerm extractEntry
8944 silly gunzTarPerm extractEntry
8945 silly gunzTarPerm extractEntry
8946 silly gunzTarPerm extractEntry types/flatten-map.d.cts
8947 silly gunzTarPerm extractEntry types/resolve.d.cts
8948 silly gunzTarPerm extractEntry types/sourcemap-segment.d.cts
8949 silly gunzTarPerm extractEntry types/types.d.cts
8950 silly gunzTarPerm extractEntry
8951 silly gunzTarPerm extractEntry
8952 silly gunzTarPerm extractEntry
8953 silly gunzTarPerm extractEntry
8954 silly gunzTarPerm extractEntry types/source-map-tree.d.cts
8955 silly gunzTarPerm extractEntry types/source-map.d.cts
8956 silly gunzTarPerm extractEntry
8957 silly gunzTarPerm extractEntry
8958 silly gunzTarPerm extractEntry
8959 silly gunzTarPerm extractEntry
8960 silly gunzTarPerm extractEntry
8961 silly gunzTarPerm extractEntry
8962 silly gunzTarPerm extractEntry
8963 silly gunzTarPerm extractEntry src/defaultLocale.js
8964 silly gunzTarPerm extractEntry src/circle.js
8965 silly gunzTarPerm extractEntry src/cubic.js
8966 silly gunzTarPerm extractEntry src/index.js
8967 silly gunzTarPerm extractEntry src/interval.js
8968 silly gunzTarPerm extractEntry dist/lite.js
8969 silly gunzTarPerm extractEntry package.json
8970 silly gunzTarPerm extractEntry dist/d3-color.js
8971 silly gunzTarPerm extractEntry dist/d3-color.min.js
8972 silly gunzTarPerm extractEntry src/define.js
8973 silly gunzTarPerm extractEntry src/index.js
8974 silly gunzTarPerm extractEntry src/lab.js
8975 silly gunzTarPerm extractEntry src/math.js
8976 silly gunzTarPerm extractEntry package.json
8977 silly gunzTarPerm extractEntry README.md
8978 silly gunzTarPerm extractEntry src/basisClosed.js
8979 silly gunzTarPerm extractEntry src/color.js
8980 silly gunzTarPerm extractEntry package.json
8981 silly gunzTarPerm extractEntry readme.md
8982 silly gunzTarPerm extractEntry src/index.js
8983 silly gunzTarPerm extractEntry src/path.js
8984 silly gunzTarPerm extractEntry index.js
8985 silly gunzTarPerm modified mode [ 'index.js', 438, 420 ]
8986 silly gunzTarPerm extractEntry cjs/addClass.js
8987 silly gunzTarPerm extractEntry esm/addClass.js
8988 silly gunzTarPerm extractEntry src/bin.js
8989 silly gunzTarPerm extractEntry src/bisect.js
8990 silly gunzTarPerm extractEntry src/constant.js
8991 silly gunzTarPerm extractEntry src/continuous.js
8992 silly gunzTarPerm extractEntry dist/internmap.min.js
8993 silly gunzTarPerm extractEntry package.json
8994 silly gunzTarPerm extractEntry src/defaultLocale.js
8995 silly gunzTarPerm extractEntry src/index.js
8996 silly gunzTarPerm extractEntry src/isoFormat.js
8997 silly gunzTarPerm extractEntry _arrayAggregator.js
8998 silly gunzTarPerm extractEntry _arrayEach.js
8999 silly gunzTarPerm extractEntry src/index.js
9000 silly gunzTarPerm extractEntry lib/container.js
9001 silly gunzTarPerm extractEntry src/Animate.js
9002 silly gunzTarPerm extractEntry es6/AnimateGroup.js
9003 silly gunzTarPerm extractEntry lib/AnimateGroup.js
9004 silly gunzTarPerm extractEntry src/tiny-invariant.flow.js
9005 silly gunzTarPerm extractEntry dist/esm/tiny-invariant.js
9006 silly gunzTarPerm extractEntry
9007 silly gunzTarPerm extractEntry lib/base64.js
9008 silly gunzTarPerm extractEntry lib/binary-search.js
9009 silly gunzTarPerm extractEntry
9010 silly gunzTarPerm extractEntry
9011 silly gunzTarPerm extractEntry lib/index.js.map
9012 silly gunzTarPerm extractEntry package.json
9013 silly gunzTarPerm extractEntry lib/identifier.js.map
9014 silly gunzTarPerm extractEntry lib/css-syntax-error.js
9015 silly gunzTarPerm extractEntry lib/find-suggestion.js.map
9016 silly gunzTarPerm extractEntry lib/index.js
9017 silly gunzTarPerm extractEntry lib/index.js.map
9018 silly gunzTarPerm extractEntry package.json
9019 silly gunzTarPerm extractEntry data/builtin-lower.json
9020 silly gunzTarPerm extractEntry lib/index.js.map
9021 silly gunzTarPerm extractEntry package.json
9022 silly gunzTarPerm extractEntry lib/asserts/assertNode.js.map
9023 silly gunzTarPerm extractEntry lib/asserts/generated/index.js
9024 silly gunzTarPerm extractEntry helpers/OverloadYield.js
9025 silly gunzTarPerm extractEntry helpers/applyDecoratedDescriptor.js
9026 silly gunzTarPerm extractEntry
9027 silly gunzTarPerm extractEntry corejs3-shipped-proposals.js
9028 silly gunzTarPerm extractEntry data/corejs2-built-ins.json
9029 silly gunzTarPerm extractEntry README.md
9030 silly gunzTarPerm extractEntry README.md
9031 silly gunzTarPerm extractEntry fsevents.node
9032 silly gunzTarPerm extractEntry full-versions.js
9033 silly gunzTarPerm extractEntry index.js
9034 silly gunzTarPerm extractEntry test/index.test.js
9035 silly gunzTarPerm extractEntry lib/buffer.js.map
9036 silly gunzTarPerm extractEntry readme.md
9037 silly gunzTarPerm extractEntry async/index.cjs
9038 silly gunzTarPerm extractEntry index.cjs
9039 silly gunzTarPerm extractEntry lib/index.js.map
9040 silly gunzTarPerm extractEntry package.json
9041 silly gunzTarPerm extractEntry readme.md
9042 silly gunzTarPerm extractEntry LICENSE
9043 silly gunzTarPerm modified mode [ 'LICENSE', 436, 420 ]
9044 silly gunzTarPerm extractEntry README.md
9045 silly gunzTarPerm modified mode [ 'README.md', 436, 420 ]
9046 silly gunzTarPerm extractEntry package.json
9047 silly gunzTarPerm extractEntry README.md
9048 silly gunzTarPerm extractEntry lib/builder.js.map
9049 silly gunzTarPerm extractEntry lib/formatters.js
9050 silly gunzTarPerm extractEntry lib/import-builder.js.map
9051 silly gunzTarPerm extractEntry lib/import-injector.js
9052 silly gunzTarPerm extractEntry lib/import-injector.js.map
9053 silly gunzTarPerm extractEntry lib/index.js
9054 silly gunzTarPerm extractEntry lib/index.js.map
9055 silly gunzTarPerm extractEntry lib/is-module.js
9056 silly gunzTarPerm extractEntry lib/is-module.js.map
9057 silly gunzTarPerm extractEntry package.json
9058 silly gunzTarPerm extractEntry factoryWithThrowingShims.js
9059 silly gunzTarPerm extractEntry factoryWithTypeCheckers.js
9060 silly gunzTarPerm extractEntry lib/helpers-generated.js.map
9061 silly gunzTarPerm extractEntry umd/react-is.development.js
9062 silly gunzTarPerm extractEntry cjs/react-is.production.min.js
9063 silly gunzTarPerm extractEntry umd/react-is.production.min.js
9064 silly gunzTarPerm extractEntry package.json
9065 silly gunzTarPerm extractEntry README.md
9066 silly gunzTarPerm extractEntry cjs/react-refresh-babel.production.js
9067 silly gunzTarPerm extractEntry LICENSE
9068 silly gunzTarPerm extractEntry README.md
9069 silly gunzTarPerm extractEntry lib/cache.js.map
9070 silly gunzTarPerm extractEntry lib/context.js
9071 silly gunzTarPerm extractEntry lib/dynamic-import.js.map
9072 silly gunzTarPerm extractEntry lib/get-module-name.js
9073 silly gunzTarPerm extractEntry README.md
9074 silly gunzTarPerm extractEntry lib/generators/base.js
9075 silly gunzTarPerm extractEntry package.json
9076 silly gunzTarPerm extractEntry README.md
9077 silly gunzTarPerm extractEntry umd/scheduler-unstable_mock.development.js
9078 silly gunzTarPerm extractEntry jsx-runtime.js
9079 silly gunzTarPerm extractEntry cjs/react-jsx-dev-runtime.development.js
9080 silly gunzTarPerm extractEntry lib/config/cache-contexts.js.map
9081 silly gunzTarPerm extractEntry lib/config/caching.js
9082 silly gunzTarPerm extractEntry lib/debug.js.map
9083 silly gunzTarPerm extractEntry lib/filter-items.js
9084 silly gunzTarPerm extractEntry index.js
9085 silly gunzTarPerm extractEntry LICENSE
9086 silly gunzTarPerm extractEntry package.json
9087 silly gunzTarPerm extractEntry dist/index.min.js
9088 silly gunzTarPerm extractEntry lib/parse.js
9089 silly gunzTarPerm extractEntry lib/register.js
9090 silly gunzTarPerm extractEntry src/area.js
9091 silly gunzTarPerm extractEntry src/isoParse.js
9092 silly gunzTarPerm extractEntry dist/umd/index.js
9093 silly gunzTarPerm extractEntry package.json
9094 silly gunzTarPerm extractEntry dist/cjs/index.cjs.map
9095 silly gunzTarPerm extractEntry semver.js
9096 silly gunzTarPerm extractEntry package.json
9097 silly gunzTarPerm extractEntry README.md
9098 silly gunzTarPerm extractEntry cjs/config.js
9099 silly gunzTarPerm extractEntry esm/config.js
9100 silly gunzTarPerm extractEntry src/util/arithmetic.js
9101 silly gunzTarPerm extractEntry es6/getNiceTickValues.js
9102 silly gunzTarPerm extractEntry src/AnimateGroup.js
9103 silly gunzTarPerm extractEntry index.js
9104 silly gunzTarPerm extractEntry utils.js
9105 silly gunzTarPerm extractEntry package.json
9106 silly gunzTarPerm extractEntry README.md
9107 silly gunzTarPerm extractEntry index.d.ts
9108 silly gunzTarPerm extractEntry error.js
9109 silly gunzTarPerm extractEntry index.js
9110 silly gunzTarPerm extractEntry profiling.js
9111 silly gunzTarPerm extractEntry cjs/react-dom-server-legacy.browser.development.js
9112 silly gunzTarPerm extractEntry dist/shared/fsevents-importer.js
9113 silly gunzTarPerm extractEntry package.json
9114 silly gunzTarPerm extractEntry README.md
9115 silly gunzTarPerm extractEntry dist/index.d.ts
9116 silly gunzTarPerm extractEntry src/areaRadial.js
9117 silly gunzTarPerm extractEntry package.json
9118 silly gunzTarPerm extractEntry LICENSE.md
9119 silly gunzTarPerm extractEntry index.d.cts
9120 silly gunzTarPerm extractEntry data/features/abortcontroller.js
9121 silly gunzTarPerm extractEntry data/features/ac3-ec3.js
9122 silly gunzTarPerm extractEntry lib/require.js
9123 silly gunzTarPerm extractEntry dist/umd/index.js.map
9124 silly gunzTarPerm extractEntry dist/esm/icons/activity.js
9125 silly gunzTarPerm extractEntry dist/esm/icons/air-vent.js
9126 silly gunzTarPerm extractEntry dist/types.d.ts
9127 silly gunzTarPerm extractEntry lib-vendor/d3-format/LICENSE
9128 silly gunzTarPerm extractEntry lib-vendor/d3-interpolate/LICENSE
9129 silly gunzTarPerm extractEntry README.md
9130 silly gunzTarPerm extractEntry bin/babel-parser.js
9131 silly gunzTarPerm extractEntry lib/stringify.js
9132 silly gunzTarPerm extractEntry dist/utils.d.ts
9133 silly gunzTarPerm extractEntry lib/index.js
9134 silly gunzTarPerm extractEntry lib/index.js.map
9135 silly gunzTarPerm extractEntry lib/index.js.map
9136 silly gunzTarPerm extractEntry lib/validator.js
9137 silly gunzTarPerm extractEntry data/builtin-upper.json
9138 silly gunzTarPerm extractEntry package.json
9139 silly gunzTarPerm extractEntry helpers/applyDecs.js
9140 silly gunzTarPerm extractEntry helpers/applyDecs2203.js
9141 silly gunzTarPerm extractEntry decimal.min.js
9142 silly gunzTarPerm modified mode [ 'decimal.min.js', 438, 420 ]
9143 silly gunzTarPerm extractEntry package.json
9144 silly gunzTarPerm modified mode [ 'package.json', 438, 420 ]
9145 silly gunzTarPerm extractEntry lib/generators/base.js.map
9146 silly gunzTarPerm extractEntry lib/generators/classes.js
9147 silly gunzTarPerm extractEntry lib/unicode.js
9148 silly gunzTarPerm extractEntry lib/formatters.js.map
9149 silly gunzTarPerm extractEntry lib/helpers/AwaitValue.js
9150 silly gunzTarPerm extractEntry lib/helpers/AwaitValue.js.map
9151 silly gunzTarPerm extractEntry cjs/react-refresh-runtime.development.js
9152 silly gunzTarPerm extractEntry cjs/react-refresh-runtime.production.js
9153 silly gunzTarPerm extractEntry runtime.js
9154 silly gunzTarPerm extractEntry lib/get-module-name.js.map
9155 silly gunzTarPerm extractEntry lib/index.js
9156 silly gunzTarPerm extractEntry lib/index.js.map
9157 silly gunzTarPerm extractEntry lib/lazy-modules.js
9158 silly gunzTarPerm extractEntry lib/lazy-modules.js.map
9159 silly gunzTarPerm extractEntry lib/normalize-and-load-metadata.js
9160 silly gunzTarPerm extractEntry lib/normalize-and-load-metadata.js.map
9161 silly gunzTarPerm extractEntry lib/rewrite-live-references.js
9162 silly gunzTarPerm extractEntry lib/rewrite-live-references.js.map
9163 silly gunzTarPerm extractEntry lib/rewrite-this.js
9164 silly gunzTarPerm extractEntry lib/rewrite-this.js.map
9165 silly gunzTarPerm extractEntry package.json
9166 silly gunzTarPerm extractEntry cjs/scheduler-unstable_mock.production.min.js
9167 silly gunzTarPerm extractEntry umd/scheduler-unstable_mock.production.min.js
9168 silly gunzTarPerm extractEntry cjs/scheduler-unstable_post_task.development.js
9169 silly gunzTarPerm extractEntry lib/filter-items.js.map
9170 silly gunzTarPerm extractEntry lib/index.js
9171 silly gunzTarPerm extractEntry lib/index.js.map
9172 silly gunzTarPerm extractEntry lib/options.js
9173 silly gunzTarPerm extractEntry lib/options.js.map
9174 silly gunzTarPerm extractEntry lib/pretty.js
9175 silly gunzTarPerm extractEntry lib/pretty.js.map
9176 silly gunzTarPerm extractEntry lib/targets.js
9177 silly gunzTarPerm extractEntry lib/targets.js.map
9178 silly gunzTarPerm extractEntry lib/utils.js
9179 silly gunzTarPerm extractEntry lib/utils.js.map
9180 silly gunzTarPerm extractEntry package.json
9181 silly gunzTarPerm extractEntry data/corejs3-shipped-proposals.json
9182 silly gunzTarPerm extractEntry package.json
9183 silly gunzTarPerm extractEntry cjs/react-is.development.js
9184 silly gunzTarPerm extractEntry cjs/react-is.production.min.js
9185 silly gunzTarPerm extractEntry umd/react-is.development.js
9186 silly gunzTarPerm extractEntry umd/react-is.production.min.js
9187 silly gunzTarPerm extractEntry lib/context.js.map
9188 silly gunzTarPerm extractEntry cjs/react-jsx-dev-runtime.production.min.js
9189 silly gunzTarPerm extractEntry
9190 silly gunzTarPerm extractEntry
9191 silly gunzTarPerm extractEntry
9192 silly gunzTarPerm extractEntry lib/asserts/generated/index.js.map
9193 silly gunzTarPerm extractEntry dist/sourcemap-codec.umd.js
9194 silly gunzTarPerm extractEntry package.json
9195 silly gunzTarPerm extractEntry types/scopes.d.cts.map
9196 silly gunzTarPerm extractEntry types/scopes.d.mts.map
9197 silly gunzTarPerm extractEntry types/sourcemap-codec.d.cts.map
9198 silly gunzTarPerm extractEntry types/sourcemap-codec.d.mts.map
9199 silly gunzTarPerm extractEntry dist/sourcemap-codec.mjs.map
9200 silly gunzTarPerm extractEntry dist/sourcemap-codec.umd.js.map
9201 silly gunzTarPerm extractEntry types/strings.d.cts.map
9202 silly gunzTarPerm extractEntry types/strings.d.mts.map
9203 silly gunzTarPerm extractEntry types/vlq.d.cts.map
9204 silly gunzTarPerm extractEntry types/vlq.d.mts.map
9205 silly gunzTarPerm extractEntry README.md
9206 silly gunzTarPerm extractEntry dist/sourcemap-codec.mjs
9207 silly gunzTarPerm extractEntry types/scopes.d.mts
9208 silly gunzTarPerm extractEntry types/sourcemap-codec.d.mts
9209 silly gunzTarPerm extractEntry types/strings.d.mts
9210 silly gunzTarPerm extractEntry types/vlq.d.mts
9211 silly gunzTarPerm extractEntry src/scopes.ts
9212 silly gunzTarPerm extractEntry src/sourcemap-codec.ts
9213 silly gunzTarPerm extractEntry src/strings.ts
9214 silly gunzTarPerm extractEntry src/vlq.ts
9215 silly gunzTarPerm extractEntry doc/decimal.js.map
9216 silly gunzTarPerm modified mode [ 'doc/decimal.js.map', 438, 420 ]
9217 silly gunzTarPerm extractEntry readme.md
9218 silly gunzTarPerm extractEntry dist/clsx.mjs
9219 silly gunzTarPerm extractEntry dist/index.mjs
9220 silly gunzTarPerm extractEntry sync/index.mjs
9221 silly gunzTarPerm extractEntry index.js
9222 silly gunzTarPerm extractEntry versions.js
9223 silly gunzTarPerm extractEntry chromium-versions.json
9224 silly gunzTarPerm extractEntry fsevents.d.ts
9225 silly gunzTarPerm extractEntry src/bisector.js
9226 silly gunzTarPerm extractEntry src/blur.js
9227 silly gunzTarPerm extractEntry package.json
9228 silly gunzTarPerm extractEntry README.md
9229 silly gunzTarPerm extractEntry loose-envify.js
9230 silly gunzTarPerm extractEntry README.md
9231 silly gunzTarPerm extractEntry cjs/addEventListener.js
9232 silly gunzTarPerm extractEntry esm/addEventListener.js
9233 silly gunzTarPerm extractEntry _arrayEachRight.js
9234 silly gunzTarPerm extractEntry _arrayEvery.js
9235 silly gunzTarPerm extractEntry lib/has.js
9236 silly gunzTarPerm extractEntry picocolors.d.ts
9237 silly gunzTarPerm extractEntry types.d.ts
9238 silly gunzTarPerm extractEntry lib/declaration.js
9239 silly gunzTarPerm extractEntry lib/document.js
9240 silly gunzTarPerm extractEntry lib/helpers/OverloadYield.js
9241 silly gunzTarPerm extractEntry lib/hub.js
9242 silly gunzTarPerm extractEntry dist/tiny-invariant.js
9243 silly gunzTarPerm extractEntry dist/tiny-invariant.min.js
9244 silly gunzTarPerm extractEntry package.json
9245 silly gunzTarPerm extractEntry lib/config/caching.js.map
9246 silly gunzTarPerm extractEntry es6/chart/AccessibilityManager.js
9247 silly gunzTarPerm extractEntry cjs/scheduler-unstable_post_task.production.min.js
9248 silly gunzTarPerm extractEntry types/sort.d.cts
9249 silly gunzTarPerm extractEntry types/sourcemap-segment.d.cts
9250 silly gunzTarPerm extractEntry dist/gen-mapping.umd.js
9251 silly gunzTarPerm extractEntry package.json
9252 silly gunzTarPerm extractEntry types/gen-mapping.d.cts.map
9253 silly gunzTarPerm extractEntry types/gen-mapping.d.mts.map
9254 silly gunzTarPerm extractEntry dist/gen-mapping.mjs.map
9255 silly gunzTarPerm extractEntry dist/gen-mapping.umd.js.map
9256 silly gunzTarPerm extractEntry types/set-array.d.cts.map
9257 silly gunzTarPerm extractEntry types/set-array.d.mts.map
9258 silly gunzTarPerm extractEntry types/sourcemap-segment.d.cts.map
9259 silly gunzTarPerm extractEntry types/sourcemap-segment.d.mts.map
9260 silly gunzTarPerm extractEntry types/types.d.cts.map
9261 silly gunzTarPerm extractEntry types/types.d.mts.map
9262 silly gunzTarPerm extractEntry README.md
9263 silly gunzTarPerm extractEntry dist/gen-mapping.mjs
9264 silly gunzTarPerm extractEntry types/gen-mapping.d.mts
9265 silly gunzTarPerm extractEntry types/set-array.d.mts
9266 silly gunzTarPerm extractEntry types/sourcemap-segment.d.mts
9267 silly gunzTarPerm extractEntry types/types.d.mts
9268 silly gunzTarPerm extractEntry dist/types/gen-mapping.d.ts
9269 silly gunzTarPerm extractEntry src/gen-mapping.ts
9270 silly gunzTarPerm extractEntry dist/types/set-array.d.ts
9271 silly gunzTarPerm extractEntry src/set-array.ts
9272 silly gunzTarPerm extractEntry dist/types/sourcemap-segment.d.ts
9273 silly gunzTarPerm extractEntry src/sourcemap-segment.ts
9274 silly gunzTarPerm extractEntry dist/types/types.d.ts
9275 silly gunzTarPerm extractEntry src/types.ts
9276 silly gunzTarPerm extractEntry README.md
9277 silly gunzTarPerm extractEntry src/exponent.js
9278 silly gunzTarPerm extractEntry src/formatDecimal.js
9279 silly gunzTarPerm extractEntry types/types.d.cts
9280 silly gunzTarPerm extractEntry dist/remapping.umd.js
9281 silly gunzTarPerm extractEntry src/timeout.js
9282 silly gunzTarPerm extractEntry src/timer.js
9283 silly gunzTarPerm extractEntry dist/d3-ease.js
9284 silly gunzTarPerm extractEntry dist/d3-ease.min.js
9285 silly gunzTarPerm extractEntry src/constant.js
9286 silly gunzTarPerm extractEntry src/cubehelix.js
9287 silly gunzTarPerm extractEntry dist/d3-scale.js
9288 silly gunzTarPerm extractEntry dist/d3-scale.min.js
9289 silly gunzTarPerm extractEntry src/diverging.js
9290 silly gunzTarPerm extractEntry src/identity.js
9291 silly gunzTarPerm extractEntry src/index.js
9292 silly gunzTarPerm extractEntry src/init.js
9293 silly gunzTarPerm extractEntry src/linear.js
9294 silly gunzTarPerm extractEntry src/log.js
9295 silly gunzTarPerm extractEntry src/nice.js
9296 silly gunzTarPerm extractEntry src/number.js
9297 silly gunzTarPerm extractEntry src/ordinal.js
9298 silly gunzTarPerm extractEntry src/pow.js
9299 silly gunzTarPerm extractEntry src/quantile.js
9300 silly gunzTarPerm extractEntry src/quantize.js
9301 silly gunzTarPerm extractEntry src/radial.js
9302 silly gunzTarPerm extractEntry src/sequential.js
9303 silly gunzTarPerm extractEntry src/sequentialQuantile.js
9304 silly gunzTarPerm extractEntry src/symlog.js
9305 silly gunzTarPerm extractEntry src/threshold.js
9306 silly gunzTarPerm extractEntry src/tickFormat.js
9307 silly gunzTarPerm extractEntry src/time.js
9308 silly gunzTarPerm extractEntry src/utcTime.js
9309 silly gunzTarPerm extractEntry package.json
9310 silly gunzTarPerm extractEntry README.md
9311 silly gunzTarPerm extractEntry package.json
9312 silly gunzTarPerm extractEntry package.json
9313 silly gunzTarPerm modified mode [ 'package.json', 438, 420 ]
9314 silly gunzTarPerm extractEntry umd/eventemitter3.min.js.map
9315 silly gunzTarPerm modified mode [ 'umd/eventemitter3.min.js.map', 438, 420 ]
9316 silly gunzTarPerm extractEntry README.md
9317 silly gunzTarPerm extractEntry lib/main.d.ts
9318 silly gunzTarPerm extractEntry src/node.js
9319 silly gunzTarPerm extractEntry package.json
9320 silly gunzTarPerm extractEntry node.js
9321 silly gunzTarPerm extractEntry umd/react-dom-server-legacy.browser.development.js
9322 silly gunzTarPerm extractEntry lib/mapping-list.js
9323 silly gunzTarPerm extractEntry lib/config/config-chain.js
9324 silly gunzTarPerm extractEntry CHANGELOG.md
9325 silly gunzTarPerm modified mode [ 'CHANGELOG.md', 438, 420 ]
9326 silly gunzTarPerm extractEntry full-chromium-versions.json
9327 silly gunzTarPerm extractEntry non-secure/index.cjs
9328 silly gunzTarPerm extractEntry url-alphabet/index.cjs
9329 silly gunzTarPerm extractEntry lib/helpers/OverloadYield.js.map
9330 silly gunzTarPerm extractEntry es6/AnimateGroupChild.js
9331 silly gunzTarPerm extractEntry lib/AnimateGroupChild.js
9332 silly gunzTarPerm extractEntry src/AnimateGroupChild.js
9333 silly gunzTarPerm extractEntry lib/chart/AccessibilityManager.js
9334 silly gunzTarPerm extractEntry index.d.ts
9335 silly gunzTarPerm extractEntry README.md
9336 silly gunzTarPerm extractEntry LICENSE-MIT.txt
9337 silly gunzTarPerm extractEntry src/locale.js
9338 silly gunzTarPerm extractEntry locale/ar-EG.json
9339 silly gunzTarPerm extractEntry dist/node/cli.js
9340 silly gunzTarPerm extractEntry dist/node/constants.js
9341 silly gunzTarPerm extractEntry dist/node/chunks/dep-BB45zftN.js
9342 silly gunzTarPerm extractEntry LICENCE.md
9343 silly gunzTarPerm modified mode [ 'LICENCE.md', 438, 420 ]
9344 silly gunzTarPerm extractEntry full-versions.json
9345 silly gunzTarPerm extractEntry src/array.js
9346 silly gunzTarPerm extractEntry src/order/ascending.js
9347 silly gunzTarPerm extractEntry lib/helpers/applyDecoratedDescriptor.js
9348 silly gunzTarPerm extractEntry es6/AnimateManager.js
9349 silly gunzTarPerm extractEntry es6/util/ActiveShapeUtils.js
9350 silly gunzTarPerm extractEntry dist/es/getLogFilter.js
9351 silly gunzTarPerm extractEntry dist/getLogFilter.js
9352 silly gunzTarPerm extractEntry lib/index.js
9353 silly gunzTarPerm extractEntry dist/node/chunks/dep-BK3b2jBa.js
9354 silly gunzTarPerm extractEntry lib-vendor/d3-path/LICENSE
9355 silly gunzTarPerm extractEntry lib-vendor/d3-scale/LICENSE
9356 silly gunzTarPerm extractEntry LICENSE.txt
9357 silly gunzTarPerm extractEntry data/features/accelerometer.js
9358 silly gunzTarPerm extractEntry data/regions/AD.js
9359 silly gunzTarPerm extractEntry lib/helpers/applyDecoratedDescriptor.js.map
9360 silly gunzTarPerm extractEntry lib/getNiceTickValues.js
9361 silly gunzTarPerm extractEntry cjs/CSSTransition.js
9362 silly gunzTarPerm extractEntry esm/CSSTransition.js
9363 silly gunzTarPerm extractEntry cjs/index.js
9364 silly gunzTarPerm extractEntry esm/index.js
9365 silly gunzTarPerm extractEntry cjs/utils/PropTypes.js
9366 silly gunzTarPerm extractEntry esm/utils/PropTypes.js
9367 silly gunzTarPerm extractEntry dist/react-transition-group.js
9368 silly gunzTarPerm extractEntry dist/react-transition-group.min.js
9369 silly gunzTarPerm extractEntry cjs/utils/reflow.js
9370 silly gunzTarPerm extractEntry esm/utils/reflow.js
9371 silly gunzTarPerm extractEntry cjs/ReplaceTransition.js
9372 silly gunzTarPerm extractEntry esm/ReplaceTransition.js
9373 silly gunzTarPerm extractEntry cjs/utils/SimpleSet.js
9374 silly gunzTarPerm extractEntry esm/utils/SimpleSet.js
9375 silly gunzTarPerm extractEntry cjs/SwitchTransition.js
9376 silly gunzTarPerm extractEntry esm/SwitchTransition.js
9377 silly gunzTarPerm extractEntry cjs/Transition.js
9378 silly gunzTarPerm extractEntry esm/Transition.js
9379 silly gunzTarPerm extractEntry cjs/TransitionGroup.js
9380 silly gunzTarPerm extractEntry esm/TransitionGroup.js
9381 silly gunzTarPerm extractEntry cjs/TransitionGroupContext.js
9382 silly gunzTarPerm extractEntry esm/TransitionGroupContext.js
9383 silly gunzTarPerm extractEntry config/package.json
9384 silly gunzTarPerm extractEntry CSSTransition/package.json
9385 silly gunzTarPerm extractEntry package.json
9386 silly gunzTarPerm extractEntry ReplaceTransition/package.json
9387 silly gunzTarPerm extractEntry SwitchTransition/package.json
9388 silly gunzTarPerm extractEntry Transition/package.json
9389 silly gunzTarPerm extractEntry TransitionGroup/package.json
9390 silly gunzTarPerm extractEntry TransitionGroupContext/package.json
9391 silly gunzTarPerm extractEntry README.md
9392 silly gunzTarPerm extractEntry lib/util/ActiveShapeUtils.js
9393 silly gunzTarPerm extractEntry data/native-modules.json
9394 silly gunzTarPerm extractEntry data/overlapping-plugins.json
9395 silly gunzTarPerm extractEntry dist/es/index.mjs.map
9396 silly gunzTarPerm extractEntry dist/esm/package.json
9397 silly gunzTarPerm extractEntry package.json
9398 silly gunzTarPerm extractEntry cjs/react-jsx-dev-runtime.profiling.min.js
9399 silly gunzTarPerm extractEntry cjs/react-jsx-runtime.development.js
9400 silly gunzTarPerm extractEntry
9401 silly gunzTarPerm extractEntry
9402 silly gunzTarPerm extractEntry
9403 silly gunzTarPerm extractEntry
9404 silly gunzTarPerm extractEntry helpers/applyDecs2203R.js
9405 silly gunzTarPerm extractEntry replace.js
9406 silly gunzTarPerm extractEntry src/constant.js
9407 silly gunzTarPerm extractEntry lib/fromJSON.js
9408 silly gunzTarPerm extractEntry lib/input.js
9409 silly gunzTarPerm extractEntry lib/helpers/applyDecs.js
9410 silly gunzTarPerm extractEntry lib/keyword.js
9411 silly gunzTarPerm extractEntry lib/keyword.js.map
9412 silly gunzTarPerm extractEntry package.json
9413 silly gunzTarPerm extractEntry lib/validator.js.map
9414 silly gunzTarPerm extractEntry package.json
9415 silly gunzTarPerm extractEntry types/strip-filename.d.cts
9416 silly gunzTarPerm extractEntry types/trace-mapping.d.cts
9417 silly gunzTarPerm extractEntry src/formatGroup.js
9418 silly gunzTarPerm extractEntry src/formatNumerals.js
9419 silly gunzTarPerm extractEntry dist/lite.mjs
9420 silly gunzTarPerm extractEntry clsx.d.mts
9421 silly gunzTarPerm extractEntry lib/generators/classes.js.map
9422 silly gunzTarPerm extractEntry lib/generators/deprecated.js
9423 silly gunzTarPerm extractEntry lib/generators/deprecated.js.map
9424 silly gunzTarPerm extractEntry package.json
9425 silly gunzTarPerm extractEntry README.md
9426 silly gunzTarPerm extractEntry README.md
9427 silly gunzTarPerm extractEntry lib/util.js
9428 silly gunzTarPerm extractEntry _arrayFilter.js
9429 silly gunzTarPerm extractEntry _arrayIncludes.js
9430 silly gunzTarPerm extractEntry lib/index.js
9431 silly gunzTarPerm extractEntry lib/index.js.map
9432 silly gunzTarPerm extractEntry index.js
9433 silly gunzTarPerm extractEntry prop-types.js
9434 silly gunzTarPerm extractEntry dist/esm/icons/airplay.js
9435 silly gunzTarPerm extractEntry dist/esm/icons/alarm-check.js
9436 silly gunzTarPerm extractEntry cjs/scheduler.development.js
9437 silly gunzTarPerm extractEntry umd/scheduler.development.js
9438 silly gunzTarPerm extractEntry cjs/scheduler.production.min.js
9439 silly gunzTarPerm extractEntry package.json
9440 silly gunzTarPerm extractEntry src/elastic.js
9441 silly gunzTarPerm extractEntry dist/d3-interpolate.js
9442 silly gunzTarPerm extractEntry dist/d3-interpolate.min.js
9443 silly gunzTarPerm extractEntry src/date.js
9444 silly gunzTarPerm extractEntry src/transform/decompose.js
9445 silly gunzTarPerm extractEntry src/discrete.js
9446 silly gunzTarPerm extractEntry src/hcl.js
9447 silly gunzTarPerm extractEntry src/hsl.js
9448 silly gunzTarPerm extractEntry src/hue.js
9449 silly gunzTarPerm extractEntry src/index.js
9450 silly gunzTarPerm extractEntry src/transform/index.js
9451 silly gunzTarPerm extractEntry src/lab.js
9452 silly gunzTarPerm extractEntry src/number.js
9453 silly gunzTarPerm extractEntry src/numberArray.js
9454 silly gunzTarPerm extractEntry src/object.js
9455 silly gunzTarPerm extractEntry src/transform/parse.js
9456 silly gunzTarPerm extractEntry src/piecewise.js
9457 silly gunzTarPerm extractEntry src/quantize.js
9458 silly gunzTarPerm extractEntry src/rgb.js
9459 silly gunzTarPerm extractEntry src/round.js
9460 silly gunzTarPerm extractEntry src/string.js
9461 silly gunzTarPerm extractEntry src/value.js
9462 silly gunzTarPerm extractEntry src/zoom.js
9463 silly gunzTarPerm extractEntry package.json
9464 silly gunzTarPerm extractEntry README.md
9465 silly gunzTarPerm extractEntry index.d.mts
9466 silly gunzTarPerm extractEntry README.md
9467 silly gunzTarPerm modified mode [ 'README.md', 438, 420 ]
9468 silly gunzTarPerm extractEntry index.d.ts
9469 silly gunzTarPerm modified mode [ 'index.d.ts', 438, 420 ]
9470 silly gunzTarPerm extractEntry README.md
9471 silly gunzTarPerm extractEntry lib/hub.js.map
9472 silly gunzTarPerm extractEntry lib/index.js
9473 silly gunzTarPerm extractEntry lib/helpers/applyDecs.js.map
9474 silly gunzTarPerm extractEntry parse.js
9475 silly gunzTarPerm extractEntry package.json
9476 silly gunzTarPerm extractEntry lib/quick-sort.js
9477 silly gunzTarPerm extractEntry lib/source-map-consumer.js
9478 silly gunzTarPerm extractEntry es6/cartesian/Area.js
9479 silly gunzTarPerm extractEntry lib/generators/expressions.js
9480 silly gunzTarPerm extractEntry cjs/animate.js
9481 silly gunzTarPerm extractEntry esm/animate.js
9482 silly gunzTarPerm extractEntry cjs/animationFrame.js
9483 silly gunzTarPerm extractEntry esm/animationFrame.js
9484 silly gunzTarPerm extractEntry cjs/attribute.js
9485 silly gunzTarPerm extractEntry esm/attribute.js
9486 silly gunzTarPerm extractEntry cjs/camelize.js
9487 silly gunzTarPerm extractEntry esm/camelize.js
9488 silly gunzTarPerm extractEntry cjs/camelizeStyle.js
9489 silly gunzTarPerm extractEntry esm/camelizeStyle.js
9490 silly gunzTarPerm extractEntry cjs/canUseDOM.js
9491 silly gunzTarPerm extractEntry esm/canUseDOM.js
9492 silly gunzTarPerm extractEntry cjs/childElements.js
9493 silly gunzTarPerm extractEntry esm/childElements.js
9494 silly gunzTarPerm extractEntry cjs/childNodes.js
9495 silly gunzTarPerm extractEntry esm/childNodes.js
9496 silly gunzTarPerm extractEntry cjs/clear.js
9497 silly gunzTarPerm extractEntry esm/clear.js
9498 silly gunzTarPerm extractEntry cjs/closest.js
9499 silly gunzTarPerm extractEntry esm/closest.js
9500 silly gunzTarPerm extractEntry cjs/collectElements.js
9501 silly gunzTarPerm extractEntry esm/collectElements.js
9502 silly gunzTarPerm extractEntry cjs/collectSiblings.js
9503 silly gunzTarPerm extractEntry esm/collectSiblings.js
9504 silly gunzTarPerm extractEntry cjs/contains.js
9505 silly gunzTarPerm extractEntry esm/contains.js
9506 silly gunzTarPerm extractEntry cjs/css.js
9507 silly gunzTarPerm extractEntry esm/css.js
9508 silly gunzTarPerm extractEntry cjs/filterEventHandler.js
9509 silly gunzTarPerm extractEntry esm/filterEventHandler.js
9510 silly gunzTarPerm extractEntry cjs/getComputedStyle.js
9511 silly gunzTarPerm extractEntry esm/getComputedStyle.js
9512 silly gunzTarPerm extractEntry cjs/getScrollAccessor.js
9513 silly gunzTarPerm extractEntry esm/getScrollAccessor.js
9514 silly gunzTarPerm extractEntry cjs/hasClass.js
9515 silly gunzTarPerm extractEntry esm/hasClass.js
9516 silly gunzTarPerm extractEntry cjs/height.js
9517 silly gunzTarPerm extractEntry esm/height.js
9518 silly gunzTarPerm extractEntry cjs/hyphenate.js
9519 silly gunzTarPerm extractEntry esm/hyphenate.js
9520 silly gunzTarPerm extractEntry cjs/hyphenateStyle.js
9521 silly gunzTarPerm extractEntry esm/hyphenateStyle.js
9522 silly gunzTarPerm extractEntry cjs/index.js
9523 silly gunzTarPerm extractEntry esm/index.js
9524 silly gunzTarPerm extractEntry cjs/insertAfter.js
9525 silly gunzTarPerm extractEntry esm/insertAfter.js
9526 silly gunzTarPerm extractEntry cjs/isDocument.js
9527 silly gunzTarPerm extractEntry esm/isDocument.js
9528 silly gunzTarPerm extractEntry cjs/isInput.js
9529 silly gunzTarPerm extractEntry esm/isInput.js
9530 silly gunzTarPerm extractEntry cjs/isTransform.js
9531 silly gunzTarPerm extractEntry esm/isTransform.js
9532 silly gunzTarPerm extractEntry cjs/isVisible.js
9533 silly gunzTarPerm extractEntry esm/isVisible.js
9534 silly gunzTarPerm extractEntry cjs/isWindow.js
9535 silly gunzTarPerm extractEntry esm/isWindow.js
9536 silly gunzTarPerm extractEntry cjs/listen.js
9537 silly gunzTarPerm extractEntry esm/listen.js
9538 silly gunzTarPerm extractEntry cjs/matches.js
9539 silly gunzTarPerm extractEntry esm/matches.js
9540 silly gunzTarPerm extractEntry cjs/nextUntil.js
9541 silly gunzTarPerm extractEntry esm/nextUntil.js
9542 silly gunzTarPerm extractEntry cjs/offset.js
9543 silly gunzTarPerm extractEntry esm/offset.js
9544 silly gunzTarPerm extractEntry cjs/offsetParent.js
9545 silly gunzTarPerm extractEntry esm/offsetParent.js
9546 silly gunzTarPerm extractEntry cjs/ownerDocument.js
9547 silly gunzTarPerm extractEntry esm/ownerDocument.js
9548 silly gunzTarPerm extractEntry cjs/ownerWindow.js
9549 silly gunzTarPerm extractEntry esm/ownerWindow.js
9550 silly gunzTarPerm extractEntry cjs/parents.js
9551 silly gunzTarPerm extractEntry esm/parents.js
9552 silly gunzTarPerm extractEntry cjs/position.js
9553 silly gunzTarPerm extractEntry esm/position.js
9554 silly gunzTarPerm extractEntry cjs/prepend.js
9555 silly gunzTarPerm extractEntry esm/prepend.js
9556 silly gunzTarPerm extractEntry cjs/querySelectorAll.js
9557 silly gunzTarPerm extractEntry esm/querySelectorAll.js
9558 silly gunzTarPerm extractEntry cjs/remove.js
9559 silly gunzTarPerm extractEntry esm/remove.js
9560 silly gunzTarPerm extractEntry cjs/removeClass.js
9561 silly gunzTarPerm extractEntry esm/removeClass.js
9562 silly gunzTarPerm extractEntry cjs/removeEventListener.js
9563 silly gunzTarPerm extractEntry esm/removeEventListener.js
9564 silly gunzTarPerm extractEntry cjs/scrollbarSize.js
9565 silly gunzTarPerm extractEntry esm/scrollbarSize.js
9566 silly gunzTarPerm extractEntry cjs/scrollLeft.js
9567 silly gunzTarPerm extractEntry esm/scrollLeft.js
9568 silly gunzTarPerm extractEntry cjs/scrollParent.js
9569 silly gunzTarPerm extractEntry esm/scrollParent.js
9570 silly gunzTarPerm extractEntry cjs/scrollTo.js
9571 silly gunzTarPerm extractEntry esm/scrollTo.js
9572 silly gunzTarPerm extractEntry cjs/scrollTop.js
9573 silly gunzTarPerm extractEntry esm/scrollTop.js
9574 silly gunzTarPerm extractEntry cjs/siblings.js
9575 silly gunzTarPerm extractEntry esm/siblings.js
9576 silly gunzTarPerm extractEntry cjs/text.js
9577 silly gunzTarPerm extractEntry esm/text.js
9578 silly gunzTarPerm extractEntry cjs/toggleClass.js
9579 silly gunzTarPerm extractEntry esm/toggleClass.js
9580 silly gunzTarPerm extractEntry cjs/transitionEnd.js
9581 silly gunzTarPerm extractEntry esm/transitionEnd.js
9582 silly gunzTarPerm extractEntry cjs/triggerEvent.js
9583 silly gunzTarPerm extractEntry esm/triggerEvent.js
9584 silly gunzTarPerm extractEntry cjs/width.js
9585 silly gunzTarPerm extractEntry esm/width.js
9586 silly gunzTarPerm extractEntry activeElement/package.json
9587 silly gunzTarPerm extractEntry addClass/package.json
9588 silly gunzTarPerm extractEntry addEventListener/package.json
9589 silly gunzTarPerm extractEntry animate/package.json
9590 silly gunzTarPerm extractEntry animationFrame/package.json
9591 silly gunzTarPerm extractEntry attribute/package.json
9592 silly gunzTarPerm extractEntry camelize/package.json
9593 silly gunzTarPerm extractEntry camelizeStyle/package.json
9594 silly gunzTarPerm extractEntry canUseDOM/package.json
9595 silly gunzTarPerm extractEntry childElements/package.json
9596 silly gunzTarPerm extractEntry childNodes/package.json
9597 silly gunzTarPerm extractEntry clear/package.json
9598 silly gunzTarPerm extractEntry closest/package.json
9599 silly gunzTarPerm extractEntry collectElements/package.json
9600 silly gunzTarPerm extractEntry collectSiblings/package.json
9601 silly gunzTarPerm extractEntry contains/package.json
9602 silly gunzTarPerm extractEntry css/package.json
9603 silly gunzTarPerm extractEntry filterEventHandler/package.json
9604 silly gunzTarPerm extractEntry getComputedStyle/package.json
9605 silly gunzTarPerm extractEntry getScrollAccessor/package.json
9606 silly gunzTarPerm extractEntry hasClass/package.json
9607 silly gunzTarPerm extractEntry height/package.json
9608 silly gunzTarPerm extractEntry hyphenate/package.json
9609 silly gunzTarPerm extractEntry hyphenateStyle/package.json
9610 silly gunzTarPerm extractEntry insertAfter/package.json
9611 silly gunzTarPerm extractEntry isDocument/package.json
9612 silly gunzTarPerm extractEntry isInput/package.json
9613 silly gunzTarPerm extractEntry isTransform/package.json
9614 silly gunzTarPerm extractEntry isVisible/package.json
9615 silly gunzTarPerm extractEntry isWindow/package.json
9616 silly gunzTarPerm extractEntry listen/package.json
9617 silly gunzTarPerm extractEntry matches/package.json
9618 silly gunzTarPerm extractEntry nextUntil/package.json
9619 silly gunzTarPerm extractEntry offset/package.json
9620 silly gunzTarPerm extractEntry offsetParent/package.json
9621 silly gunzTarPerm extractEntry ownerDocument/package.json
9622 silly gunzTarPerm extractEntry ownerWindow/package.json
9623 silly gunzTarPerm extractEntry package.json
9624 silly gunzTarPerm extractEntry parents/package.json
9625 silly gunzTarPerm extractEntry position/package.json
9626 silly gunzTarPerm extractEntry prepend/package.json
9627 silly gunzTarPerm extractEntry querySelectorAll/package.json
9628 silly gunzTarPerm extractEntry remove/package.json
9629 silly gunzTarPerm extractEntry removeClass/package.json
9630 silly gunzTarPerm extractEntry removeEventListener/package.json
9631 silly gunzTarPerm extractEntry scrollbarSize/package.json
9632 silly gunzTarPerm extractEntry scrollLeft/package.json
9633 silly gunzTarPerm extractEntry scrollParent/package.json
9634 silly gunzTarPerm extractEntry scrollTo/package.json
9635 silly gunzTarPerm extractEntry scrollTop/package.json
9636 silly gunzTarPerm extractEntry siblings/package.json
9637 silly gunzTarPerm extractEntry text/package.json
9638 silly gunzTarPerm extractEntry toggleClass/package.json
9639 silly gunzTarPerm extractEntry transitionEnd/package.json
9640 silly gunzTarPerm extractEntry triggerEvent/package.json
9641 silly gunzTarPerm extractEntry width/package.json
9642 silly gunzTarPerm extractEntry README.md
9643 silly gunzTarPerm extractEntry cjs/activeElement.d.ts
9644 silly gunzTarPerm extractEntry esm/activeElement.d.ts
9645 silly gunzTarPerm extractEntry cjs/addClass.d.ts
9646 silly gunzTarPerm extractEntry esm/addClass.d.ts
9647 silly gunzTarPerm extractEntry cjs/addEventListener.d.ts
9648 silly gunzTarPerm extractEntry esm/addEventListener.d.ts
9649 silly gunzTarPerm extractEntry cjs/animate.d.ts
9650 silly gunzTarPerm extractEntry esm/animate.d.ts
9651 silly gunzTarPerm extractEntry cjs/animationFrame.d.ts
9652 silly gunzTarPerm extractEntry esm/animationFrame.d.ts
9653 silly gunzTarPerm extractEntry cjs/attribute.d.ts
9654 silly gunzTarPerm extractEntry esm/attribute.d.ts
9655 silly gunzTarPerm extractEntry cjs/camelize.d.ts
9656 silly gunzTarPerm extractEntry esm/camelize.d.ts
9657 silly gunzTarPerm extractEntry cjs/camelizeStyle.d.ts
9658 silly gunzTarPerm extractEntry esm/camelizeStyle.d.ts
9659 silly gunzTarPerm extractEntry cjs/canUseDOM.d.ts
9660 silly gunzTarPerm extractEntry esm/canUseDOM.d.ts
9661 silly gunzTarPerm extractEntry cjs/childElements.d.ts
9662 silly gunzTarPerm extractEntry esm/childElements.d.ts
9663 silly gunzTarPerm extractEntry cjs/childNodes.d.ts
9664 silly gunzTarPerm extractEntry esm/childNodes.d.ts
9665 silly gunzTarPerm extractEntry cjs/clear.d.ts
9666 silly gunzTarPerm extractEntry esm/clear.d.ts
9667 silly gunzTarPerm extractEntry cjs/closest.d.ts
9668 silly gunzTarPerm extractEntry esm/closest.d.ts
9669 silly gunzTarPerm extractEntry cjs/collectElements.d.ts
9670 silly gunzTarPerm extractEntry esm/collectElements.d.ts
9671 silly gunzTarPerm extractEntry cjs/collectSiblings.d.ts
9672 silly gunzTarPerm extractEntry esm/collectSiblings.d.ts
9673 silly gunzTarPerm extractEntry cjs/contains.d.ts
9674 silly gunzTarPerm extractEntry esm/contains.d.ts
9675 silly gunzTarPerm extractEntry cjs/css.d.ts
9676 silly gunzTarPerm extractEntry esm/css.d.ts
9677 silly gunzTarPerm extractEntry cjs/filterEventHandler.d.ts
9678 silly gunzTarPerm extractEntry esm/filterEventHandler.d.ts
9679 silly gunzTarPerm extractEntry cjs/getComputedStyle.d.ts
9680 silly gunzTarPerm extractEntry esm/getComputedStyle.d.ts
9681 silly gunzTarPerm extractEntry cjs/getScrollAccessor.d.ts
9682 silly gunzTarPerm extractEntry esm/getScrollAccessor.d.ts
9683 silly gunzTarPerm extractEntry cjs/hasClass.d.ts
9684 silly gunzTarPerm extractEntry esm/hasClass.d.ts
9685 silly gunzTarPerm extractEntry cjs/height.d.ts
9686 silly gunzTarPerm extractEntry esm/height.d.ts
9687 silly gunzTarPerm extractEntry cjs/hyphenate.d.ts
9688 silly gunzTarPerm extractEntry esm/hyphenate.d.ts
9689 silly gunzTarPerm extractEntry cjs/hyphenateStyle.d.ts
9690 silly gunzTarPerm extractEntry esm/hyphenateStyle.d.ts
9691 silly gunzTarPerm extractEntry cjs/index.d.ts
9692 silly gunzTarPerm extractEntry esm/index.d.ts
9693 silly gunzTarPerm extractEntry cjs/insertAfter.d.ts
9694 silly gunzTarPerm extractEntry esm/insertAfter.d.ts
9695 silly gunzTarPerm extractEntry cjs/isDocument.d.ts
9696 silly gunzTarPerm extractEntry esm/isDocument.d.ts
9697 silly gunzTarPerm extractEntry cjs/isInput.d.ts
9698 silly gunzTarPerm extractEntry esm/isInput.d.ts
9699 silly gunzTarPerm extractEntry cjs/isTransform.d.ts
9700 silly gunzTarPerm extractEntry esm/isTransform.d.ts
9701 silly gunzTarPerm extractEntry cjs/isVisible.d.ts
9702 silly gunzTarPerm extractEntry esm/isVisible.d.ts
9703 silly gunzTarPerm extractEntry cjs/isWindow.d.ts
9704 silly gunzTarPerm extractEntry esm/isWindow.d.ts
9705 silly gunzTarPerm extractEntry cjs/listen.d.ts
9706 silly gunzTarPerm extractEntry esm/listen.d.ts
9707 silly gunzTarPerm extractEntry cjs/matches.d.ts
9708 silly gunzTarPerm extractEntry esm/matches.d.ts
9709 silly gunzTarPerm extractEntry cjs/nextUntil.d.ts
9710 silly gunzTarPerm extractEntry esm/nextUntil.d.ts
9711 silly gunzTarPerm extractEntry cjs/offset.d.ts
9712 silly gunzTarPerm extractEntry esm/offset.d.ts
9713 silly gunzTarPerm extractEntry cjs/offsetParent.d.ts
9714 silly gunzTarPerm extractEntry esm/offsetParent.d.ts
9715 silly gunzTarPerm extractEntry cjs/ownerDocument.d.ts
9716 silly gunzTarPerm extractEntry esm/ownerDocument.d.ts
9717 silly gunzTarPerm extractEntry cjs/ownerWindow.d.ts
9718 silly gunzTarPerm extractEntry esm/ownerWindow.d.ts
9719 silly gunzTarPerm extractEntry cjs/parents.d.ts
9720 silly gunzTarPerm extractEntry esm/parents.d.ts
9721 silly gunzTarPerm extractEntry cjs/position.d.ts
9722 silly gunzTarPerm extractEntry esm/position.d.ts
9723 silly gunzTarPerm extractEntry cjs/prepend.d.ts
9724 silly gunzTarPerm extractEntry esm/prepend.d.ts
9725 silly gunzTarPerm extractEntry cjs/querySelectorAll.d.ts
9726 silly gunzTarPerm extractEntry esm/querySelectorAll.d.ts
9727 silly gunzTarPerm extractEntry cjs/remove.d.ts
9728 silly gunzTarPerm extractEntry esm/remove.d.ts
9729 silly gunzTarPerm extractEntry cjs/removeClass.d.ts
9730 silly gunzTarPerm extractEntry esm/removeClass.d.ts
9731 silly gunzTarPerm extractEntry cjs/removeEventListener.d.ts
9732 silly gunzTarPerm extractEntry esm/removeEventListener.d.ts
9733 silly gunzTarPerm extractEntry cjs/scrollbarSize.d.ts
9734 silly gunzTarPerm extractEntry esm/scrollbarSize.d.ts
9735 silly gunzTarPerm extractEntry cjs/scrollLeft.d.ts
9736 silly gunzTarPerm extractEntry esm/scrollLeft.d.ts
9737 silly gunzTarPerm extractEntry cjs/scrollParent.d.ts
9738 silly gunzTarPerm extractEntry esm/scrollParent.d.ts
9739 silly gunzTarPerm extractEntry cjs/scrollTo.d.ts
9740 silly gunzTarPerm extractEntry esm/scrollTo.d.ts
9741 silly gunzTarPerm extractEntry cjs/scrollTop.d.ts
9742 silly gunzTarPerm extractEntry esm/scrollTop.d.ts
9743 silly gunzTarPerm extractEntry cjs/siblings.d.ts
9744 silly gunzTarPerm extractEntry esm/siblings.d.ts
9745 silly gunzTarPerm extractEntry cjs/text.d.ts
9746 silly gunzTarPerm extractEntry esm/text.d.ts
9747 silly gunzTarPerm extractEntry cjs/toggleClass.d.ts
9748 silly gunzTarPerm extractEntry esm/toggleClass.d.ts
9749 silly gunzTarPerm extractEntry cjs/transitionEnd.d.ts
9750 silly gunzTarPerm extractEntry esm/transitionEnd.d.ts
9751 silly gunzTarPerm extractEntry cjs/triggerEvent.d.ts
9752 silly gunzTarPerm extractEntry esm/triggerEvent.d.ts
9753 silly gunzTarPerm extractEntry cjs/types.d.ts
9754 silly gunzTarPerm extractEntry esm/types.d.ts
9755 silly gunzTarPerm extractEntry cjs/width.d.ts
9756 silly gunzTarPerm extractEntry esm/width.d.ts
9757 silly gunzTarPerm extractEntry bin/nanoid.cjs
9758 silly gunzTarPerm extractEntry index.d.cts
9759 silly gunzTarPerm extractEntry locale/ar-SY.json
9760 silly gunzTarPerm extractEntry locale/ca-ES.json
9761 silly gunzTarPerm extractEntry README.md
9762 silly gunzTarPerm extractEntry lib/ast-types/generated/index.js
9763 silly gunzTarPerm extractEntry lib/ast-types/generated/index.js.map
9764 silly gunzTarPerm extractEntry umd/scheduler.production.min.js
9765 silly gunzTarPerm extractEntry lib/cartesian/Area.js
9766 silly gunzTarPerm extractEntry lib/config/config-chain.js.map
9767 silly gunzTarPerm extractEntry lib/config/config-descriptors.js
9768 silly gunzTarPerm extractEntry README.md
9769 silly gunzTarPerm modified mode [ 'README.md', 438, 420 ]
9770 silly gunzTarPerm extractEntry decimal.mjs
9771 silly gunzTarPerm modified mode [ 'decimal.mjs', 438, 420 ]
9772 silly gunzTarPerm extractEntry package.json
9773 silly gunzTarPerm extractEntry versions.json
9774 silly gunzTarPerm extractEntry README.md
9775 silly gunzTarPerm extractEntry src/symbol/asterisk.js
9776 silly gunzTarPerm extractEntry src/curve/basis.js
9777 silly gunzTarPerm extractEntry data/plugin-bugfixes.json
9778 silly gunzTarPerm extractEntry data/plugins.json
9779 silly gunzTarPerm extractEntry native-modules.js
9780 silly gunzTarPerm extractEntry data/features/addeventlistener.js
9781 silly gunzTarPerm extractEntry data/regions/AE.js
9782 silly gunzTarPerm extractEntry es6/chart/AreaChart.js
9783 silly gunzTarPerm extractEntry cjs/react-jsx-runtime.production.min.js
9784 silly gunzTarPerm extractEntry cjs/react-jsx-runtime.profiling.min.js
9785 silly gunzTarPerm extractEntry cjs/react.development.js
9786 silly gunzTarPerm extractEntry lib/AnimateManager.js
9787 silly gunzTarPerm extractEntry src/AnimateManager.js
9788 silly gunzTarPerm extractEntry dist/shared/index.js
9789 silly gunzTarPerm extractEntry README.md
9790 silly gunzTarPerm extractEntry dist/es/index.mjs
9791 silly gunzTarPerm extractEntry dist/es/index.d.mts
9792 silly gunzTarPerm extractEntry lib-vendor/d3-shape/LICENSE
9793 silly gunzTarPerm extractEntry lib-vendor/d3-time-format/LICENSE
9794 silly gunzTarPerm extractEntry
9795 silly gunzTarPerm extractEntry
9796 silly gunzTarPerm extractEntry
9797 silly gunzTarPerm extractEntry
9798 silly gunzTarPerm extractEntry overlapping-plugins.js
9799 silly gunzTarPerm extractEntry helpers/applyDecs2301.js
9800 silly gunzTarPerm extractEntry helpers/applyDecs2305.js
9801 silly gunzTarPerm extractEntry README.md
9802 silly gunzTarPerm extractEntry dist/esm/tiny-invariant.d.ts
9803 silly gunzTarPerm extractEntry dist/tiny-invariant.d.ts
9804 silly gunzTarPerm extractEntry src/tiny-invariant.ts
9805 silly gunzTarPerm extractEntry lib/chart/AreaChart.js
9806 silly gunzTarPerm extractEntry umd/react.development.js
9807 silly gunzTarPerm extractEntry types/types.d.cts
9808 silly gunzTarPerm extractEntry clsx.d.ts
9809 silly gunzTarPerm extractEntry src/count.js
9810 silly gunzTarPerm extractEntry src/cross.js
9811 silly gunzTarPerm extractEntry package.json
9812 silly gunzTarPerm extractEntry LICENSE.md
9813 silly gunzTarPerm extractEntry README.md
9814 silly gunzTarPerm extractEntry dist/umd/index.d.ts
9815 silly gunzTarPerm extractEntry lib/lazy-result.js
9816 silly gunzTarPerm extractEntry lib/list.js
9817 silly gunzTarPerm extractEntry cjs/react-dom-server-legacy.browser.production.min.js
9818 silly gunzTarPerm extractEntry package.json
9819 silly gunzTarPerm extractEntry src/exp.js
9820 silly gunzTarPerm extractEntry src/index.js
9821 silly gunzTarPerm extractEntry lib/literal.js
9822 silly gunzTarPerm extractEntry lib/literal.js.map
9823 silly gunzTarPerm extractEntry prop-types.min.js
9824 silly gunzTarPerm extractEntry lib/ReactPropTypesSecret.js
9825 silly gunzTarPerm extractEntry package.json
9826 silly gunzTarPerm extractEntry _arrayIncludesWith.js
9827 silly gunzTarPerm extractEntry _arrayLikeKeys.js
9828 silly gunzTarPerm extractEntry README.md
9829 silly gunzTarPerm extractEntry error.d.ts
9830 silly gunzTarPerm extractEntry index.d.ts
9831 silly gunzTarPerm extractEntry es6/cartesian/Bar.js
9832 silly gunzTarPerm extractEntry cjs/react.production.min.js
9833 silly gunzTarPerm extractEntry umd/react.production.min.js
9834 silly gunzTarPerm extractEntry umd/react.profiling.min.js
9835 silly gunzTarPerm extractEntry cjs/react.shared-subset.development.js
9836 silly gunzTarPerm extractEntry react.shared-subset.js
9837 silly gunzTarPerm extractEntry cjs/react.shared-subset.production.min.js
9838 silly gunzTarPerm extractEntry package.json
9839 silly gunzTarPerm extractEntry README.md
9840 silly gunzTarPerm extractEntry dist/esm/icons/alarm-clock-check.js
9841 silly gunzTarPerm extractEntry dist/esm/icons/alarm-clock-off.js
9842 silly gunzTarPerm extractEntry types/build-source-map-tree.d.cts.map
9843 silly gunzTarPerm extractEntry types/build-source-map-tree.d.mts.map
9844 silly gunzTarPerm extractEntry src/formatPrefixAuto.js
9845 silly gunzTarPerm extractEntry src/formatRounded.js
9846 silly gunzTarPerm extractEntry README.md
9847 silly gunzTarPerm extractEntry sync/index.d.mts
9848 silly gunzTarPerm extractEntry index.d.ts
9849 silly gunzTarPerm extractEntry dist/index.min.mjs
9850 silly gunzTarPerm extractEntry lib/generators/expressions.js.map
9851 silly gunzTarPerm extractEntry lib/generators/flow.js
9852 silly gunzTarPerm extractEntry lib/index.js.map
9853 silly gunzTarPerm extractEntry lib/path/ancestry.js
9854 silly gunzTarPerm extractEntry lib/source-map-generator.js
9855 silly gunzTarPerm extractEntry source-map.js
9856 silly gunzTarPerm extractEntry lib/builders/flow/createFlowUnionType.js
9857 silly gunzTarPerm extractEntry lib/builders/flow/createFlowUnionType.js.map
9858 silly gunzTarPerm extractEntry lib/builders/flow/createTypeAnnotationBasedOnTypeof.js
9859 silly gunzTarPerm extractEntry dist/loadConfigFile.js
9860 silly gunzTarPerm extractEntry README.md
9861 silly gunzTarPerm extractEntry async/index.browser.js
9862 silly gunzTarPerm extractEntry src/getNiceTickValues.js
9863 silly gunzTarPerm extractEntry es6/index.js
9864 silly gunzTarPerm extractEntry lib/cartesian/Bar.js
9865 silly gunzTarPerm extractEntry lib/helpers/applyDecs2203.js
9866 silly gunzTarPerm extractEntry lib/helpers/applyDecs2203.js.map
9867 silly gunzTarPerm extractEntry lib/config/config-descriptors.js.map
9868 silly gunzTarPerm extractEntry lib/config/files/configuration.js
9869 silly gunzTarPerm extractEntry lib/builders/flow/createTypeAnnotationBasedOnTypeof.js.map
9870 silly gunzTarPerm extractEntry decimal.d.ts
9871 silly gunzTarPerm modified mode [ 'decimal.d.ts', 438, 420 ]
9872 silly gunzTarPerm extractEntry src/curve/basisClosed.js
9873 silly gunzTarPerm extractEntry src/curve/basisOpen.js
9874 silly gunzTarPerm extractEntry data/regions/AF.js
9875 silly gunzTarPerm extractEntry data/regions/AG.js
9876 silly gunzTarPerm extractEntry locale/cs-CZ.json
9877 silly gunzTarPerm extractEntry locale/da-DK.json
9878 silly gunzTarPerm extractEntry es6/chart/BarChart.js
9879 silly gunzTarPerm extractEntry umd/react-dom-server-legacy.browser.production.min.js
9880 silly gunzTarPerm extractEntry umd/scheduler.profiling.min.js
9881 silly gunzTarPerm extractEntry unstable_mock.js
9882 silly gunzTarPerm extractEntry lib/helpers/applyDecs2203R.js
9883 silly gunzTarPerm extractEntry lib/builders/generated/index.js
9884 silly gunzTarPerm extractEntry
9885 silly gunzTarPerm extractEntry
9886 silly gunzTarPerm extractEntry lib/chart/BarChart.js
9887 silly gunzTarPerm extractEntry helpers/applyDecs2311.js
9888 silly gunzTarPerm extractEntry helpers/arrayLikeToArray.js
9889 silly gunzTarPerm extractEntry dist/trace-mapping.umd.js
9890 silly gunzTarPerm extractEntry package.json
9891 silly gunzTarPerm extractEntry lib/index.js.map
9892 silly gunzTarPerm extractEntry src/cumsum.js
9893 silly gunzTarPerm extractEntry dist/d3-array.js
9894 silly gunzTarPerm extractEntry src/linear.js
9895 silly gunzTarPerm extractEntry src/math.js
9896 silly gunzTarPerm extractEntry lib/helpers/applyDecs2203R.js.map
9897 silly gunzTarPerm extractEntry lib-vendor/d3-time/LICENSE
9898 silly gunzTarPerm extractEntry lib-vendor/d3-timer/LICENSE
9899 silly gunzTarPerm extractEntry es6/configUpdate.js
9900 silly gunzTarPerm extractEntry lib/configUpdate.js
9901 silly gunzTarPerm extractEntry dist/shared/loadConfigFile.js
9902 silly gunzTarPerm extractEntry dist/native.js
9903 silly gunzTarPerm extractEntry lib/map-generator.js
9904 silly gunzTarPerm extractEntry lib/no-work-result.js
9905 silly gunzTarPerm extractEntry es6/util/BarUtils.js
9906 silly gunzTarPerm extractEntry cjs/react-dom-server-legacy.node.development.js
9907 silly gunzTarPerm extractEntry dist/esm/icons/alarm-clock.js
9908 silly gunzTarPerm extractEntry dist/esm/icons/alarm-minus.js
9909 silly gunzTarPerm extractEntry src/formatSpecifier.js
9910 silly gunzTarPerm extractEntry src/formatTrim.js
9911 silly gunzTarPerm extractEntry lib/options.js
9912 silly gunzTarPerm extractEntry lib/options.js.map
9913 silly gunzTarPerm extractEntry _arrayMap.js
9914 silly gunzTarPerm extractEntry lib/helpers/applyDecs2301.js
9915 silly gunzTarPerm extractEntry types/remapping.d.cts.map
9916 silly gunzTarPerm extractEntry types/remapping.d.mts.map
9917 silly gunzTarPerm extractEntry sync/index.d.ts
9918 silly gunzTarPerm extractEntry index.browser.js
9919 silly gunzTarPerm extractEntry async/index.js
9920 silly gunzTarPerm extractEntry index.d.ts
9921 silly gunzTarPerm extractEntry dist/index.mjs
9922 silly gunzTarPerm extractEntry lib/index.d.ts
9923 silly gunzTarPerm extractEntry lib/parse.d.ts
9924 silly gunzTarPerm extractEntry lib/source-node.js
9925 silly gunzTarPerm extractEntry lib/util.js
9926 silly gunzTarPerm extractEntry lib/path/ancestry.js.map
9927 silly gunzTarPerm extractEntry lib/path/comments.js
9928 silly gunzTarPerm extractEntry lib/util/BarUtils.js
9929 silly gunzTarPerm extractEntry plugin-bugfixes.js
9930 silly gunzTarPerm extractEntry plugins.js
9931 silly gunzTarPerm extractEntry data/agents.js
9932 silly gunzTarPerm extractEntry dist/unpacker/agents.js
9933 silly gunzTarPerm extractEntry lib/helpers/applyDecs2301.js.map
9934 silly gunzTarPerm extractEntry lib/generators/flow.js.map
9935 silly gunzTarPerm extractEntry lib/generators/index.js
9936 silly gunzTarPerm extractEntry locale/de-CH.json
9937 silly gunzTarPerm extractEntry locale/de-DE.json
9938 silly gunzTarPerm extractEntry lib/stringify.d.ts
9939 silly gunzTarPerm extractEntry es6/cartesian/Brush.js
9940 silly gunzTarPerm extractEntry lib/config/files/configuration.js.map
9941 silly gunzTarPerm extractEntry lib/config/files/import.cjs
9942 silly gunzTarPerm extractEntry lib/config/files/import.cjs.map
9943 silly gunzTarPerm extractEntry src/curve/bump.js
9944 silly gunzTarPerm extractEntry src/curve/bundle.js
9945 silly gunzTarPerm extractEntry lib/helpers/applyDecs2305.js
9946 silly gunzTarPerm extractEntry unstable_post_task.js
9947 silly gunzTarPerm extractEntry package.json
9948 silly gunzTarPerm extractEntry
9949 silly gentlyRm /Users/hyypucs/work/Antigravity2/ai_pkt/frontend/node_modules/.staging/object-assign-df7b83b5/node_modules is being purged
9950 verbose gentlyRm don't care about contents; nuking /Users/hyypucs/work/Antigravity2/ai_pkt/frontend/node_modules/.staging/object-assign-df7b83b5/node_modules
9951 silly gentlyRm /Users/hyypucs/work/Antigravity2/ai_pkt/frontend/node_modules/.staging/convert-source-map-01c91187/node_modules is being purged
9952 verbose gentlyRm don't care about contents; nuking /Users/hyypucs/work/Antigravity2/ai_pkt/frontend/node_modules/.staging/convert-source-map-01c91187/node_modules
9953 silly gentlyRm /Users/hyypucs/work/Antigravity2/ai_pkt/frontend/node_modules/.staging/ms-83048f9f/node_modules is being purged
9954 verbose gentlyRm don't care about contents; nuking /Users/hyypucs/work/Antigravity2/ai_pkt/frontend/node_modules/.staging/ms-83048f9f/node_modules
9955 silly gunzTarPerm extractEntry lib/cartesian/Brush.js
9956 silly gentlyRm /Users/hyypucs/work/Antigravity2/ai_pkt/frontend/node_modules/.staging/lru-cache-0b08210b/node_modules is being purged
9957 verbose gentlyRm don't care about contents; nuking /Users/hyypucs/work/Antigravity2/ai_pkt/frontend/node_modules/.staging/lru-cache-0b08210b/node_modules
9958 silly gunzTarPerm extractEntry lib/config/files/index-browser.js
9959 silly gunzTarPerm extractEntry types/binary-search.d.cts.map
9960 silly gunzTarPerm extractEntry types/binary-search.d.mts.map
9961 silly gunzTarPerm extractEntry lib/helpers/applyDecs2305.js.map
9962 silly gunzTarPerm extractEntry lib/index.js
9963 silly gunzTarPerm extractEntry src/index.js
9964 silly gunzTarPerm extractEntry helpers/arrayWithHoles.js
9965 silly gunzTarPerm extractEntry helpers/arrayWithoutHoles.js
9966 silly gunzTarPerm extractEntry dist/d3-array.min.js
9967 silly gunzTarPerm extractEntry src/descending.js
9968 silly gunzTarPerm extractEntry lib/node.js
9969 silly gunzTarPerm extractEntry lib/parse.js
9970 silly gunzTarPerm extractEntry src/configUpdate.js
9971 silly gunzTarPerm extractEntry es6/easing.js
9972 silly gunzTarPerm extractEntry dist/es/shared/node-entry.js
9973 silly gunzTarPerm extractEntry lib/builders/generated/index.js.map
9974 silly gunzTarPerm extractEntry lib/builders/generated/lowercase.js
9975 silly gunzTarPerm extractEntry lib/helpers/applyDecs2311.js
9976 silly gunzTarPerm extractEntry lib-vendor/d3-voronoi/LICENSE
9977 silly gunzTarPerm extractEntry dist/esm/icons/alarm-plus.js
9978 silly gunzTarPerm extractEntry dist/remapping.mjs.map
9979 silly gunzTarPerm extractEntry dist/remapping.umd.js.map
9980 silly gunzTarPerm extractEntry src/formatTypes.js
9981 silly gunzTarPerm extractEntry src/identity.js
9982 silly gunzTarPerm extractEntry src/poly.js
9983 silly gunzTarPerm extractEntry src/quad.js
9984 silly gunzTarPerm extractEntry lib/parse.js
9985 silly gunzTarPerm extractEntry lib/parse.js.map
9986 silly gunzTarPerm extractEntry _arrayPush.js
9987 silly gunzTarPerm extractEntry _arrayReduce.js
9988 silly gunzTarPerm extractEntry lib/builders/generated/lowercase.js.map
9989 silly gunzTarPerm extractEntry dist/esm/icons/alarm-smoke.js
9990 silly gunzTarPerm extractEntry lib/helpers/applyDecs2311.js.map
9991 silly gunzTarPerm extractEntry package.json
9992 silly gunzTarPerm extractEntry README.md
9993 silly gunzTarPerm extractEntry lib/path/comments.js.map
9994 silly gunzTarPerm extractEntry lib/path/context.js
9995 silly gunzTarPerm extractEntry index.js
9996 silly gunzTarPerm extractEntry non-secure/index.js
9997 silly gunzTarPerm extractEntry locale/en-CA.json
9998 silly gunzTarPerm extractEntry locale/en-GB.json
9999 silly gunzTarPerm extractEntry src/curve/cardinal.js
10000 silly gunzTarPerm extractEntry src/curve/cardinalClosed.js
10001 silly gunzTarPerm extractEntry lib/generators/index.js.map
10002 silly gunzTarPerm extractEntry lib/generators/jsx.js
10003 silly gunzTarPerm extractEntry lib/unicode.d.ts
10004 silly gunzTarPerm extractEntry lib/util.d.ts
10005 silly gunzTarPerm extractEntry lib/helpers/arrayLikeToArray.js
10006 silly gunzTarPerm extractEntry data/regions/AI.js
10007 silly gunzTarPerm extractEntry data/regions/AL.js
10008 silly gentlyRm /Users/hyypucs/work/Antigravity2/ai_pkt/frontend/node_modules/.staging/yallist-d02f279f/node_modules is being purged
10009 verbose gentlyRm don't care about contents; nuking /Users/hyypucs/work/Antigravity2/ai_pkt/frontend/node_modules/.staging/yallist-d02f279f/node_modules
10010 silly gunzTarPerm extractEntry cjs/react-dom-server-legacy.node.production.min.js
10011 silly gentlyRm /Users/hyypucs/work/Antigravity2/ai_pkt/frontend/node_modules/.staging/@babel/helper-plugin-utils-1657f779/node_modules is being purged
10012 verbose gentlyRm don't care about contents; nuking /Users/hyypucs/work/Antigravity2/ai_pkt/frontend/node_modules/.staging/@babel/helper-plugin-utils-1657f779/node_modules
10013 silly gentlyRm /Users/hyypucs/work/Antigravity2/ai_pkt/frontend/node_modules/.staging/@babel/plugin-transform-react-jsx-self-a09f59f8/node_modules is being purged
10014 verbose gentlyRm don't care about contents; nuking /Users/hyypucs/work/Antigravity2/ai_pkt/frontend/node_modules/.staging/@babel/plugin-transform-react-jsx-self-a09f59f8/node_modules
10015 silly gunzTarPerm extractEntry README.md
10016 silly gentlyRm /Users/hyypucs/work/Antigravity2/ai_pkt/frontend/node_modules/.staging/@babel/plugin-transform-react-jsx-source-7e442006/node_modules is being purged
10017 verbose gentlyRm don't care about contents; nuking /Users/hyypucs/work/Antigravity2/ai_pkt/frontend/node_modules/.staging/@babel/plugin-transform-react-jsx-source-7e442006/node_modules
10018 silly gunzTarPerm extractEntry lib/builders/generated/uppercase.js
10019 silly gunzTarPerm extractEntry lib/helpers/arrayLikeToArray.js.map
10020 silly gentlyRm /Users/hyypucs/work/Antigravity2/ai_pkt/frontend/node_modules/.staging/js-tokens-c75248a0/node_modules is being purged
10021 verbose gentlyRm don't care about contents; nuking /Users/hyypucs/work/Antigravity2/ai_pkt/frontend/node_modules/.staging/js-tokens-c75248a0/node_modules
10022 silly gunzTarPerm extractEntry lib/config/files/index-browser.js.map
10023 silly gunzTarPerm extractEntry lib/config/files/index.js
10024 silly gunzTarPerm extractEntry lib/config/files/index.js.map
10025 silly gunzTarPerm extractEntry types/by-source.d.cts.map
10026 silly gunzTarPerm extractEntry types/by-source.d.mts.map
10027 silly gunzTarPerm extractEntry
10028 silly gunzTarPerm extractEntry umd/RechartsScale.js
10029 silly gunzTarPerm extractEntry umd/RechartsScale.min.js
10030 silly gentlyRm /Users/hyypucs/work/Antigravity2/ai_pkt/frontend/node_modules/.staging/@babel/helper-string-parser-62dd6290/node_modules is being purged
10031 verbose gentlyRm don't care about contents; nuking /Users/hyypucs/work/Antigravity2/ai_pkt/frontend/node_modules/.staging/@babel/helper-string-parser-62dd6290/node_modules
10032 silly gunzTarPerm extractEntry helpers/assertClassBrand.js
10033 silly gunzTarPerm extractEntry helpers/assertThisInitialized.js
10034 silly gunzTarPerm extractEntry src/deviation.js
10035 silly gunzTarPerm extractEntry src/difference.js
10036 silly gentlyRm /Users/hyypucs/work/Antigravity2/ai_pkt/frontend/node_modules/.staging/@babel/code-frame-c209b9e9/node_modules is being purged
10037 verbose gentlyRm don't care about contents; nuking /Users/hyypucs/work/Antigravity2/ai_pkt/frontend/node_modules/.staging/@babel/code-frame-c209b9e9/node_modules
10038 silly gunzTarPerm extractEntry lib/parser.js
10039 silly gunzTarPerm extractEntry lib/postcss.js
10040 silly gunzTarPerm extractEntry lib/easing.js
10041 silly gunzTarPerm extractEntry src/easing.js
10042 silly gunzTarPerm extractEntry lib/config/files/module-types.js
10043 silly gunzTarPerm extractEntry src/index.js
10044 silly gunzTarPerm extractEntry src/locale.js
10045 silly gunzTarPerm extractEntry
10046 silly gunzTarPerm extractEntry es6/util/calculateViewBox.js
10047 silly gunzTarPerm extractEntry cjs/react-dom-server.browser.development.js
10048 silly gunzTarPerm extractEntry dist/esm/icons/album.js
10049 silly gunzTarPerm extractEntry dist/esm/icons/alert-circle.js
10050 silly gunzTarPerm extractEntry lib/builders/generated/uppercase.js.map
10051 silly gunzTarPerm extractEntry src/sin.js
10052 silly gunzTarPerm extractEntry package.json
10053 silly gunzTarPerm extractEntry _arrayReduceRight.js
10054 silly gunzTarPerm extractEntry _arraySample.js
10055 silly gunzTarPerm extractEntry lib/populate.js
10056 silly gunzTarPerm extractEntry lib/populate.js.map
10057 silly gunzTarPerm extractEntry lib/path/context.js.map
10058 silly gunzTarPerm extractEntry lib/path/conversion.js
10059 silly gunzTarPerm extractEntry lib-vendor/internmap/LICENSE
10060 silly gunzTarPerm extractEntry lib-vendor/d3-shape/src/order/appearance.js
10061 silly gentlyRm /Users/hyypucs/work/Antigravity2/ai_pkt/frontend/node_modules/.staging/@rolldown/pluginutils-4d53013b/node_modules is being purged
10062 verbose gentlyRm don't care about contents; nuking /Users/hyypucs/work/Antigravity2/ai_pkt/frontend/node_modules/.staging/@rolldown/pluginutils-4d53013b/node_modules
10063 silly gunzTarPerm extractEntry src/curve/cardinalOpen.js
10064 silly gunzTarPerm extractEntry src/curve/catmullRom.js
10065 silly gunzTarPerm extractEntry locale/en-US.json
10066 silly gunzTarPerm extractEntry locale/es-ES.json
10067 silly gunzTarPerm extractEntry locale/es-MX.json
10068 silly gunzTarPerm extractEntry lib/source-map-consumer.d.ts
10069 silly gunzTarPerm extractEntry lib/source-map-generator.d.ts
10070 silly gunzTarPerm extractEntry source-map.d.ts
10071 silly gunzTarPerm extractEntry types/source-map-tree.d.cts.map
10072 silly gunzTarPerm extractEntry types/source-map-tree.d.mts.map
10073 silly gunzTarPerm extractEntry lib/builders/productions.js
10074 silly gunzTarPerm extractEntry url-alphabet/index.js
10075 silly gunzTarPerm extractEntry async/index.native.js
10076 silly gunzTarPerm extractEntry lib/generators/jsx.js.map
10077 silly gunzTarPerm extractEntry lib/generators/methods.js
10078 silly gunzTarPerm extractEntry data/regions/alt-af.js
10079 silly gunzTarPerm extractEntry data/regions/alt-an.js
10080 silly gunzTarPerm extractEntry locale/fa-IR.json
10081 silly gunzTarPerm extractEntry lib/source-node.d.ts
10082 silly gunzTarPerm extractEntry lib/helpers/arrayWithHoles.js
10083 silly gunzTarPerm extractEntry lib/helpers/arrayWithHoles.js.map
10084 silly gunzTarPerm extractEntry types/flatten-map.d.cts.map
10085 silly gunzTarPerm extractEntry types/flatten-map.d.mts.map
10086 silly gentlyRm /Users/hyypucs/work/Antigravity2/ai_pkt/frontend/node_modules/.staging/@babel/helper-globals-4e040f00/node_modules is being purged
10087 verbose gentlyRm don't care about contents; nuking /Users/hyypucs/work/Antigravity2/ai_pkt/frontend/node_modules/.staging/@babel/helper-globals-4e040f00/node_modules
10088 silly gunzTarPerm extractEntry src/disjoint.js
10089 silly gunzTarPerm extractEntry src/every.js
10090 silly gunzTarPerm extractEntry es6/util/utils.js
10091 silly gunzTarPerm extractEntry lib/util/utils.js
10092 silly gunzTarPerm extractEntry helpers/asyncGeneratorDelegate.js
10093 silly gunzTarPerm extractEntry helpers/asyncIterator.js
10094 silly gunzTarPerm extractEntry src/precisionFixed.js
10095 silly gunzTarPerm extractEntry src/precisionPrefix.js
10096 silly gunzTarPerm extractEntry lib/previous-map.js
10097 silly gunzTarPerm extractEntry lib/processor.js
10098 silly gentlyRm /Users/hyypucs/work/Antigravity2/ai_pkt/frontend/node_modules/.staging/internmap-8679a2c1/node_modules is being purged
10099 verbose gentlyRm don't care about contents; nuking /Users/hyypucs/work/Antigravity2/ai_pkt/frontend/node_modules/.staging/internmap-8679a2c1/node_modules
10100 silly gunzTarPerm extractEntry lib/config/files/module-types.js.map
10101 silly gunzTarPerm extractEntry lib/config/files/package.js
10102 silly gunzTarPerm extractEntry lib/config/files/package.js.map
10103 silly gunzTarPerm extractEntry es6/index.js
10104 silly gunzTarPerm extractEntry lib/index.js
10105 silly gunzTarPerm extractEntry dist/esm/icons/alert-octagon.js
10106 silly gunzTarPerm extractEntry dist/esm/icons/alert-triangle.js
10107 silly gentlyRm /Users/hyypucs/work/Antigravity2/ai_pkt/frontend/node_modules/.staging/node-releases-1d9a221d/node_modules is being purged
10108 verbose gentlyRm don't care about contents; nuking /Users/hyypucs/work/Antigravity2/ai_pkt/frontend/node_modules/.staging/node-releases-1d9a221d/node_modules
10109 silly gunzTarPerm extractEntry README.md
10110 silly gunzTarPerm extractEntry _arraySampleSize.js
10111 silly gunzTarPerm extractEntry _arrayShuffle.js
10112 silly gentlyRm /Users/hyypucs/work/Antigravity2/ai_pkt/frontend/node_modules/.staging/jsesc-d086bdb6/node_modules is being purged
10113 verbose gentlyRm don't care about contents; nuking /Users/hyypucs/work/Antigravity2/ai_pkt/frontend/node_modules/.staging/jsesc-d086bdb6/node_modules
10114 silly gunzTarPerm extractEntry lib/string.js
10115 silly gunzTarPerm extractEntry lib/string.js.map
10116 silly gunzTarPerm extractEntry lib/path/conversion.js.map
10117 silly gunzTarPerm extractEntry lib/path/evaluation.js
10118 silly gunzTarPerm extractEntry lib/config/files/plugins.js
10119 silly gunzTarPerm extractEntry src/curve/catmullRomClosed.js
10120 silly gunzTarPerm extractEntry src/curve/catmullRomOpen.js
10121 silly gunzTarPerm extractEntry lib-vendor/d3-shape/src/arc.js
10122 silly gunzTarPerm extractEntry lib-vendor/d3-shape/src/area.js
10123 silly gunzTarPerm extractEntry types/source-map.d.cts.map
10124 silly gunzTarPerm extractEntry types/source-map.d.mts.map
10125 silly gunzTarPerm extractEntry locale/fi-FI.json
10126 silly gunzTarPerm extractEntry locale/fr-CA.json
10127 silly gunzTarPerm extractEntry lib/config/files/plugins.js.map
10128 silly gunzTarPerm extractEntry lib/builders/productions.js.map
10129 silly gunzTarPerm extractEntry lib/builders/react/buildChildren.js
10130 silly gunzTarPerm extractEntry lib/generators/methods.js.map
10131 silly gunzTarPerm extractEntry lib/generators/modules.js
10132 silly gentlyRm /Users/hyypucs/work/Antigravity2/ai_pkt/frontend/node_modules/.staging/semver-16a3698f/node_modules is being purged
10133 verbose gentlyRm don't care about contents; nuking /Users/hyypucs/work/Antigravity2/ai_pkt/frontend/node_modules/.staging/semver-16a3698f/node_modules
10134 silly gunzTarPerm extractEntry data/regions/alt-as.js
10135 silly gunzTarPerm extractEntry data/regions/alt-eu.js
10136 silly gentlyRm /Users/hyypucs/work/Antigravity2/ai_pkt/frontend/node_modules/.staging/picocolors-7e1ce966/node_modules is being purged
10137 verbose gentlyRm don't care about contents; nuking /Users/hyypucs/work/Antigravity2/ai_pkt/frontend/node_modules/.staging/picocolors-7e1ce966/node_modules
10138 silly gunzTarPerm extractEntry nanoid.js
10139 silly gunzTarPerm extractEntry async/package.json
10140 silly gunzTarPerm extractEntry lib/util/calculateViewBox.js
10141 silly gunzTarPerm extractEntry es6/cartesian/CartesianAxis.js
10142 silly gunzTarPerm extractEntry types/resolve.d.cts.map
10143 silly gunzTarPerm extractEntry types/resolve.d.mts.map
10144 silly gunzTarPerm extractEntry umd/react-dom-server.browser.development.js
10145 silly gunzTarPerm extractEntry src/extent.js
10146 silly gunzTarPerm extractEntry src/filter.js
10147 silly gentlyRm /Users/hyypucs/work/Antigravity2/ai_pkt/frontend/node_modules/.staging/gensync-22c6d371/node_modules is being purged
10148 verbose gentlyRm don't care about contents; nuking /Users/hyypucs/work/Antigravity2/ai_pkt/frontend/node_modules/.staging/gensync-22c6d371/node_modules
10149 silly gunzTarPerm extractEntry lib/helpers/arrayWithoutHoles.js
10150 silly gunzTarPerm extractEntry lib/helpers/arrayWithoutHoles.js.map
10151 silly gentlyRm /Users/hyypucs/work/Antigravity2/ai_pkt/frontend/node_modules/.staging/d3-path-25f4a706/node_modules is being purged
10152 verbose gentlyRm don't care about contents; nuking /Users/hyypucs/work/Antigravity2/ai_pkt/frontend/node_modules/.staging/d3-path-25f4a706/node_modules
10153 silly gunzTarPerm extractEntry src/util/utils.js
10154 silly gunzTarPerm extractEntry package.json
10155 silly gunzTarPerm extractEntry helpers/asyncToGenerator.js
10156 silly gunzTarPerm extractEntry helpers/awaitAsyncGenerator.js
10157 silly gunzTarPerm extractEntry src/precisionRound.js
10158 silly gunzTarPerm extractEntry locale/ar-001.json
10159 silly gentlyRm /Users/hyypucs/work/Antigravity2/ai_pkt/frontend/node_modules/.staging/debug-36bf485f/node_modules is being purged
10160 verbose gentlyRm don't care about contents; nuking /Users/hyypucs/work/Antigravity2/ai_pkt/frontend/node_modules/.staging/debug-36bf485f/node_modules
10161 silly gunzTarPerm extractEntry lib/result.js
10162 silly gunzTarPerm extractEntry lib/root.js
10163 silly gunzTarPerm extractEntry src/index.js
10164 silly gunzTarPerm extractEntry umd/ReactSmooth.js
10165 silly gunzTarPerm extractEntry dist/esm/icons/align-center-horizontal.js
10166 silly gunzTarPerm extractEntry dist/esm/icons/align-center-vertical.js
10167 silly gunzTarPerm extractEntry _arraySome.js
10168 silly gunzTarPerm extractEntry _asciiSize.js
10169 silly gunzTarPerm extractEntry package.json
10170 silly gunzTarPerm extractEntry lib/path/evaluation.js.map
10171 silly gunzTarPerm extractEntry lib/path/family.js
10172 silly gunzTarPerm extractEntry types/types.d.cts.map
10173 silly gunzTarPerm extractEntry types/types.d.mts.map
10174 silly gunzTarPerm extractEntry lib/config/files/types.js
10175 silly gunzTarPerm extractEntry lib/config/files/types.js.map
10176 silly gunzTarPerm extractEntry lib-vendor/d3-shape/src/areaRadial.js
10177 silly gunzTarPerm extractEntry lib-vendor/d3-array/src/array.js
10178 silly gunzTarPerm extractEntry src/symbol/circle.js
10179 silly gunzTarPerm extractEntry src/constant.js
10180 silly gunzTarPerm extractEntry lib/generators/modules.js.map
10181 silly gunzTarPerm extractEntry lib/generators/statements.js
10182 silly gunzTarPerm extractEntry data/regions/alt-na.js
10183 silly gunzTarPerm extractEntry data/regions/alt-oc.js
10184 silly gunzTarPerm extractEntry types/sort.d.cts.map
10185 silly gunzTarPerm extractEntry types/sort.d.mts.map
10186 silly gunzTarPerm extractEntry types/sourcemap-segment.d.cts.map
10187 silly gentlyRm /Users/hyypucs/work/Antigravity2/ai_pkt/frontend/node_modules/.staging/loose-envify-000a6247/node_modules is being purged
10188 verbose gentlyRm don't care about contents; nuking /Users/hyypucs/work/Antigravity2/ai_pkt/frontend/node_modules/.staging/loose-envify-000a6247/node_modules
10189 silly gunzTarPerm extractEntry lib/helpers/assertClassBrand.js
10190 silly gunzTarPerm extractEntry lib/helpers/assertClassBrand.js.map
10191 silly gunzTarPerm extractEntry non-secure/package.json
10192 silly gunzTarPerm extractEntry package.json
10193 silly gunzTarPerm extractEntry locale/fr-FR.json
10194 silly gunzTarPerm extractEntry locale/he-IL.json
10195 silly gentlyRm /Users/hyypucs/work/Antigravity2/ai_pkt/frontend/node_modules/.staging/fsevents-141cdb5a/node_modules is being purged
10196 verbose gentlyRm don't care about contents; nuking /Users/hyypucs/work/Antigravity2/ai_pkt/frontend/node_modules/.staging/fsevents-141cdb5a/node_modules
10197 silly gunzTarPerm extractEntry src/threshold/freedmanDiaconis.js
10198 silly gunzTarPerm extractEntry src/fsum.js
10199 silly gentlyRm /Users/hyypucs/work/Antigravity2/ai_pkt/frontend/node_modules/.staging/update-browserslist-db-d6ca5623/node_modules is being purged
10200 verbose gentlyRm don't care about contents; nuking /Users/hyypucs/work/Antigravity2/ai_pkt/frontend/node_modules/.staging/update-browserslist-db-d6ca5623/node_modules
10201 silly gentlyRm /Users/hyypucs/work/Antigravity2/ai_pkt/frontend/node_modules/.staging/react-is-9895b65c/node_modules is being purged
10202 verbose gentlyRm don't care about contents; nuking /Users/hyypucs/work/Antigravity2/ai_pkt/frontend/node_modules/.staging/react-is-9895b65c/node_modules
10203 silly gunzTarPerm extractEntry CHANGELOG.md
10204 silly gunzTarPerm extractEntry README.md
10205 silly gentlyRm /Users/hyypucs/work/Antigravity2/ai_pkt/frontend/node_modules/.staging/@jridgewell/resolve-uri-47ca2955/node_modules is being purged
10206 verbose gentlyRm don't care about contents; nuking /Users/hyypucs/work/Antigravity2/ai_pkt/frontend/node_modules/.staging/@jridgewell/resolve-uri-47ca2955/node_modules
10207 silly gunzTarPerm extractEntry types/sourcemap-segment.d.mts.map
10208 silly gunzTarPerm extractEntry locale/ar-AE.json
10209 silly gunzTarPerm extractEntry locale/ar-BH.json
10210 silly gunzTarPerm extractEntry lib/builders/react/buildChildren.js.map
10211 silly gunzTarPerm extractEntry lib/builders/typescript/createTSUnionType.js
10212 silly gunzTarPerm extractEntry lib/builders/typescript/createTSUnionType.js.map
10213 silly gentlyRm /Users/hyypucs/work/Antigravity2/ai_pkt/frontend/node_modules/.staging/eventemitter3-a3fbf7d2/node_modules is being purged
10214 verbose gentlyRm don't care about contents; nuking /Users/hyypucs/work/Antigravity2/ai_pkt/frontend/node_modules/.staging/eventemitter3-a3fbf7d2/node_modules
10215 silly gunzTarPerm extractEntry helpers/callSuper.js
10216 silly gunzTarPerm extractEntry helpers/checkInRHS.js
10217 silly gunzTarPerm extractEntry lib/rule.js
10218 silly gunzTarPerm extractEntry lib/stringifier.js
10219 silly gunzTarPerm extractEntry umd/ReactSmooth.min.js
10220 silly gunzTarPerm extractEntry dist/esm/icons/align-center.js
10221 silly gunzTarPerm extractEntry dist/esm/icons/align-end-horizontal.js
10222 silly gunzTarPerm extractEntry lib/cartesian/CartesianAxis.js
10223 silly gunzTarPerm extractEntry es6/cartesian/CartesianGrid.js
10224 silly gunzTarPerm extractEntry lib/builders/validateNode.js
10225 silly gunzTarPerm extractEntry lib/path/family.js.map
10226 silly gunzTarPerm extractEntry lib/path/index.js
10227 silly gunzTarPerm extractEntry README.md
10228 silly gunzTarPerm extractEntry dist/remapping.mjs
10229 silly gentlyRm /Users/hyypucs/work/Antigravity2/ai_pkt/frontend/node_modules/.staging/@vitejs/plugin-react-720d5cb2/node_modules is being purged
10230 verbose gentlyRm don't care about contents; nuking /Users/hyypucs/work/Antigravity2/ai_pkt/frontend/node_modules/.staging/@vitejs/plugin-react-720d5cb2/node_modules
10231 silly gunzTarPerm extractEntry _asciiToArray.js
10232 silly gunzTarPerm extractEntry _asciiWords.js
10233 silly gunzTarPerm extractEntry lib/builders/validateNode.js.map
10234 silly gentlyRm /Users/hyypucs/work/Antigravity2/ai_pkt/frontend/node_modules/.staging/esbuild-cb60457f/node_modules is being purged
10235 verbose gentlyRm don't care about contents; nuking /Users/hyypucs/work/Antigravity2/ai_pkt/frontend/node_modules/.staging/esbuild-cb60457f/node_modules
10236 silly gunzTarPerm extractEntry lib/config/files/utils.js
10237 silly gunzTarPerm extractEntry lib/config/files/utils.js.map
10238 silly gunzTarPerm extractEntry lib/config/full.js
10239 silly gentlyRm /Users/hyypucs/work/Antigravity2/ai_pkt/frontend/node_modules/.staging/@babel/helper-validator-option-65d355c7/node_modules is being purged
10240 verbose gentlyRm don't care about contents; nuking /Users/hyypucs/work/Antigravity2/ai_pkt/frontend/node_modules/.staging/@babel/helper-validator-option-65d355c7/node_modules
10241 silly gunzTarPerm extractEntry src/greatest.js
10242 silly gunzTarPerm extractEntry src/greatestIndex.js
10243 silly gunzTarPerm extractEntry src/group.js
10244 silly gunzTarPerm extractEntry lib/generators/statements.js.map
10245 silly gunzTarPerm extractEntry lib/generators/template-literals.js
10246 silly gunzTarPerm extractEntry src/symbol/cross.js
10247 silly gunzTarPerm extractEntry dist/d3-shape.js
10248 silly gunzTarPerm extractEntry lib/helpers/assertThisInitialized.js
10249 silly gunzTarPerm extractEntry lib/helpers/assertThisInitialized.js.map
10250 silly gunzTarPerm extractEntry lib/clone/clone.js
10251 silly gunzTarPerm extractEntry cjs/react-dom-server.browser.production.min.js
10252 silly gunzTarPerm extractEntry data/regions/alt-sa.js
10253 silly gunzTarPerm extractEntry data/regions/alt-ww.js
10254 silly gunzTarPerm extractEntry data/features/alternate-stylesheet.js
10255 silly gunzTarPerm extractEntry lib-vendor/d3-interpolate/src/array.js
10256 silly gunzTarPerm extractEntry lib-vendor/d3-shape/src/array.js
10257 silly gunzTarPerm extractEntry url-alphabet/package.json
10258 silly gunzTarPerm extractEntry README.md
10259 silly gunzTarPerm extractEntry locale/hr-HR.json
10260 silly gunzTarPerm extractEntry locale/hu-HU.json
10261 silly gunzTarPerm extractEntry lib/config/full.js.map
10262 silly gunzTarPerm extractEntry src/groupSort.js
10263 silly gentlyRm /Users/hyypucs/work/Antigravity2/ai_pkt/frontend/node_modules/.staging/d3-timer-26193b56/node_modules is being purged
10264 verbose gentlyRm don't care about contents; nuking /Users/hyypucs/work/Antigravity2/ai_pkt/frontend/node_modules/.staging/d3-timer-26193b56/node_modules
10265 silly gunzTarPerm extractEntry lib/clone/clone.js.map
10266 silly gentlyRm /Users/hyypucs/work/Antigravity2/ai_pkt/frontend/node_modules/.staging/react-is-90524138/node_modules is being purged
10267 verbose gentlyRm don't care about contents; nuking /Users/hyypucs/work/Antigravity2/ai_pkt/frontend/node_modules/.staging/react-is-90524138/node_modules
10268 silly gunzTarPerm extractEntry data/regions/AM.js
10269 silly gentlyRm /Users/hyypucs/work/Antigravity2/ai_pkt/frontend/node_modules/.staging/@babel/helper-validator-identifier-5261f83e/node_modules is being purged
10270 verbose gentlyRm don't care about contents; nuking /Users/hyypucs/work/Antigravity2/ai_pkt/frontend/node_modules/.staging/@babel/helper-validator-identifier-5261f83e/node_modules
10271 silly gunzTarPerm extractEntry umd/RechartsScale.min.js.LICENSE.txt
10272 silly gunzTarPerm extractEntry locale/ar-DJ.json
10273 silly gunzTarPerm extractEntry locale/ar-DZ.json
10274 silly gunzTarPerm extractEntry helpers/checkPrivateRedeclaration.js
10275 silly gunzTarPerm extractEntry helpers/classApplyDescriptorDestructureSet.js
10276 silly gunzTarPerm extractEntry src/identity.js
10277 silly gunzTarPerm extractEntry umd/react-dom-server.browser.production.min.js
10278 silly gunzTarPerm extractEntry lib/stringify.js
10279 silly gunzTarPerm extractEntry lib/symbols.js
10280 silly gunzTarPerm extractEntry es6/setRafTimeout.js
10281 silly gunzTarPerm extractEntry lib/setRafTimeout.js
10282 silly gunzTarPerm extractEntry dist/esm/icons/align-end-vertical.js
10283 silly gunzTarPerm extractEntry dist/esm/icons/align-horizontal-distribute-center.js
10284 silly gentlyRm /Users/hyypucs/work/Antigravity2/ai_pkt/frontend/node_modules/.staging/react-refresh-e6c4b4ab/node_modules is being purged
10285 verbose gentlyRm don't care about contents; nuking /Users/hyypucs/work/Antigravity2/ai_pkt/frontend/node_modules/.staging/react-refresh-e6c4b4ab/node_modules
10286 silly gunzTarPerm extractEntry types/strip-filename.d.cts.map
10287 silly gunzTarPerm extractEntry types/strip-filename.d.mts.map
10288 silly gunzTarPerm extractEntry types/build-source-map-tree.d.mts
10289 silly gunzTarPerm extractEntry types/remapping.d.mts
10290 silly gentlyRm /Users/hyypucs/work/Antigravity2/ai_pkt/frontend/node_modules/.staging/clsx-a6bd0328/node_modules is being purged
10291 verbose gentlyRm don't care about contents; nuking /Users/hyypucs/work/Antigravity2/ai_pkt/frontend/node_modules/.staging/clsx-a6bd0328/node_modules
10292 silly gunzTarPerm extractEntry lib/cartesian/CartesianGrid.js
10293 silly gunzTarPerm extractEntry lib/clone/cloneDeep.js
10294 silly gunzTarPerm extractEntry _assignMergeValue.js
10295 silly gunzTarPerm extractEntry _assignValue.js
10296 silly gunzTarPerm extractEntry es6/util/CartesianUtils.js
10297 silly gunzTarPerm extractEntry lib/path/index.js.map
10298 silly gunzTarPerm extractEntry lib/path/inference/index.js
10299 silly gunzTarPerm extractEntry lib/clone/cloneDeep.js.map
10300 silly gunzTarPerm extractEntry cjs/react-dom-server.node.development.js
10301 silly gunzTarPerm extractEntry lib/generators/template-literals.js.map
10302 silly gunzTarPerm extractEntry lib/generators/types.js
10303 silly gunzTarPerm extractEntry lib/generators/types.js.map
10304 silly gunzTarPerm extractEntry dist/d3-shape.min.js
10305 silly gunzTarPerm extractEntry src/descending.js
10306 silly gunzTarPerm extractEntry lib/helpers/asyncGeneratorDelegate.js
10307 silly gunzTarPerm extractEntry lib/helpers/asyncGeneratorDelegate.js.map
10308 silly gunzTarPerm extractEntry lib/config/helpers/config-api.js
10309 silly gunzTarPerm extractEntry lib/config/helpers/config-api.js.map
10310 silly gunzTarPerm extractEntry dist/es/parseAst.js
10311 silly gunzTarPerm extractEntry lib/clone/cloneDeepWithoutLoc.js
10312 silly gunzTarPerm extractEntry async/index.d.ts
10313 silly gunzTarPerm extractEntry index.d.ts
10314 silly gunzTarPerm extractEntry locale/it-IT.json
10315 silly gunzTarPerm extractEntry locale/ja-JP.json
10316 silly gunzTarPerm extractEntry lib-vendor/d3-array/src/ascending.js
10317 silly gunzTarPerm extractEntry lib-vendor/d3-shape/src/order/ascending.js
10318 silly gunzTarPerm extractEntry locale/ar-EG.json
10319 silly gunzTarPerm extractEntry locale/ar-EH.json
10320 silly gunzTarPerm extractEntry lib/generators/typescript.js
10321 silly gunzTarPerm extractEntry helpers/classApplyDescriptorGet.js
10322 silly gunzTarPerm extractEntry helpers/classApplyDescriptorSet.js
10323 silly gunzTarPerm extractEntry lib/clone/cloneDeepWithoutLoc.js.map
10324 silly gunzTarPerm extractEntry data/features/ambient-light.js
10325 silly gunzTarPerm extractEntry lib/terminal-highlight.js
10326 silly gunzTarPerm extractEntry lib/tokenize.js
10327 silly gunzTarPerm extractEntry dist/esm/icons/align-horizontal-distribute-end.js
10328 silly gunzTarPerm extractEntry dist/esm/icons/align-horizontal-distribute-start.js
10329 silly gunzTarPerm extractEntry src/setRafTimeout.js
10330 silly gunzTarPerm extractEntry es6/util.js
10331 silly gunzTarPerm extractEntry types/trace-mapping.d.cts.map
10332 silly gunzTarPerm extractEntry types/trace-mapping.d.mts.map
10333 silly gentlyRm /Users/hyypucs/work/Antigravity2/ai_pkt/frontend/node_modules/.staging/baseline-browser-mapping-cde011e1/node_modules is being purged
10334 verbose gentlyRm don't care about contents; nuking /Users/hyypucs/work/Antigravity2/ai_pkt/frontend/node_modules/.staging/baseline-browser-mapping-cde011e1/node_modules
10335 silly gunzTarPerm extractEntry lib/clone/cloneNode.js
10336 silly gunzTarPerm extractEntry types/source-map-tree.d.mts
10337 silly gunzTarPerm extractEntry types/source-map.d.mts
10338 silly gunzTarPerm extractEntry src/index.js
10339 silly gunzTarPerm extractEntry src/intersection.js
10340 silly gunzTarPerm extractEntry src/least.js
10341 silly gunzTarPerm extractEntry _assocIndexOf.js
10342 silly gunzTarPerm extractEntry _baseAggregator.js
10343 silly gunzTarPerm extractEntry lib/util/CartesianUtils.js
10344 silly gunzTarPerm extractEntry es6/component/Cell.js
10345 silly gunzTarPerm extractEntry lib/component/Cell.js
10346 silly gentlyRm /Users/hyypucs/work/Antigravity2/ai_pkt/frontend/node_modules/.staging/escalade-92f3a6f7/node_modules is being purged
10347 verbose gentlyRm don't care about contents; nuking /Users/hyypucs/work/Antigravity2/ai_pkt/frontend/node_modules/.staging/escalade-92f3a6f7/node_modules
10348 silly gunzTarPerm extractEntry lib/clone/cloneNode.js.map
10349 silly gunzTarPerm extractEntry lib/path/inference/index.js.map
10350 silly gunzTarPerm extractEntry lib/path/inference/inferer-reference.js
10351 silly gunzTarPerm extractEntry es6/context/chartLayoutContext.js
10352 silly gunzTarPerm extractEntry src/order/descending.js
10353 silly gunzTarPerm extractEntry src/symbol/diamond.js
10354 silly gunzTarPerm extractEntry lib/clone/cloneWithoutLoc.js
10355 silly gunzTarPerm extractEntry lib/helpers/asyncIterator.js
10356 silly gunzTarPerm extractEntry lib/helpers/asyncIterator.js.map
10357 silly gunzTarPerm extractEntry dist/es/shared/parseAst.js
10358 silly gentlyRm /Users/hyypucs/work/Antigravity2/ai_pkt/frontend/node_modules/.staging/d3-color-7d3eb6b6/node_modules is being purged
10359 verbose gentlyRm don't care about contents; nuking /Users/hyypucs/work/Antigravity2/ai_pkt/frontend/node_modules/.staging/d3-color-7d3eb6b6/node_modules
10360 silly gunzTarPerm extractEntry dist/parseAst.js
10361 silly gunzTarPerm extractEntry non-secure/index.d.ts
10362 silly gunzTarPerm extractEntry locale/ko-KR.json
10363 silly gunzTarPerm extractEntry locale/mk-MK.json
10364 silly gunzTarPerm extractEntry helpers/classCallCheck.js
10365 silly gunzTarPerm extractEntry helpers/classCheckPrivateStaticAccess.js
10366 silly gunzTarPerm extractEntry locale/ar-ER.json
10367 silly gunzTarPerm extractEntry locale/ar-IL.json
10368 silly gunzTarPerm extractEntry lib/generators/typescript.js.map
10369 silly gunzTarPerm extractEntry cjs/react-dom-server.node.production.min.js
10370 silly gunzTarPerm extractEntry lib/clone/cloneWithoutLoc.js.map
10371 silly gunzTarPerm extractEntry lib/config/helpers/deep-array.js
10372 silly gunzTarPerm extractEntry lib/config/helpers/deep-array.js.map
10373 silly gunzTarPerm extractEntry lib/config/helpers/environment.js
10374 silly gunzTarPerm extractEntry lib-vendor/d3-shape/src/symbol/asterisk.js
10375 silly gunzTarPerm extractEntry lib-vendor/d3-ease/src/back.js
10376 silly gentlyRm /Users/hyypucs/work/Antigravity2/ai_pkt/frontend/node_modules/.staging/@babel/helper-module-imports-2fb2a5d4/node_modules is being purged
10377 verbose gentlyRm don't care about contents; nuking /Users/hyypucs/work/Antigravity2/ai_pkt/frontend/node_modules/.staging/@babel/helper-module-imports-2fb2a5d4/node_modules
10378 silly gunzTarPerm extractEntry lib/warn-once.js
10379 silly gunzTarPerm extractEntry lib/warning.js
10380 silly gunzTarPerm extractEntry dist/esm/icons/align-horizontal-justify-center.js
10381 silly gunzTarPerm extractEntry dist/esm/icons/align-horizontal-justify-end.js
10382 silly gunzTarPerm extractEntry lib/util.js
10383 silly gunzTarPerm extractEntry src/util.js
10384 silly gunzTarPerm extractEntry lib/config/helpers/environment.js.map
10385 silly gunzTarPerm extractEntry dist/trace-mapping.mjs.map
10386 silly gunzTarPerm extractEntry dist/trace-mapping.umd.js.map
10387 silly gunzTarPerm extractEntry cjs/react-dom-test-utils.development.js
10388 silly gunzTarPerm extractEntry _baseAssign.js
10389 silly gunzTarPerm extractEntry _baseAssignIn.js
10390 silly gunzTarPerm extractEntry types/types.d.mts
10391 silly gunzTarPerm extractEntry src/build-source-map-tree.ts
10392 silly gunzTarPerm extractEntry src/leastIndex.js
10393 silly gunzTarPerm extractEntry src/map.js
10394 silly gentlyRm /Users/hyypucs/work/Antigravity2/ai_pkt/frontend/node_modules/.staging/browserslist-3130500b/node_modules is being purged
10395 verbose gentlyRm don't care about contents; nuking /Users/hyypucs/work/Antigravity2/ai_pkt/frontend/node_modules/.staging/browserslist-3130500b/node_modules
10396 silly gunzTarPerm extractEntry data/regions/AO.js
10397 silly gunzTarPerm extractEntry data/features/apng.js
10398 silly gunzTarPerm extractEntry lib/path/inference/inferer-reference.js.map
10399 silly gunzTarPerm extractEntry lib/path/inference/inferers.js
10400 silly gunzTarPerm extractEntry dist/shared/parseAst.js
10401 silly gunzTarPerm extractEntry dist/es/rollup.js
10402 silly gunzTarPerm extractEntry dist/rollup.js
10403 silly gunzTarPerm extractEntry src/symbol/diamond2.js
10404 silly gunzTarPerm extractEntry src/offset/diverging.js
10405 silly gunzTarPerm extractEntry locale/nb-NO.json
10406 silly gunzTarPerm extractEntry locale/nl-BE.json
10407 silly gunzTarPerm extractEntry lib/helpers/asyncToGenerator.js
10408 silly gunzTarPerm extractEntry lib/helpers/asyncToGenerator.js.map
10409 silly gunzTarPerm extractEntry umd/react-dom-test-utils.development.js
10410 silly gunzTarPerm extractEntry helpers/classCheckPrivateStaticFieldDescriptor.js
10411 silly gunzTarPerm extractEntry helpers/classExtractFieldDescriptor.js
10412 silly gunzTarPerm extractEntry locale/ar-IQ.json
10413 silly gunzTarPerm extractEntry locale/ar-JO.json
10414 silly gunzTarPerm extractEntry lib/context/chartLayoutContext.js
10415 silly gunzTarPerm extractEntry es6/util/ChartUtils.js
10416 silly gunzTarPerm extractEntry lib/util/ChartUtils.js
10417 silly gunzTarPerm extractEntry dist/shared/rollup.js
10418 silly gunzTarPerm extractEntry lib/index.js
10419 silly gunzTarPerm extractEntry lib/index.js.map
10420 silly gunzTarPerm extractEntry es6/chart/ComposedChart.js
10421 silly gunzTarPerm extractEntry lib/comments/addComment.js
10422 silly gunzTarPerm extractEntry lib/comments/addComment.js.map
10423 silly gunzTarPerm extractEntry lib-vendor/d3-scale/src/band.js
10424 silly gunzTarPerm extractEntry lib-vendor/d3-interpolate/src/basis.js
10425 silly gentlyRm /Users/hyypucs/work/Antigravity2/ai_pkt/frontend/node_modules/.staging/decimal.js-light-c982a3f7/node_modules is being purged
10426 verbose gentlyRm don't care about contents; nuking /Users/hyypucs/work/Antigravity2/ai_pkt/frontend/node_modules/.staging/decimal.js-light-c982a3f7/node_modules
10427 silly gunzTarPerm extractEntry lib/node/index.js
10428 silly gunzTarPerm extractEntry dist/esm/icons/align-horizontal-justify-start.js
10429 silly gunzTarPerm extractEntry dist/esm/icons/align-horizontal-space-around.js
10430 silly gunzTarPerm extractEntry package.json
10431 silly gunzTarPerm extractEntry README.md
10432 silly gunzTarPerm extractEntry lib/config/index.js
10433 silly gunzTarPerm extractEntry package.json
10434 silly gunzTarPerm extractEntry CHANGELOG.md
10435 silly gunzTarPerm extractEntry src/max.js
10436 silly gunzTarPerm extractEntry src/maxIndex.js
10437 silly gunzTarPerm extractEntry types/types.d.cts.map
10438 silly gunzTarPerm extractEntry types/types.d.mts.map
10439 silly gunzTarPerm extractEntry lib/config/index.js.map
10440 silly gunzTarPerm extractEntry src/remapping.ts
10441 silly gunzTarPerm extractEntry src/source-map-tree.ts
10442 silly gunzTarPerm extractEntry _baseAssignValue.js
10443 silly gunzTarPerm extractEntry _baseAt.js
10444 silly gunzTarPerm extractEntry lib/node/index.js.map
10445 silly gunzTarPerm extractEntry data/regions/AR.js
10446 silly gunzTarPerm extractEntry data/features/array-find-index.js
10447 silly gentlyRm /Users/hyypucs/work/Antigravity2/ai_pkt/frontend/node_modules/.staging/prop-types-ca123694/node_modules is being purged
10448 verbose gentlyRm don't care about contents; nuking /Users/hyypucs/work/Antigravity2/ai_pkt/frontend/node_modules/.staging/prop-types-ca123694/node_modules
10449 silly gunzTarPerm extractEntry lib/path/inference/inferers.js.map
10450 silly gunzTarPerm extractEntry lib/path/inference/util.js
10451 silly gentlyRm /Users/hyypucs/work/Antigravity2/ai_pkt/frontend/node_modules/.staging/tiny-invariant-5a0eb601/node_modules is being purged
10452 verbose gentlyRm don't care about contents; nuking /Users/hyypucs/work/Antigravity2/ai_pkt/frontend/node_modules/.staging/tiny-invariant-5a0eb601/node_modules
10453 silly gunzTarPerm extractEntry locale/nl-NL.json
10454 silly gunzTarPerm extractEntry package.json
10455 silly gunzTarPerm extractEntry helpers/classNameTDZError.js
10456 silly gunzTarPerm extractEntry helpers/classPrivateFieldDestructureSet.js
10457 silly gunzTarPerm extractEntry locale/ar-KM.json
10458 silly gunzTarPerm extractEntry locale/ar-KW.json
10459 silly gunzTarPerm extractEntry src/offset/expand.js
10460 silly gunzTarPerm extractEntry src/identity.js
10461 silly gunzTarPerm extractEntry cjs/react-dom-test-utils.production.min.js
10462 silly gunzTarPerm extractEntry umd/react-dom-test-utils.production.min.js
10463 silly gunzTarPerm extractEntry lib/helpers/awaitAsyncGenerator.js
10464 silly gunzTarPerm extractEntry lib/helpers/awaitAsyncGenerator.js.map
10465 silly gunzTarPerm extractEntry lib/helpers/callSuper.js
10466 silly gunzTarPerm extractEntry cjs/react-dom.development.js
10467 silly gunzTarPerm extractEntry lib/helpers/callSuper.js.map
10468 silly gunzTarPerm extractEntry dist/esm/icons/align-horizontal-space-between.js
10469 silly gunzTarPerm extractEntry dist/esm/icons/align-justify.js
10470 silly gunzTarPerm extractEntry lib/config/item.js
10471 silly gunzTarPerm extractEntry lib/config/item.js.map
10472 silly gunzTarPerm extractEntry src/mean.js
10473 silly gunzTarPerm extractEntry src/median.js
10474 silly gunzTarPerm extractEntry README.md
10475 silly gunzTarPerm extractEntry dist/trace-mapping.mjs
10476 silly gunzTarPerm extractEntry lib/postcss.mjs
10477 silly gunzTarPerm extractEntry lib/postcss.d.mts
10478 silly gunzTarPerm extractEntry lib/helpers/checkInRHS.js
10479 silly gunzTarPerm extractEntry README.md
10480 silly gunzTarPerm extractEntry lib/chart/ComposedChart.js
10481 silly gunzTarPerm extractEntry es6/util/Constants.js
10482 silly gunzTarPerm extractEntry _baseClamp.js
10483 silly gunzTarPerm extractEntry _baseClone.js
10484 silly gunzTarPerm extractEntry src/source-map.ts
10485 silly gunzTarPerm extractEntry src/types.ts
10486 silly gunzTarPerm extractEntry lib/node/parentheses.js
10487 silly gunzTarPerm extractEntry lib/node/parentheses.js.map
10488 silly gunzTarPerm extractEntry lib-vendor/d3-shape/src/curve/basis.js
10489 silly gunzTarPerm extractEntry lib-vendor/d3-interpolate/src/basisClosed.js
10490 silly gunzTarPerm extractEntry package.json
10491 silly gunzTarPerm extractEntry lib/comments/addComments.js
10492 silly gunzTarPerm extractEntry lib/comments/addComments.js.map
10493 silly gunzTarPerm extractEntry locale/pl-PL.json
10494 silly gunzTarPerm extractEntry locale/pt-BR.json
10495 silly gunzTarPerm extractEntry data/features/array-find.js
10496 silly gunzTarPerm extractEntry data/features/array-flat.js
10497 silly gunzTarPerm extractEntry helpers/classPrivateFieldGet.js
10498 silly gunzTarPerm extractEntry helpers/classPrivateFieldGet2.js
10499 silly gunzTarPerm extractEntry lib/path/inference/util.js.map
10500 silly gunzTarPerm extractEntry lib/path/introspection.js
10501 silly gunzTarPerm extractEntry lib/path/introspection.js.map
10502 silly gunzTarPerm extractEntry locale/ar-LB.json
10503 silly gunzTarPerm extractEntry locale/ar-LY.json
10504 silly gunzTarPerm extractEntry typings/babel-parser.d.ts
10505 silly gunzTarPerm extractEntry src/index.js
10506 silly gunzTarPerm extractEntry src/order/insideOut.js
10507 silly gunzTarPerm extractEntry lib/path/lib/hoister.js
10508 silly gentlyRm /Users/hyypucs/work/Antigravity2/ai_pkt/frontend/node_modules/.staging/electron-to-chromium-be3fa45a/node_modules is being purged
10509 verbose gentlyRm don't care about contents; nuking /Users/hyypucs/work/Antigravity2/ai_pkt/frontend/node_modules/.staging/electron-to-chromium-be3fa45a/node_modules
10510 silly gunzTarPerm extractEntry types/binary-search.d.mts
10511 silly gunzTarPerm extractEntry types/by-source.d.mts
10512 silly gunzTarPerm extractEntry src/merge.js
10513 silly gunzTarPerm extractEntry src/min.js
10514 silly gunzTarPerm extractEntry dist/esm/icons/align-left.js
10515 silly gunzTarPerm extractEntry dist/esm/icons/align-right.js
10516 silly gunzTarPerm extractEntry lib/config/partial.js
10517 silly gunzTarPerm extractEntry lib/config/partial.js.map
10518 silly gunzTarPerm extractEntry lib/at-rule.d.ts
10519 silly gunzTarPerm extractEntry lib/comment.d.ts
10520 silly gunzTarPerm extractEntry _baseConforms.js
10521 silly gunzTarPerm extractEntry _baseConformsTo.js
10522 silly gunzTarPerm extractEntry lib/helpers/checkInRHS.js.map
10523 silly gunzTarPerm extractEntry lib/helpers/checkPrivateRedeclaration.js
10524 silly gunzTarPerm extractEntry lib/util/Constants.js
10525 silly gunzTarPerm extractEntry es6/shape/Cross.js
10526 silly gunzTarPerm extractEntry lib/nodes.js
10527 silly gunzTarPerm extractEntry lib/nodes.js.map
10528 silly gunzTarPerm extractEntry locale/ru-RU.json
10529 silly gunzTarPerm extractEntry locale/sv-SE.json
10530 silly gentlyRm /Users/hyypucs/work/Antigravity2/ai_pkt/frontend/node_modules/.staging/@babel/compat-data-76fac342/node_modules is being purged
10531 verbose gentlyRm don't care about contents; nuking /Users/hyypucs/work/Antigravity2/ai_pkt/frontend/node_modules/.staging/@babel/compat-data-76fac342/node_modules
10532 silly gunzTarPerm extractEntry lib/comments/inheritInnerComments.js
10533 silly gunzTarPerm extractEntry lib/comments/inheritInnerComments.js.map
10534 silly gunzTarPerm extractEntry helpers/classPrivateFieldInitSpec.js
10535 silly gunzTarPerm extractEntry helpers/classPrivateFieldLooseBase.js
10536 silly gunzTarPerm extractEntry locale/ar-MA.json
10537 silly gunzTarPerm extractEntry locale/ar-MR.json
10538 silly gunzTarPerm extractEntry data/features/array-includes.js
10539 silly gunzTarPerm extractEntry data/features/arrow-functions.js
10540 silly gunzTarPerm extractEntry src/line.js
10541 silly gunzTarPerm extractEntry src/curve/linear.js
10542 silly gunzTarPerm extractEntry lib/path/lib/hoister.js.map
10543 silly gunzTarPerm extractEntry lib/path/lib/removal-hooks.js
10544 silly gunzTarPerm extractEntry lib/path/lib/removal-hooks.js.map
10545 silly gunzTarPerm extractEntry lib-vendor/d3-shape/src/curve/basisClosed.js
10546 silly gunzTarPerm extractEntry lib-vendor/d3-shape/src/curve/basisOpen.js
10547 silly gunzTarPerm extractEntry types/flatten-map.d.mts
10548 silly gunzTarPerm extractEntry types/resolve.d.mts
10549 silly gunzTarPerm extractEntry src/minIndex.js
10550 silly gunzTarPerm extractEntry src/mode.js
10551 silly gunzTarPerm extractEntry dist/node/chunks/dep-D-7KCb9p.js
10552 silly gunzTarPerm extractEntry lib/path/lib/virtual-types-validator.js
10553 silly gunzTarPerm extractEntry dist/esm/icons/align-start-horizontal.js
10554 silly gunzTarPerm extractEntry dist/esm/icons/align-start-vertical.js
10555 silly gunzTarPerm extractEntry lib/config/pattern-to-regex.js
10556 silly gunzTarPerm extractEntry lib/config/pattern-to-regex.js.map
10557 silly gunzTarPerm extractEntry fp/_baseConvert.js
10558 silly gunzTarPerm extractEntry _baseCreate.js
10559 silly gunzTarPerm extractEntry lib/container.d.ts
10560 silly gunzTarPerm extractEntry lib/css-syntax-error.d.ts
10561 silly gunzTarPerm extractEntry lib/helpers/checkPrivateRedeclaration.js.map
10562 silly gunzTarPerm extractEntry lib/helpers/classApplyDescriptorDestructureSet.js
10563 silly gunzTarPerm extractEntry lib/helpers/classApplyDescriptorDestructureSet.js.map
10564 silly gunzTarPerm extractEntry lib/shape/Cross.js
10565 silly gunzTarPerm extractEntry es6/util/CssPrefixUtils.js
10566 silly gunzTarPerm extractEntry lib/util/CssPrefixUtils.js
10567 silly gunzTarPerm extractEntry locale/tr-TR.json
10568 silly gunzTarPerm extractEntry locale/uk-UA.json
10569 silly gunzTarPerm extractEntry lib/printer.js
10570 silly gunzTarPerm extractEntry lib/printer.js.map
10571 silly gunzTarPerm extractEntry lib/helpers/classApplyDescriptorGet.js
10572 silly gunzTarPerm extractEntry locale/ar-OM.json
10573 silly gunzTarPerm extractEntry locale/ar-PS.json
10574 silly gunzTarPerm extractEntry es6/component/Cursor.js
10575 silly gunzTarPerm extractEntry lib/comments/inheritLeadingComments.js
10576 silly gunzTarPerm extractEntry lib/comments/inheritLeadingComments.js.map
10577 silly gunzTarPerm extractEntry data/regions/AS.js
10578 silly gunzTarPerm extractEntry data/features/asmjs.js
10579 silly gunzTarPerm extractEntry helpers/classPrivateFieldLooseKey.js
10580 silly gunzTarPerm extractEntry helpers/classPrivateFieldSet.js
10581 silly gunzTarPerm extractEntry src/curve/linearClosed.js
10582 silly gunzTarPerm extractEntry src/lineRadial.js
10583 silly gunzTarPerm extractEntry types/sort.d.mts
10584 silly gunzTarPerm extractEntry types/sourcemap-segment.d.mts
10585 silly gunzTarPerm extractEntry src/nice.js
10586 silly gunzTarPerm extractEntry src/number.js
10587 silly gunzTarPerm extractEntry lib-vendor/d3-voronoi/src/Beach.js
10588 silly gunzTarPerm extractEntry lib-vendor/d3-array/src/bin.js
10589 silly gunzTarPerm extractEntry _baseDelay.js
10590 silly gunzTarPerm extractEntry _baseDifference.js
10591 silly gentlyRm /Users/hyypucs/work/Antigravity2/ai_pkt/frontend/node_modules/.staging/fast-equals-6b64c2ba/node_modules is being purged
10592 verbose gentlyRm don't care about contents; nuking /Users/hyypucs/work/Antigravity2/ai_pkt/frontend/node_modules/.staging/fast-equals-6b64c2ba/node_modules
10593 silly gunzTarPerm extractEntry lib/path/lib/virtual-types-validator.js.map
10594 silly gunzTarPerm extractEntry lib/path/lib/virtual-types.js
10595 silly gunzTarPerm extractEntry lib/path/lib/virtual-types.js.map
10596 silly gunzTarPerm extractEntry dist/esm/icons/align-vertical-distribute-center.js
10597 silly gunzTarPerm extractEntry dist/esm/icons/align-vertical-distribute-end.js
10598 silly gunzTarPerm extractEntry lib/config/plugin.js
10599 silly gunzTarPerm extractEntry lib/config/plugin.js.map
10600 silly gunzTarPerm extractEntry lib/declaration.d.ts
10601 silly gunzTarPerm extractEntry lib/document.d.ts
10602 silly gunzTarPerm extractEntry locale/zh-CN.json
10603 silly gunzTarPerm extractEntry locale/zh-TW.json
10604 silly gunzTarPerm extractEntry lib/path/modification.js
10605 silly gunzTarPerm extractEntry locale/ar-QA.json
10606 silly gunzTarPerm extractEntry locale/ar-SA.json
10607 silly gunzTarPerm extractEntry lib/comments/inheritTrailingComments.js
10608 silly gunzTarPerm extractEntry lib/comments/inheritTrailingComments.js.map
10609 silly gentlyRm /Users/hyypucs/work/Antigravity2/ai_pkt/frontend/node_modules/.staging/d3-ease-f952e8a9/node_modules is being purged
10610 verbose gentlyRm don't care about contents; nuking /Users/hyypucs/work/Antigravity2/ai_pkt/frontend/node_modules/.staging/d3-ease-f952e8a9/node_modules
10611 silly gunzTarPerm extractEntry lib/source-map.js
10612 silly gunzTarPerm extractEntry lib/helpers/classApplyDescriptorGet.js.map
10613 silly gunzTarPerm extractEntry lib/helpers/classApplyDescriptorSet.js
10614 silly gunzTarPerm extractEntry lib/path/modification.js.map
10615 silly gunzTarPerm extractEntry lib/component/Cursor.js
10616 silly gunzTarPerm extractEntry es6/shape/Curve.js
10617 silly gunzTarPerm extractEntry lib/shape/Curve.js
10618 silly gunzTarPerm extractEntry data/features/async-clipboard.js
10619 silly gunzTarPerm extractEntry data/features/async-functions.js
10620 silly gunzTarPerm extractEntry helpers/classPrivateFieldSet2.js
10621 silly gunzTarPerm extractEntry helpers/classPrivateGetter.js
10622 silly gunzTarPerm extractEntry types/strip-filename.d.mts
10623 silly gunzTarPerm extractEntry types/trace-mapping.d.mts
10624 silly gunzTarPerm extractEntry lib/path/removal.js
10625 silly gunzTarPerm extractEntry src/link.js
10626 silly gunzTarPerm extractEntry src/math.js
10627 silly gunzTarPerm extractEntry es6/component/Customized.js
10628 silly gunzTarPerm extractEntry src/pairs.js
10629 silly gunzTarPerm extractEntry src/permute.js
10630 silly gunzTarPerm extractEntry lib-vendor/d3-array/src/bisect.js
10631 silly gunzTarPerm extractEntry lib-vendor/d3-array/src/bisector.js
10632 silly gunzTarPerm extractEntry _baseEach.js
10633 silly gunzTarPerm extractEntry _baseEachRight.js
10634 silly gunzTarPerm extractEntry dist/esm/icons/align-vertical-distribute-start.js
10635 silly gunzTarPerm extractEntry dist/esm/icons/align-vertical-justify-center.js
10636 silly gunzTarPerm extractEntry lib/config/printer.js
10637 silly gunzTarPerm extractEntry lib/config/printer.js.map
10638 silly gunzTarPerm extractEntry README.md
10639 silly gentlyRm /Users/hyypucs/work/Antigravity2/ai_pkt/frontend/node_modules/.staging/@babel/helper-compilation-targets-42f76efa/node_modules is being purged
10640 verbose gentlyRm don't care about contents; nuking /Users/hyypucs/work/Antigravity2/ai_pkt/frontend/node_modules/.staging/@babel/helper-compilation-targets-42f76efa/node_modules
10641 silly gunzTarPerm extractEntry lib/fromJSON.d.ts
10642 silly gunzTarPerm extractEntry lib/input.d.ts
10643 silly gentlyRm /Users/hyypucs/work/Antigravity2/ai_pkt/frontend/node_modules/.staging/d3-time-f60dc8e0/node_modules is being purged
10644 verbose gentlyRm don't care about contents; nuking /Users/hyypucs/work/Antigravity2/ai_pkt/frontend/node_modules/.staging/d3-time-f60dc8e0/node_modules
10645 silly gentlyRm /Users/hyypucs/work/Antigravity2/ai_pkt/frontend/node_modules/.staging/scheduler-69312336/node_modules is being purged
10646 verbose gentlyRm don't care about contents; nuking /Users/hyypucs/work/Antigravity2/ai_pkt/frontend/node_modules/.staging/scheduler-69312336/node_modules
10647 silly gunzTarPerm extractEntry locale/ar-SD.json
10648 silly gunzTarPerm extractEntry locale/ar-SO.json
10649 silly gunzTarPerm extractEntry lib/source-map.js.map
10650 silly gunzTarPerm extractEntry lib/token-map.js
10651 silly gunzTarPerm extractEntry dist/node/chunks/dep-Dnp7gl8U.js
10652 silly gunzTarPerm extractEntry lib/helpers/classApplyDescriptorSet.js.map
10653 silly gunzTarPerm extractEntry lib/helpers/classCallCheck.js
10654 silly gunzTarPerm extractEntry lib/helpers/classCallCheck.js.map
10655 silly gunzTarPerm extractEntry helpers/classPrivateMethodGet.js
10656 silly gunzTarPerm extractEntry helpers/classPrivateMethodInitSpec.js
10657 silly gunzTarPerm extractEntry types/types.d.mts
10658 silly gunzTarPerm extractEntry src/binary-search.ts
10659 silly gunzTarPerm extractEntry data/regions/AT.js
10660 silly gunzTarPerm extractEntry data/features/atob-btoa.js
10661 silly gunzTarPerm extractEntry src/quantile.js
10662 silly gunzTarPerm extractEntry src/quickselect.js
10663 silly gunzTarPerm extractEntry lib/comments/inheritsComments.js
10664 silly gunzTarPerm extractEntry lib/comments/inheritsComments.js.map
10665 silly gunzTarPerm extractEntry lib/helpers/classCheckPrivateStaticAccess.js
10666 silly gunzTarPerm extractEntry lib/path/removal.js.map
10667 silly gunzTarPerm extractEntry lib/path/replacement.js
10668 silly gunzTarPerm extractEntry src/curve/monotone.js
10669 silly gunzTarPerm extractEntry src/curve/natural.js
10670 silly gunzTarPerm extractEntry lib/component/Customized.js
10671 silly gunzTarPerm extractEntry es6/util/DataUtils.js
10672 silly gunzTarPerm extractEntry lib-vendor/d3-ease/src/bounce.js
10673 silly gunzTarPerm extractEntry lib-vendor/d3-shape/src/curve/bump.js
10674 silly gunzTarPerm extractEntry _baseEvery.js
10675 silly gunzTarPerm extractEntry _baseExtremum.js
10676 silly gunzTarPerm extractEntry dist/esm/icons/align-vertical-justify-end.js
10677 silly gunzTarPerm extractEntry dist/esm/icons/align-vertical-justify-start.js
10678 silly gunzTarPerm extractEntry lib/config/resolve-targets-browser.js
10679 silly gunzTarPerm extractEntry lib/config/resolve-targets-browser.js.map
10680 silly gentlyRm /Users/hyypucs/work/Antigravity2/ai_pkt/frontend/node_modules/.staging/@babel/helper-module-transforms-015b5446/node_modules is being purged
10681 verbose gentlyRm don't care about contents; nuking /Users/hyypucs/work/Antigravity2/ai_pkt/frontend/node_modules/.staging/@babel/helper-module-transforms-015b5446/node_modules
10682 silly gunzTarPerm extractEntry lib/lazy-result.d.ts
10683 silly gunzTarPerm extractEntry lib/list.d.ts
10684 silly gunzTarPerm extractEntry locale/ar-SS.json
10685 silly gunzTarPerm extractEntry locale/ar-SY.json
10686 silly gentlyRm /Users/hyypucs/work/Antigravity2/ai_pkt/frontend/node_modules/.staging/source-map-js-ca26e6a5/node_modules is being purged
10687 verbose gentlyRm don't care about contents; nuking /Users/hyypucs/work/Antigravity2/ai_pkt/frontend/node_modules/.staging/source-map-js-ca26e6a5/node_modules
10688 silly gunzTarPerm extractEntry helpers/classPrivateMethodSet.js
10689 silly gunzTarPerm extractEntry helpers/classPrivateSetter.js
10690 silly gunzTarPerm extractEntry lib/token-map.js.map
10691 silly gunzTarPerm extractEntry package.json
10692 silly gunzTarPerm extractEntry src/by-source.ts
10693 silly gunzTarPerm extractEntry src/flatten-map.ts
10694 silly gunzTarPerm extractEntry data/regions/AU.js
10695 silly gunzTarPerm extractEntry data/features/audio-api.js
10696 silly gunzTarPerm extractEntry src/offset/none.js
10697 silly gunzTarPerm extractEntry src/order/none.js
10698 silly gunzTarPerm extractEntry lib/comments/removeComments.js
10699 silly gunzTarPerm extractEntry lib/comments/removeComments.js.map
10700 silly gunzTarPerm extractEntry lib/constants/generated/index.js
10701 silly gunzTarPerm extractEntry lib/helpers/classCheckPrivateStaticAccess.js.map
10702 silly gunzTarPerm extractEntry lib/helpers/classCheckPrivateStaticFieldDescriptor.js
10703 silly gunzTarPerm extractEntry src/range.js
10704 silly gunzTarPerm extractEntry src/rank.js
10705 silly gunzTarPerm extractEntry _baseFill.js
10706 silly gunzTarPerm extractEntry _baseFilter.js
10707 silly gunzTarPerm extractEntry lib/path/replacement.js.map
10708 silly gunzTarPerm extractEntry lib/scope/binding.js
10709 silly gunzTarPerm extractEntry lib/scope/binding.js.map
10710 silly gunzTarPerm extractEntry lib/util/DataUtils.js
10711 silly gunzTarPerm extractEntry es6/component/DefaultLegendContent.js
10712 silly gunzTarPerm extractEntry dist/shared/watch-cli.js
10713 silly gunzTarPerm extractEntry lib-vendor/d3-shape/src/curve/bundle.js
10714 silly gunzTarPerm extractEntry lib-vendor/d3-shape/src/curve/cardinal.js
10715 silly gunzTarPerm extractEntry lib/constants/generated/index.js.map
10716 silly gunzTarPerm extractEntry lib/scope/index.js
10717 silly gentlyRm /Users/hyypucs/work/Antigravity2/ai_pkt/frontend/node_modules/.staging/@babel/template-c4ea2115/node_modules is being purged
10718 verbose gentlyRm don't care about contents; nuking /Users/hyypucs/work/Antigravity2/ai_pkt/frontend/node_modules/.staging/@babel/template-c4ea2115/node_modules
10719 silly gunzTarPerm extractEntry dist/es/shared/watch.js
10720 silly gunzTarPerm extractEntry dist/esm/icons/align-vertical-space-around.js
10721 silly gunzTarPerm extractEntry dist/esm/icons/align-vertical-space-between.js
10722 silly gunzTarPerm extractEntry lib/config/resolve-targets.js
10723 silly gunzTarPerm extractEntry lib/config/resolve-targets.js.map
10724 silly gunzTarPerm extractEntry lib/config/util.js
10725 silly gunzTarPerm extractEntry lib/constants/index.js
10726 silly gunzTarPerm extractEntry lib/no-work-result.d.ts
10727 silly gunzTarPerm extractEntry lib/node.d.ts
10728 silly gunzTarPerm extractEntry locale/ar-TD.json
10729 silly gunzTarPerm extractEntry locale/ar-TN.json
10730 silly gunzTarPerm extractEntry dist/node/chunks/dep-IQS-Za7F.js
10731 silly gunzTarPerm extractEntry helpers/classStaticPrivateFieldDestructureSet.js
10732 silly gunzTarPerm extractEntry helpers/classStaticPrivateFieldSpecGet.js
10733 silly gunzTarPerm extractEntry lib/config/util.js.map
10734 silly gunzTarPerm extractEntry lib/constants/index.js.map
10735 silly gunzTarPerm extractEntry src/resolve.ts
10736 silly gunzTarPerm extractEntry src/sort.ts
10737 silly gunzTarPerm extractEntry dist/node/index.js
10738 silly gunzTarPerm extractEntry src/noop.js
10739 silly gunzTarPerm extractEntry src/path.js
10740 silly gunzTarPerm extractEntry lib/converters/ensureBlock.js
10741 silly gunzTarPerm extractEntry data/features/audio.js
10742 silly gunzTarPerm extractEntry data/features/audiotracks.js
10743 silly gunzTarPerm extractEntry _baseFindIndex.js
10744 silly gunzTarPerm extractEntry _baseFindKey.js
10745 silly gunzTarPerm extractEntry src/reduce.js
10746 silly gunzTarPerm extractEntry src/reverse.js
10747 silly gunzTarPerm extractEntry lib/helpers/classCheckPrivateStaticFieldDescriptor.js.map
10748 silly gunzTarPerm extractEntry lib/helpers/classExtractFieldDescriptor.js
10749 silly gunzTarPerm extractEntry lib/helpers/classExtractFieldDescriptor.js.map
10750 silly gunzTarPerm extractEntry lib/converters/ensureBlock.js.map
10751 silly gunzTarPerm extractEntry lib/component/DefaultLegendContent.js
10752 silly gunzTarPerm extractEntry es6/component/DefaultTooltipContent.js
10753 silly gunzTarPerm extractEntry dist/node/runtime.js
10754 silly gunzTarPerm extractEntry lib/helpers/classNameTDZError.js
10755 silly gunzTarPerm extractEntry lib/scope/index.js.map
10756 silly gunzTarPerm extractEntry lib/scope/lib/renamer.js
10757 silly gunzTarPerm extractEntry lib/scope/lib/renamer.js.map
10758 silly gunzTarPerm extractEntry lib/scope/traverseForScope.js
10759 silly gunzTarPerm extractEntry lib/scope/traverseForScope.js.map
10760 silly gunzTarPerm extractEntry lib/traverse-node.js
10761 silly gunzTarPerm extractEntry lib/traverse-node.js.map
10762 silly gunzTarPerm extractEntry lib/types.js
10763 silly gunzTarPerm extractEntry lib/types.js.map
10764 silly gunzTarPerm extractEntry lib/visitors.js
10765 silly gunzTarPerm extractEntry lib/visitors.js.map
10766 silly gunzTarPerm extractEntry package.json
10767 silly gunzTarPerm extractEntry tsconfig.overrides.json
10768 silly gunzTarPerm extractEntry dist/esm/icons/ampersand.js
10769 silly gunzTarPerm extractEntry dist/esm/icons/ampersands.js
10770 silly gunzTarPerm extractEntry lib-vendor/d3-shape/src/curve/cardinalClosed.js
10771 silly gunzTarPerm extractEntry lib-vendor/d3-shape/src/curve/cardinalOpen.js
10772 silly gunzTarPerm extractEntry locale/ar-YE.json
10773 silly gunzTarPerm extractEntry locale/ca-ES.json
10774 silly gunzTarPerm extractEntry bin/vite.js
10775 silly gunzTarPerm extractEntry lib/parse.d.ts
10776 silly gunzTarPerm extractEntry lib/postcss.d.ts
10777 silly gunzTarPerm extractEntry helpers/classStaticPrivateFieldSpecSet.js
10778 silly gunzTarPerm extractEntry helpers/classStaticPrivateMethodGet.js
10779 silly gunzTarPerm extractEntry lib/config/validation/option-assertions.js
10780 silly gunzTarPerm extractEntry lib/config/validation/option-assertions.js.map
10781 silly gunzTarPerm extractEntry src/pie.js
10782 silly gunzTarPerm extractEntry src/symbol/plus.js
10783 silly gunzTarPerm extractEntry src/point.js
10784 silly gunzTarPerm extractEntry package.json
10785 silly gunzTarPerm extractEntry src/sourcemap-segment.ts
10786 silly gunzTarPerm extractEntry src/strip-filename.ts
10787 silly gunzTarPerm extractEntry src/pointRadial.js
10788 silly gunzTarPerm extractEntry data/features/autofocus.js
10789 silly gunzTarPerm extractEntry data/features/auxclick.js
10790 silly gunzTarPerm extractEntry types/package.json
10791 silly gunzTarPerm extractEntry _baseFlatten.js
10792 silly gunzTarPerm extractEntry _baseFor.js
10793 silly gunzTarPerm extractEntry umd/react-dom.development.js
10794 silly gunzTarPerm extractEntry src/scan.js
10795 silly gunzTarPerm extractEntry src/threshold/scott.js
10796 silly gunzTarPerm extractEntry lib/converters/gatherSequenceExpressions.js
10797 silly gunzTarPerm extractEntry lib/converters/gatherSequenceExpressions.js.map
10798 silly gunzTarPerm extractEntry lib/converters/toBindingIdentifierName.js
10799 silly gunzTarPerm extractEntry lib/component/DefaultTooltipContent.js
10800 silly gunzTarPerm extractEntry es6/util/DetectReferenceElementsDomain.js
10801 silly gunzTarPerm extractEntry src/curve/radial.js
10802 silly gunzTarPerm extractEntry LICENSE.md
10803 silly gunzTarPerm extractEntry dist/shared/watch.js
10804 silly gunzTarPerm extractEntry lib-vendor/d3-shape/src/curve/catmullRom.js
10805 silly gunzTarPerm extractEntry lib-vendor/d3-shape/src/curve/catmullRomClosed.js
10806 silly gunzTarPerm extractEntry lib/helpers/classNameTDZError.js.map
10807 silly gunzTarPerm extractEntry lib/helpers/classPrivateFieldDestructureSet.js
10808 silly gunzTarPerm extractEntry lib/converters/toBindingIdentifierName.js.map
10809 silly gunzTarPerm extractEntry locale/cs-CZ.json
10810 silly gunzTarPerm extractEntry locale/da-DK.json
10811 silly gunzTarPerm extractEntry src/order/reverse.js
10812 silly gunzTarPerm extractEntry dist/esm/icons/anchor.js
10813 silly gunzTarPerm extractEntry dist/esm/icons/angry.js
10814 silly gunzTarPerm extractEntry helpers/classStaticPrivateMethodSet.js
10815 silly gunzTarPerm extractEntry helpers/construct.js
10816 silly gunzTarPerm extractEntry lib/previous-map.d.ts
10817 silly gunzTarPerm extractEntry lib/processor.d.ts
10818 silly gunzTarPerm extractEntry lib/converters/toBlock.js
10819 silly gunzTarPerm extractEntry lib/config/validation/options.js
10820 silly gunzTarPerm extractEntry lib/config/validation/options.js.map
10821 silly gunzTarPerm extractEntry README.md
10822 silly gunzTarPerm extractEntry dist/es/package.json
10823 silly gunzTarPerm extractEntry lib/converters/toBlock.js.map
10824 silly gunzTarPerm extractEntry src/trace-mapping.ts
10825 silly gunzTarPerm extractEntry src/types.ts
10826 silly gentlyRm /Users/hyypucs/work/Antigravity2/ai_pkt/frontend/node_modules/.staging/recharts-scale-60cf0b2b/node_modules is being purged
10827 verbose gentlyRm don't care about contents; nuking /Users/hyypucs/work/Antigravity2/ai_pkt/frontend/node_modules/.staging/recharts-scale-60cf0b2b/node_modules
10828 silly gentlyRm /Users/hyypucs/work/Antigravity2/ai_pkt/frontend/node_modules/.staging/csstype-56e6a540/node_modules is being purged
10829 verbose gentlyRm don't care about contents; nuking /Users/hyypucs/work/Antigravity2/ai_pkt/frontend/node_modules/.staging/csstype-56e6a540/node_modules
10830 silly gunzTarPerm extractEntry dist/client/client.mjs
10831 silly gunzTarPerm extractEntry package.json
10832 silly gentlyRm /Users/hyypucs/work/Antigravity2/ai_pkt/frontend/node_modules/.staging/json5-ba6ee996/node_modules is being purged
10833 verbose gentlyRm don't care about contents; nuking /Users/hyypucs/work/Antigravity2/ai_pkt/frontend/node_modules/.staging/json5-ba6ee996/node_modules
10834 silly gunzTarPerm extractEntry data/features/av1.js
10835 silly gunzTarPerm extractEntry data/features/avif.js
10836 silly gunzTarPerm extractEntry src/shuffle.js
10837 silly gunzTarPerm extractEntry src/some.js
10838 silly gunzTarPerm extractEntry _baseForOwn.js
10839 silly gunzTarPerm extractEntry _baseForOwnRight.js
10840 silly gunzTarPerm extractEntry lib/converters/toComputedKey.js
10841 silly gunzTarPerm extractEntry dist/client/env.mjs
10842 silly gunzTarPerm extractEntry LICENSE.md
10843 silly gunzTarPerm extractEntry lib/util/DetectReferenceElementsDomain.js
10844 silly gunzTarPerm extractEntry es6/util/DOMUtils.js
10845 silly gunzTarPerm extractEntry lib/util/DOMUtils.js
10846 silly gunzTarPerm extractEntry lib-vendor/d3-shape/src/curve/catmullRomOpen.js
10847 silly gunzTarPerm extractEntry lib-vendor/d3-voronoi/src/Cell.js
10848 silly gunzTarPerm extractEntry lib/converters/toComputedKey.js.map
10849 silly gunzTarPerm extractEntry locale/de-CH.json
10850 silly gunzTarPerm extractEntry locale/de-DE.json
10851 silly gunzTarPerm extractEntry client.d.ts
10852 silly gunzTarPerm extractEntry README.md
10853 silly gunzTarPerm extractEntry lib/helpers/classPrivateFieldDestructureSet.js.map
10854 silly gunzTarPerm extractEntry lib/helpers/classPrivateFieldGet.js
10855 silly gunzTarPerm extractEntry lib/helpers/classPrivateFieldGet.js.map
10856 silly gunzTarPerm extractEntry helpers/createClass.js
10857 silly gunzTarPerm extractEntry helpers/createForOfIteratorHelper.js
10858 silly gunzTarPerm extractEntry es6/shape/Dot.js
10859 silly gunzTarPerm extractEntry dist/esm/icons/annoyed.js
10860 silly gunzTarPerm extractEntry dist/esm/icons/antenna.js
10861 silly gunzTarPerm extractEntry lib/result.d.ts
10862 silly gunzTarPerm extractEntry lib/root.d.ts
10863 silly gunzTarPerm extractEntry lib/converters/toExpression.js
10864 silly gunzTarPerm extractEntry types/customEvent.d.ts
10865 silly gunzTarPerm extractEntry dist/getLogFilter.d.ts
10866 silly gunzTarPerm extractEntry lib/config/validation/plugins.js
10867 silly gunzTarPerm extractEntry lib/config/validation/plugins.js.map
10868 silly gunzTarPerm extractEntry lib/helpers/classPrivateFieldGet2.js
10869 silly gunzTarPerm extractEntry src/offset/silhouette.js
10870 silly gunzTarPerm extractEntry src/symbol/square.js
10871 silly gunzTarPerm extractEntry src/symbol/square2.js
10872 silly gunzTarPerm extractEntry lib/converters/toExpression.js.map
10873 silly gunzTarPerm extractEntry types/hmrPayload.d.ts
10874 silly gunzTarPerm extractEntry dist/loadConfigFile.d.ts
10875 silly gunzTarPerm extractEntry data/regions/AW.js
10876 silly gunzTarPerm extractEntry data/regions/AX.js
10877 silly gunzTarPerm extractEntry src/stack.js
10878 silly gunzTarPerm extractEntry _baseForRight.js
10879 silly gunzTarPerm extractEntry _baseFunctions.js
10880 silly gunzTarPerm extractEntry lib/converters/toIdentifier.js
10881 silly gunzTarPerm extractEntry src/sort.js
10882 silly gunzTarPerm extractEntry src/threshold/sturges.js
10883 silly gunzTarPerm extractEntry types/hot.d.ts
10884 silly gunzTarPerm extractEntry lib-vendor/d3-ease/src/circle.js
10885 silly gunzTarPerm extractEntry lib-vendor/d3-shape/src/symbol/circle.js
10886 silly gentlyRm /Users/hyypucs/work/Antigravity2/ai_pkt/frontend/node_modules/.staging/react-a63d2ea3/node_modules is being purged
10887 verbose gentlyRm don't care about contents; nuking /Users/hyypucs/work/Antigravity2/ai_pkt/frontend/node_modules/.staging/react-a63d2ea3/node_modules
10888 silly gunzTarPerm extractEntry locale/en-CA.json
10889 silly gunzTarPerm extractEntry locale/en-GB.json
10890 silly gunzTarPerm extractEntry lib/converters/toIdentifier.js.map
10891 silly gunzTarPerm extractEntry types/import-meta.d.ts
10892 silly gunzTarPerm extractEntry dist/parseAst.d.ts
10893 silly gunzTarPerm extractEntry helpers/createForOfIteratorHelperLoose.js
10894 silly gunzTarPerm extractEntry helpers/createSuper.js
10895 silly gunzTarPerm extractEntry lib/rule.d.ts
10896 silly gunzTarPerm extractEntry lib/stringifier.d.ts
10897 silly gunzTarPerm extractEntry lib/converters/toKeyAlias.js
10898 silly gunzTarPerm extractEntry lib/shape/Dot.js
10899 silly gunzTarPerm extractEntry es6/cartesian/ErrorBar.js
10900 silly gunzTarPerm extractEntry lib/cartesian/ErrorBar.js
10901 silly gunzTarPerm extractEntry dist/esm/icons/anvil.js
10902 silly gunzTarPerm extractEntry dist/esm/icons/aperture.js
10903 silly gunzTarPerm extractEntry types/importGlob.d.ts
10904 silly gunzTarPerm extractEntry dist/rollup.d.ts
10905 silly gunzTarPerm extractEntry lib/helpers/classPrivateFieldGet2.js.map
10906 silly gunzTarPerm extractEntry lib/helpers/classPrivateFieldInitSpec.js
10907 silly gunzTarPerm extractEntry lib/converters/toKeyAlias.js.map
10908 silly gunzTarPerm extractEntry es6/util/Events.js
10909 silly gunzTarPerm extractEntry lib/config/validation/removed.js
10910 silly gunzTarPerm extractEntry lib/config/validation/removed.js.map
10911 silly gunzTarPerm extractEntry lib/errors/config-error.js
10912 silly gunzTarPerm extractEntry types/importMeta.d.ts
10913 silly gunzTarPerm extractEntry lib/converters/toSequenceExpression.js
10914 silly gunzTarPerm extractEntry src/subset.js
10915 silly gunzTarPerm extractEntry src/sum.js
10916 silly gunzTarPerm extractEntry data/regions/AZ.js
10917 silly gunzTarPerm extractEntry data/regions/BA.js
10918 silly gunzTarPerm extractEntry src/symbol/star.js
10919 silly gunzTarPerm extractEntry src/curve/step.js
10920 silly gunzTarPerm extractEntry _baseGet.js
10921 silly gunzTarPerm extractEntry _baseGetAllKeys.js
10922 silly gunzTarPerm extractEntry locale/en-IE.json
10923 silly gunzTarPerm extractEntry locale/en-IN.json
10924 silly gunzTarPerm extractEntry dist/node/index.d.ts
10925 silly gunzTarPerm extractEntry helpers/decorate.js
10926 silly gunzTarPerm extractEntry helpers/defaults.js
10927 silly gunzTarPerm extractEntry lib-vendor/d3-voronoi/src/Circle.js
10928 silly gunzTarPerm extractEntry lib-vendor/d3-color/src/color.js
10929 silly gunzTarPerm extractEntry lib/stringify.d.ts
10930 silly gunzTarPerm extractEntry lib/warning.d.ts
10931 silly gunzTarPerm extractEntry types/metadata.d.ts
10932 silly gunzTarPerm extractEntry dist/esm/icons/app-window.js
10933 silly gunzTarPerm extractEntry dist/esm/icons/apple.js
10934 silly gunzTarPerm extractEntry lib/helpers/classPrivateFieldInitSpec.js.map
10935 silly gunzTarPerm extractEntry lib/helpers/classPrivateFieldLooseBase.js
10936 silly gunzTarPerm extractEntry lib/helpers/classPrivateFieldLooseBase.js.map
10937 silly gunzTarPerm extractEntry dist/node/runtime.d.ts
10938 silly gunzTarPerm extractEntry lib/util/Events.js
10939 silly gunzTarPerm extractEntry es6/numberAxis/Funnel.js
10940 silly gunzTarPerm extractEntry lib/errors/config-error.js.map
10941 silly gunzTarPerm extractEntry lib/errors/rewrite-stack-trace.js
10942 silly gunzTarPerm extractEntry src/superset.js
10943 silly gunzTarPerm extractEntry src/ticks.js
10944 silly gunzTarPerm extractEntry data/features/background-attachment.js
10945 silly gunzTarPerm extractEntry data/features/background-clip-text.js
10946 silly gunzTarPerm extractEntry src/symbol.js
10947 silly gunzTarPerm extractEntry src/symbol/times.js
10948 silly gunzTarPerm extractEntry _baseGetTag.js
10949 silly gunzTarPerm extractEntry _baseGt.js
10950 silly gunzTarPerm extractEntry lib/helpers/classPrivateFieldLooseKey.js
10951 silly gunzTarPerm extractEntry lib/converters/toSequenceExpression.js.map
10952 silly gunzTarPerm extractEntry lib/converters/toStatement.js
10953 silly gunzTarPerm extractEntry lib/converters/toStatement.js.map
10954 silly gunzTarPerm extractEntry dist/node/types.d-aGj9QkWt.d.ts
10955 silly gunzTarPerm extractEntry locale/en-US.json
10956 silly gunzTarPerm extractEntry locale/es-BO.json
10957 silly gunzTarPerm extractEntry lib/converters/valueToNode.js
10958 silly gunzTarPerm extractEntry helpers/defineAccessor.js
10959 silly gunzTarPerm extractEntry helpers/defineEnumerableProperties.js
10960 silly gentlyRm /Users/hyypucs/work/Antigravity2/ai_pkt/frontend/node_modules/.staging/nanoid-b80c3066/node_modules is being purged
10961 verbose gentlyRm don't care about contents; nuking /Users/hyypucs/work/Antigravity2/ai_pkt/frontend/node_modules/.staging/nanoid-b80c3066/node_modules
10962 silly gunzTarPerm extractEntry lib-vendor/d3-interpolate/src/color.js
10963 silly gunzTarPerm extractEntry lib-vendor/d3-scale/src/colors.js
10964 silly gunzTarPerm extractEntry dist/esm/icons/archive-restore.js
10965 silly gunzTarPerm extractEntry dist/esm/icons/archive-x.js
10966 silly gunzTarPerm extractEntry lib/errors/rewrite-stack-trace.js.map
10967 silly gunzTarPerm extractEntry lib/gensync-utils/async.js
10968 silly gunzTarPerm extractEntry src/symbol/triangle.js
10969 silly gunzTarPerm extractEntry src/symbol/triangle2.js
10970 silly gunzTarPerm extractEntry _baseHas.js
10971 silly gunzTarPerm extractEntry _baseHasIn.js
10972 silly gunzTarPerm extractEntry lib/numberAxis/Funnel.js
10973 silly gunzTarPerm extractEntry es6/chart/FunnelChart.js
10974 silly gunzTarPerm extractEntry src/transpose.js
10975 silly gunzTarPerm extractEntry src/union.js
10976 silly gunzTarPerm extractEntry data/features/background-img-opts.js
10977 silly gunzTarPerm extractEntry data/features/background-position-x-y.js
10978 silly gunzTarPerm extractEntry lib/helpers/classPrivateFieldLooseKey.js.map
10979 silly gunzTarPerm extractEntry lib/helpers/classPrivateFieldSet.js
10980 silly gunzTarPerm extractEntry locale/es-ES.json
10981 silly gunzTarPerm extractEntry locale/es-MX.json
10982 silly gunzTarPerm extractEntry helpers/defineProperty.js
10983 silly gunzTarPerm extractEntry helpers/dispose.js
10984 silly gunzTarPerm extractEntry lib/converters/valueToNode.js.map
10985 silly gunzTarPerm extractEntry lib/definitions/core.js
10986 silly gunzTarPerm extractEntry lib/definitions/core.js.map
10987 silly gunzTarPerm extractEntry dist/esm/icons/archive.js
10988 silly gunzTarPerm extractEntry dist/esm/icons/area-chart.js
10989 silly gunzTarPerm extractEntry lib/definitions/deprecated-aliases.js
10990 silly gunzTarPerm extractEntry lib/gensync-utils/async.js.map
10991 silly gunzTarPerm extractEntry lib/gensync-utils/fs.js
10992 silly gunzTarPerm extractEntry src/offset/wiggle.js
10993 silly gunzTarPerm extractEntry src/symbol/wye.js
10994 silly gunzTarPerm extractEntry lib-vendor/d3-array/src/constant.js
10995 silly gunzTarPerm extractEntry lib-vendor/d3-interpolate/src/constant.js
10996 silly gunzTarPerm extractEntry src/variance.js
10997 silly gunzTarPerm extractEntry src/zip.js
10998 silly gunzTarPerm extractEntry data/features/background-repeat-round-space.js
10999 silly gunzTarPerm extractEntry data/features/background-sync.js
11000 silly gunzTarPerm extractEntry _baseIndexOf.js
11001 silly gunzTarPerm extractEntry _baseIndexOfWith.js
11002 silly gunzTarPerm extractEntry lib/chart/FunnelChart.js
11003 silly gunzTarPerm extractEntry es6/util/FunnelUtils.js
11004 silly gunzTarPerm extractEntry lib/util/FunnelUtils.js
11005 silly gunzTarPerm extractEntry lib/helpers/classPrivateFieldSet.js.map
11006 silly gunzTarPerm extractEntry lib/helpers/classPrivateFieldSet2.js
11007 silly gentlyRm /Users/hyypucs/work/Antigravity2/ai_pkt/frontend/node_modules/.staging/@jridgewell/sourcemap-codec-8610f45d/node_modules is being purged
11008 verbose gentlyRm don't care about contents; nuking /Users/hyypucs/work/Antigravity2/ai_pkt/frontend/node_modules/.staging/@jridgewell/sourcemap-codec-8610f45d/node_modules
11009 silly gunzTarPerm extractEntry helpers/esm/AwaitValue.js
11010 silly gunzTarPerm extractEntry helpers/esm/OverloadYield.js
11011 silly gunzTarPerm extractEntry locale/fi-FI.json
11012 silly gunzTarPerm extractEntry locale/fr-CA.json
11013 silly gunzTarPerm extractEntry package.json
11014 silly gunzTarPerm extractEntry README.md
11015 silly gunzTarPerm extractEntry lib-vendor/d3-scale/src/constant.js
11016 silly gunzTarPerm extractEntry lib-vendor/d3-shape/src/constant.js
11017 silly gunzTarPerm extractEntry dist/esm/icons/armchair.js
11018 silly gunzTarPerm extractEntry dist/esm/icons/arrow-big-down-dash.js
11019 silly gunzTarPerm extractEntry lib/definitions/deprecated-aliases.js.map
11020 silly gunzTarPerm extractEntry lib/definitions/experimental.js
11021 silly gunzTarPerm extractEntry lib/gensync-utils/fs.js.map
11022 silly gunzTarPerm extractEntry lib/gensync-utils/functional.js
11023 silly gunzTarPerm extractEntry package.json
11024 silly gunzTarPerm extractEntry README.md
11025 silly gunzTarPerm extractEntry _baseInRange.js
11026 silly gunzTarPerm extractEntry _baseIntersection.js
11027 silly gunzTarPerm extractEntry data/features/battery-status.js
11028 silly gunzTarPerm extractEntry data/regions/BB.js
11029 silly gunzTarPerm extractEntry es6/chart/generateCategoricalChart.js
11030 silly gunzTarPerm extractEntry lib/chart/generateCategoricalChart.js
11031 silly gunzTarPerm extractEntry locale/fr-FR.json
11032 silly gunzTarPerm extractEntry locale/he-IL.json
11033 silly gunzTarPerm extractEntry helpers/esm/applyDecoratedDescriptor.js
11034 silly gunzTarPerm extractEntry helpers/esm/applyDecs.js
11035 silly gunzTarPerm extractEntry lib/helpers/classPrivateFieldSet2.js.map
11036 silly gunzTarPerm extractEntry lib/helpers/classPrivateGetter.js
11037 silly gunzTarPerm extractEntry es6/util/cursor/getCursorPoints.js
11038 silly gunzTarPerm extractEntry lib/definitions/experimental.js.map
11039 silly gunzTarPerm extractEntry lib/definitions/flow.js
11040 silly gunzTarPerm extractEntry dist/esm/icons/arrow-big-down.js
11041 silly gunzTarPerm extractEntry dist/esm/icons/arrow-big-left-dash.js
11042 silly gunzTarPerm extractEntry data/regions/BD.js
11043 silly gunzTarPerm extractEntry data/regions/BE.js
11044 silly gunzTarPerm extractEntry locale/hu-HU.json
11045 silly gunzTarPerm extractEntry locale/it-IT.json
11046 silly gunzTarPerm extractEntry lib/gensync-utils/functional.js.map
11047 silly gunzTarPerm extractEntry lib/index.js
11048 silly gunzTarPerm extractEntry _baseInverter.js
11049 silly gunzTarPerm extractEntry _baseInvoke.js
11050 silly gunzTarPerm extractEntry helpers/esm/applyDecs2203.js
11051 silly gunzTarPerm extractEntry helpers/esm/applyDecs2203R.js
11052 silly gunzTarPerm extractEntry lib/helpers/classPrivateGetter.js.map
11053 silly gunzTarPerm extractEntry lib/helpers/classPrivateMethodGet.js
11054 silly gunzTarPerm extractEntry lib-vendor/d3-voronoi/src/constant.js
11055 silly gunzTarPerm extractEntry lib-vendor/d3-scale/src/continuous.js
11056 silly gunzTarPerm extractEntry lib/util/cursor/getCursorPoints.js
11057 silly gunzTarPerm extractEntry es6/util/cursor/getCursorRectangle.js
11058 silly gunzTarPerm extractEntry cjs/react-dom.production.min.js
11059 silly gentlyRm /Users/hyypucs/work/Antigravity2/ai_pkt/frontend/node_modules/.staging/@rollup/rollup-darwin-x64-ce41dc6e/node_modules is being purged
11060 verbose gentlyRm don't care about contents; nuking /Users/hyypucs/work/Antigravity2/ai_pkt/frontend/node_modules/.staging/@rollup/rollup-darwin-x64-ce41dc6e/node_modules
11061 silly gunzTarPerm extractEntry lib/definitions/flow.js.map
11062 silly gunzTarPerm extractEntry lib/definitions/index.js
11063 silly gunzTarPerm extractEntry data/features/beacon.js
11064 silly gunzTarPerm extractEntry data/features/beforeafterprint.js
11065 silly gunzTarPerm extractEntry locale/ja-JP.json
11066 silly gunzTarPerm extractEntry locale/ko-KR.json
11067 silly gunzTarPerm extractEntry dist/esm/icons/arrow-big-left.js
11068 silly gunzTarPerm extractEntry dist/esm/icons/arrow-big-right-dash.js
11069 silly gunzTarPerm extractEntry helpers/esm/applyDecs2301.js
11070 silly gunzTarPerm extractEntry helpers/esm/applyDecs2305.js
11071 silly gunzTarPerm extractEntry lib/helpers/classPrivateMethodGet.js.map
11072 silly gunzTarPerm extractEntry lib/helpers/classPrivateMethodInitSpec.js
11073 silly gunzTarPerm extractEntry lib-vendor/d3-array/src/count.js
11074 silly gunzTarPerm extractEntry lib-vendor/d3-array/src/cross.js
11075 silly gunzTarPerm extractEntry lib/index.js.map
11076 silly gunzTarPerm extractEntry lib/parse.js
11077 silly gunzTarPerm extractEntry lib/parse.js.map
11078 silly gunzTarPerm extractEntry _baseIsArguments.js
11079 silly gunzTarPerm extractEntry _baseIsArrayBuffer.js
11080 silly gunzTarPerm extractEntry lib/parser/index.js
11081 silly gunzTarPerm extractEntry umd/react-dom.production.min.js
11082 silly gunzTarPerm extractEntry lib/util/cursor/getCursorRectangle.js
11083 silly gunzTarPerm extractEntry es6/cartesian/getEquidistantTicks.js
11084 silly gunzTarPerm extractEntry lib/cartesian/getEquidistantTicks.js
11085 silly gunzTarPerm extractEntry es6/util/getEveryNthWithCondition.js
11086 silly gentlyRm /Users/hyypucs/work/Antigravity2/ai_pkt/frontend/node_modules/.staging/d3-scale-9cfb529f/node_modules is being purged
11087 verbose gentlyRm don't care about contents; nuking /Users/hyypucs/work/Antigravity2/ai_pkt/frontend/node_modules/.staging/d3-scale-9cfb529f/node_modules
11088 silly gunzTarPerm extractEntry data/regions/BF.js
11089 silly gunzTarPerm extractEntry data/regions/BG.js
11090 silly gunzTarPerm extractEntry locale/mk-MK.json
11091 silly gunzTarPerm extractEntry locale/nl-NL.json
11092 silly gunzTarPerm extractEntry helpers/esm/applyDecs2311.js
11093 silly gunzTarPerm extractEntry helpers/esm/arrayLikeToArray.js
11094 silly gunzTarPerm extractEntry lib/helpers/classPrivateMethodInitSpec.js.map
11095 silly gunzTarPerm extractEntry lib/helpers/classPrivateMethodSet.js
11096 silly gunzTarPerm extractEntry dist/esm/icons/arrow-big-right.js
11097 silly gunzTarPerm extractEntry dist/esm/icons/arrow-big-up-dash.js
11098 silly gunzTarPerm extractEntry lib/definitions/index.js.map
11099 silly gunzTarPerm extractEntry lib/definitions/jsx.js
11100 silly gunzTarPerm extractEntry _baseIsDate.js
11101 silly gunzTarPerm extractEntry _baseIsEqual.js
11102 silly gentlyRm /Users/hyypucs/work/Antigravity2/ai_pkt/frontend/node_modules/.staging/d3-interpolate-7f42084d/node_modules is being purged
11103 verbose gentlyRm don't care about contents; nuking /Users/hyypucs/work/Antigravity2/ai_pkt/frontend/node_modules/.staging/d3-interpolate-7f42084d/node_modules
11104 silly gunzTarPerm extractEntry lib-vendor/d3-shape/src/symbol/cross.js
11105 silly gunzTarPerm extractEntry lib-vendor/d3-color/src/cubehelix.js
11106 silly gunzTarPerm extractEntry lib/parser/index.js.map
11107 silly gunzTarPerm extractEntry lib/parser/util/missing-plugin-helper.js
11108 silly gunzTarPerm extractEntry cjs/react-dom.profiling.min.js
11109 silly gunzTarPerm extractEntry lib/util/getEveryNthWithCondition.js
11110 silly gunzTarPerm extractEntry es6/util/getLegendProps.js
11111 silly gunzTarPerm extractEntry data/regions/BH.js
11112 silly gunzTarPerm extractEntry data/regions/BI.js
11113 silly gunzTarPerm extractEntry package.json
11114 silly gunzTarPerm extractEntry locale/pl-PL.json
11115 silly gunzTarPerm extractEntry helpers/esm/arrayWithHoles.js
11116 silly gunzTarPerm extractEntry helpers/esm/arrayWithoutHoles.js
11117 silly gunzTarPerm extractEntry lib/helpers/classPrivateMethodSet.js.map
11118 silly gunzTarPerm extractEntry lib/helpers/classPrivateSetter.js
11119 silly gunzTarPerm extractEntry lib/definitions/jsx.js.map
11120 silly gunzTarPerm extractEntry lib/definitions/misc.js
11121 silly gunzTarPerm extractEntry lib-vendor/d3-interpolate/src/cubehelix.js
11122 silly gunzTarPerm extractEntry lib-vendor/d3-ease/src/cubic.js
11123 silly gunzTarPerm extractEntry dist/esm/icons/arrow-big-up.js
11124 silly gunzTarPerm extractEntry dist/esm/icons/arrow-down-0-1.js
11125 silly gunzTarPerm extractEntry _baseIsEqualDeep.js
11126 silly gunzTarPerm extractEntry _baseIsMap.js
11127 silly gentlyRm /Users/hyypucs/work/Antigravity2/ai_pkt/frontend/node_modules/.staging/@jridgewell/gen-mapping-cbb19385/node_modules is being purged
11128 verbose gentlyRm don't care about contents; nuking /Users/hyypucs/work/Antigravity2/ai_pkt/frontend/node_modules/.staging/@jridgewell/gen-mapping-cbb19385/node_modules
11129 silly gunzTarPerm extractEntry lib/parser/util/missing-plugin-helper.js.map
11130 silly gunzTarPerm extractEntry lib/tools/build-external-helpers.js
11131 silly gunzTarPerm extractEntry lib/util/getLegendProps.js
11132 silly gunzTarPerm extractEntry es6/util/cursor/getRadialCursorPoints.js
11133 silly gunzTarPerm extractEntry data/features/bigint.js
11134 silly gunzTarPerm extractEntry data/regions/BJ.js
11135 silly gunzTarPerm extractEntry locale/pt-BR.json
11136 silly gunzTarPerm extractEntry locale/pt-PT.json
11137 silly gunzTarPerm extractEntry helpers/esm/assertClassBrand.js
11138 silly gunzTarPerm extractEntry helpers/esm/assertThisInitialized.js
11139 silly gunzTarPerm extractEntry umd/react-dom.profiling.min.js
11140 silly gunzTarPerm extractEntry lib/helpers/classPrivateSetter.js.map
11141 silly gunzTarPerm extractEntry lib/helpers/classStaticPrivateFieldDestructureSet.js
11142 silly gentlyRm /Users/hyypucs/work/Antigravity2/ai_pkt/frontend/node_modules/.staging/@jridgewell/remapping-214c8a55/node_modules is being purged
11143 verbose gentlyRm don't care about contents; nuking /Users/hyypucs/work/Antigravity2/ai_pkt/frontend/node_modules/.staging/@jridgewell/remapping-214c8a55/node_modules
11144 silly gunzTarPerm extractEntry dist/esm/icons/arrow-down-01.js
11145 silly gunzTarPerm extractEntry dist/esm/icons/arrow-down-1-0.js
11146 silly gunzTarPerm extractEntry _baseIsMatch.js
11147 silly gunzTarPerm extractEntry _baseIsNaN.js
11148 silly gunzTarPerm extractEntry lib-vendor/d3-array/src/cumsum.js
11149 silly gunzTarPerm extractEntry d3-array.js
11150 silly gunzTarPerm extractEntry lib/definitions/misc.js.map
11151 silly gunzTarPerm extractEntry lib/definitions/placeholders.js
11152 silly gunzTarPerm extractEntry helpers/esm/asyncGeneratorDelegate.js
11153 silly gunzTarPerm extractEntry helpers/esm/asyncIterator.js
11154 silly gunzTarPerm extractEntry lib/tools/build-external-helpers.js.map
11155 silly gunzTarPerm extractEntry lib/transform-ast.js
11156 silly gunzTarPerm extractEntry lib/util/cursor/getRadialCursorPoints.js
11157 silly gunzTarPerm extractEntry es6/cartesian/getTicks.js
11158 silly gunzTarPerm extractEntry locale/ru-RU.json
11159 silly gunzTarPerm extractEntry locale/sl-SI.json
11160 silly gunzTarPerm extractEntry data/features/blobbuilder.js
11161 silly gunzTarPerm extractEntry data/features/bloburls.js
11162 silly gunzTarPerm extractEntry server.browser.js
11163 silly gunzTarPerm extractEntry lib/helpers/classStaticPrivateFieldDestructureSet.js.map
11164 silly gunzTarPerm extractEntry lib/helpers/classStaticPrivateFieldSpecGet.js
11165 silly gunzTarPerm extractEntry server.js
11166 silly gunzTarPerm extractEntry dist/esm/icons/arrow-down-10.js
11167 silly gunzTarPerm extractEntry dist/esm/icons/arrow-down-a-z.js
11168 silly gunzTarPerm extractEntry _baseIsNative.js
11169 silly gunzTarPerm extractEntry _baseIsRegExp.js
11170 silly gunzTarPerm extractEntry es/d3-array.js
11171 silly gunzTarPerm extractEntry lib/d3-array.js
11172 silly gunzTarPerm extractEntry lib/definitions/placeholders.js.map
11173 silly gunzTarPerm extractEntry lib/definitions/typescript.js
11174 silly gunzTarPerm extractEntry server.node.js
11175 silly gunzTarPerm extractEntry lib/transform-ast.js.map
11176 silly gunzTarPerm extractEntry lib/transform-file-browser.js
11177 silly gunzTarPerm extractEntry helpers/esm/asyncToGenerator.js
11178 silly gunzTarPerm extractEntry helpers/esm/awaitAsyncGenerator.js
11179 silly gunzTarPerm extractEntry test-utils.js
11180 silly gunzTarPerm extractEntry locale/sv-SE.json
11181 silly gunzTarPerm extractEntry locale/uk-UA.json
11182 silly gunzTarPerm extractEntry data/regions/BM.js
11183 silly gunzTarPerm extractEntry data/regions/BN.js
11184 silly gunzTarPerm extractEntry lib/cartesian/getTicks.js
11185 silly gunzTarPerm extractEntry es6/util/payload/getUniqPayload.js
11186 silly gunzTarPerm extractEntry package.json
11187 silly gunzTarPerm extractEntry lib/helpers/classStaticPrivateFieldSpecGet.js.map
11188 silly gunzTarPerm extractEntry lib/helpers/classStaticPrivateFieldSpecSet.js
11189 silly gunzTarPerm extractEntry README.md
11190 silly gunzTarPerm extractEntry dist/esm/icons/arrow-down-az.js
11191 silly gunzTarPerm extractEntry dist/esm/icons/arrow-down-circle.js
11192 silly gunzTarPerm extractEntry _baseIsSet.js
11193 silly gunzTarPerm extractEntry _baseIsTypedArray.js
11194 silly gunzTarPerm extractEntry es/d3-color.js
11195 silly gunzTarPerm extractEntry lib/d3-color.js
11196 silly gunzTarPerm extractEntry lib/definitions/typescript.js.map
11197 silly gunzTarPerm extractEntry lib/definitions/utils.js
11198 silly gunzTarPerm extractEntry helpers/esm/callSuper.js
11199 silly gunzTarPerm extractEntry helpers/esm/checkInRHS.js
11200 silly gunzTarPerm extractEntry locale/zh-CN.json
11201 silly gunzTarPerm extractEntry README.md
11202 silly gunzTarPerm extractEntry data/regions/BO.js
11203 silly gunzTarPerm extractEntry data/features/border-image.js
11204 silly gunzTarPerm extractEntry lib/transform-file-browser.js.map
11205 silly gunzTarPerm extractEntry lib/transform-file.js
11206 silly gunzTarPerm extractEntry lib/util/payload/getUniqPayload.js
11207 silly gunzTarPerm extractEntry es6/util/Global.js
11208 silly gunzTarPerm extractEntry lib/helpers/classStaticPrivateFieldSpecSet.js.map
11209 silly gunzTarPerm extractEntry lib/helpers/classStaticPrivateMethodGet.js
11210 silly gunzTarPerm extractEntry dist/esm/icons/arrow-down-from-line.js
11211 silly gunzTarPerm extractEntry dist/esm/icons/arrow-down-left-from-circle.js
11212 silly gunzTarPerm extractEntry lib/definitions/utils.js.map
11213 silly gunzTarPerm extractEntry lib/index-legacy.d.ts
11214 silly gentlyRm /Users/hyypucs/work/Antigravity2/ai_pkt/frontend/node_modules/.staging/@babel/parser-1eb88225/node_modules is being purged
11215 verbose gentlyRm don't care about contents; nuking /Users/hyypucs/work/Antigravity2/ai_pkt/frontend/node_modules/.staging/@babel/parser-1eb88225/node_modules
11216 silly gunzTarPerm extractEntry _baseIteratee.js
11217 silly gunzTarPerm extractEntry _baseKeys.js
11218 silly gunzTarPerm extractEntry helpers/esm/checkPrivateRedeclaration.js
11219 silly gunzTarPerm extractEntry helpers/esm/classApplyDescriptorDestructureSet.js
11220 silly gunzTarPerm extractEntry d3-ease.js
11221 silly gunzTarPerm extractEntry es/d3-ease.js
11222 silly gunzTarPerm extractEntry data/features/border-radius.js
11223 silly gunzTarPerm extractEntry data/regions/BR.js
11224 silly gunzTarPerm extractEntry lib/transform-file.js.map
11225 silly gunzTarPerm extractEntry lib/transform.js
11226 silly gentlyRm /Users/hyypucs/work/Antigravity2/ai_pkt/frontend/node_modules/.staging/react-smooth-0cddc9aa/node_modules is being purged
11227 verbose gentlyRm don't care about contents; nuking /Users/hyypucs/work/Antigravity2/ai_pkt/frontend/node_modules/.staging/react-smooth-0cddc9aa/node_modules
11228 silly gunzTarPerm extractEntry lib/util/Global.js
11229 silly gunzTarPerm extractEntry es6/util/IfOverflowMatches.js
11230 silly gunzTarPerm extractEntry lib/helpers/classStaticPrivateMethodGet.js.map
11231 silly gunzTarPerm extractEntry lib/helpers/classStaticPrivateMethodSet.js
11232 silly gunzTarPerm extractEntry _baseKeysIn.js
11233 silly gunzTarPerm extractEntry _baseLodash.js
11234 silly gunzTarPerm extractEntry helpers/esm/classApplyDescriptorGet.js
11235 silly gunzTarPerm extractEntry helpers/esm/classApplyDescriptorSet.js
11236 silly gunzTarPerm extractEntry dist/esm/icons/arrow-down-left-square.js
11237 silly gunzTarPerm extractEntry dist/esm/icons/arrow-down-left.js
11238 silly gunzTarPerm extractEntry lib/transform.js.map
11239 silly gunzTarPerm extractEntry lib/transformation/block-hoist-plugin.js
11240 silly gunzTarPerm extractEntry lib/d3-ease.js
11241 silly gunzTarPerm extractEntry es/d3-format.js
11242 silly gunzTarPerm extractEntry lib/index.d.ts
11243 silly gunzTarPerm extractEntry data/features/broadcastchannel.js
11244 silly gunzTarPerm extractEntry data/features/brotli.js
11245 silly gunzTarPerm extractEntry lib/index.js
11246 silly gunzTarPerm extractEntry lib/helpers/classStaticPrivateMethodSet.js.map
11247 silly gunzTarPerm extractEntry lib/helpers/construct.js
11248 silly gunzTarPerm extractEntry _baseLt.js
11249 silly gunzTarPerm extractEntry _baseMap.js
11250 silly gunzTarPerm extractEntry lib/util/IfOverflowMatches.js
11251 silly gunzTarPerm extractEntry es6/index.js
11252 silly gunzTarPerm extractEntry lib/index.js
11253 silly gunzTarPerm extractEntry helpers/esm/classCallCheck.js
11254 silly gunzTarPerm extractEntry helpers/esm/classCheckPrivateStaticAccess.js
11255 silly gunzTarPerm extractEntry dist/esm/icons/arrow-down-narrow-wide.js
11256 silly gunzTarPerm extractEntry dist/esm/icons/arrow-down-right-from-circle.js
11257 silly gunzTarPerm extractEntry lib/transformation/block-hoist-plugin.js.map
11258 silly gunzTarPerm extractEntry lib/transformation/file/babel-7-helpers.cjs
11259 silly gunzTarPerm extractEntry es6/util/isDomainSpecifiedByUser.js
11260 silly gunzTarPerm extractEntry data/browsers.js
11261 silly gunzTarPerm extractEntry dist/unpacker/browsers.js
11262 silly gunzTarPerm extractEntry lib/d3-format.js
11263 silly gunzTarPerm extractEntry d3-interpolate.js
11264 silly gunzTarPerm extractEntry lib/index.js.flow
11265 silly gunzTarPerm extractEntry lib/index.js.map
11266 silly gunzTarPerm extractEntry lib/util/isDomainSpecifiedByUser.js
11267 silly gunzTarPerm extractEntry lib/helpers/construct.js.map
11268 silly gunzTarPerm extractEntry lib/helpers/createClass.js
11269 silly gunzTarPerm extractEntry helpers/esm/classCheckPrivateStaticFieldDescriptor.js
11270 silly gunzTarPerm extractEntry helpers/esm/classExtractFieldDescriptor.js
11271 silly gunzTarPerm extractEntry _baseMatches.js
11272 silly gunzTarPerm extractEntry _baseMatchesProperty.js
11273 silly gunzTarPerm extractEntry dist/esm/icons/arrow-down-right-square.js
11274 silly gunzTarPerm extractEntry dist/esm/icons/arrow-down-right.js
11275 silly gunzTarPerm extractEntry lib/transformation/file/babel-7-helpers.cjs.map
11276 silly gunzTarPerm extractEntry lib/transformation/file/file.js
11277 silly gunzTarPerm extractEntry lib/modifications/appendToMemberExpression.js
11278 silly gunzTarPerm extractEntry lib/modifications/appendToMemberExpression.js.map
11279 silly gunzTarPerm extractEntry es/d3-interpolate.js
11280 silly gunzTarPerm extractEntry lib/d3-interpolate.js
11281 silly gunzTarPerm extractEntry data/browserVersions.js
11282 silly gunzTarPerm extractEntry dist/unpacker/browserVersions.js
11283 silly gentlyRm /Users/hyypucs/work/Antigravity2/ai_pkt/frontend/node_modules/.staging/react-transition-group-241b48e6/node_modules is being purged
11284 verbose gentlyRm don't care about contents; nuking /Users/hyypucs/work/Antigravity2/ai_pkt/frontend/node_modules/.staging/react-transition-group-241b48e6/node_modules
11285 silly gunzTarPerm extractEntry es6/component/Label.js
11286 silly gunzTarPerm extractEntry lib/component/Label.js
11287 silly gunzTarPerm extractEntry es6/component/LabelList.js
11288 silly gunzTarPerm extractEntry lib/component/LabelList.js
11289 silly gunzTarPerm extractEntry lib/helpers/createClass.js.map
11290 silly gunzTarPerm extractEntry lib/helpers/createForOfIteratorHelper.js
11291 silly gunzTarPerm extractEntry helpers/esm/classNameTDZError.js
11292 silly gunzTarPerm extractEntry helpers/esm/classPrivateFieldDestructureSet.js
11293 silly gunzTarPerm extractEntry es6/container/Layer.js
11294 silly gunzTarPerm extractEntry _baseMean.js
11295 silly gunzTarPerm extractEntry _baseMerge.js
11296 silly gunzTarPerm extractEntry dist/esm/icons/arrow-down-square.js
11297 silly gunzTarPerm extractEntry dist/esm/icons/arrow-down-to-dot.js
11298 silly gunzTarPerm extractEntry data/regions/BS.js
11299 silly gunzTarPerm extractEntry data/regions/BT.js
11300 silly gunzTarPerm extractEntry lib/transformation/file/file.js.map
11301 silly gunzTarPerm extractEntry lib/transformation/file/generate.js
11302 silly gunzTarPerm extractEntry lib/transformation/file/generate.js.map
11303 silly gunzTarPerm extractEntry lib/transformation/file/merge-map.js
11304 silly gunzTarPerm extractEntry lib/transformation/file/merge-map.js.map
11305 silly gunzTarPerm extractEntry lib/transformation/index.js
11306 silly gunzTarPerm extractEntry lib/transformation/index.js.map
11307 silly gunzTarPerm extractEntry lib/transformation/normalize-file.js
11308 silly gunzTarPerm extractEntry lib/transformation/normalize-file.js.map
11309 silly gunzTarPerm extractEntry lib/transformation/normalize-opts.js
11310 silly gunzTarPerm extractEntry lib/transformation/normalize-opts.js.map
11311 silly gunzTarPerm extractEntry lib/transformation/plugin-pass.js
11312 silly gunzTarPerm extractEntry lib/transformation/plugin-pass.js.map
11313 silly gunzTarPerm extractEntry lib/transformation/read-input-source-map-file-browser.js
11314 silly gunzTarPerm extractEntry lib/transformation/read-input-source-map-file-browser.js.map
11315 silly gunzTarPerm extractEntry lib/transformation/read-input-source-map-file.js
11316 silly gunzTarPerm extractEntry lib/transformation/read-input-source-map-file.js.map
11317 silly gunzTarPerm extractEntry lib/transformation/util/clone-deep.js
11318 silly gunzTarPerm extractEntry lib/transformation/util/clone-deep.js.map
11319 silly gunzTarPerm extractEntry lib/vendor/import-meta-resolve.js
11320 silly gunzTarPerm extractEntry lib/vendor/import-meta-resolve.js.map
11321 silly gunzTarPerm extractEntry package.json
11322 silly gunzTarPerm extractEntry src/config/files/index-browser.ts
11323 silly gunzTarPerm extractEntry src/config/files/index.ts
11324 silly gunzTarPerm extractEntry src/config/resolve-targets-browser.ts
11325 silly gunzTarPerm extractEntry src/config/resolve-targets.ts
11326 silly gunzTarPerm extractEntry src/transform-file-browser.ts
11327 silly gunzTarPerm extractEntry src/transform-file.ts
11328 silly gunzTarPerm extractEntry src/transformation/read-input-source-map-file-browser.ts
11329 silly gunzTarPerm extractEntry src/transformation/read-input-source-map-file.ts
11330 silly gunzTarPerm extractEntry lib/modifications/flow/removeTypeDuplicates.js
11331 silly gunzTarPerm extractEntry lib/modifications/flow/removeTypeDuplicates.js.map
11332 silly gunzTarPerm extractEntry es/d3-path.js
11333 silly gunzTarPerm extractEntry lib/d3-path.js
11334 silly gunzTarPerm extractEntry lib/helpers/createForOfIteratorHelper.js.map
11335 silly gunzTarPerm extractEntry lib/helpers/createForOfIteratorHelperLoose.js
11336 silly gunzTarPerm extractEntry helpers/esm/classPrivateFieldGet.js
11337 silly gunzTarPerm extractEntry helpers/esm/classPrivateFieldGet2.js
11338 silly gunzTarPerm extractEntry lib/container/Layer.js
11339 silly gunzTarPerm extractEntry es6/component/Legend.js
11340 silly gunzTarPerm extractEntry _baseMergeDeep.js
11341 silly gunzTarPerm extractEntry _baseNth.js
11342 silly gunzTarPerm extractEntry data/regions/BW.js
11343 silly gunzTarPerm extractEntry data/regions/BY.js
11344 silly gunzTarPerm extractEntry lib/modifications/inherits.js
11345 silly gunzTarPerm extractEntry lib/modifications/inherits.js.map
11346 silly gunzTarPerm extractEntry dist/esm/icons/arrow-down-to-line.js
11347 silly gunzTarPerm extractEntry dist/esm/icons/arrow-down-up.js
11348 silly gunzTarPerm extractEntry d3-scale.js
11349 silly gunzTarPerm extractEntry es/d3-scale.js
11350 silly gunzTarPerm extractEntry lib/helpers/createForOfIteratorHelperLoose.js.map
11351 silly gunzTarPerm extractEntry lib/helpers/createSuper.js
11352 silly gunzTarPerm extractEntry helpers/esm/classPrivateFieldInitSpec.js
11353 silly gunzTarPerm extractEntry helpers/esm/classPrivateFieldLooseBase.js
11354 silly gunzTarPerm extractEntry lib/component/Legend.js
11355 silly gunzTarPerm extractEntry es6/cartesian/Line.js
11356 silly gunzTarPerm extractEntry data/regions/BZ.js
11357 silly gunzTarPerm extractEntry data/regions/CA.js
11358 silly gunzTarPerm extractEntry _baseOrderBy.js
11359 silly gunzTarPerm extractEntry _basePick.js
11360 silly gunzTarPerm extractEntry lib/modifications/prependToMemberExpression.js
11361 silly gunzTarPerm extractEntry lib/modifications/prependToMemberExpression.js.map
11362 silly gunzTarPerm extractEntry dist/esm/icons/arrow-down-wide-narrow.js
11363 silly gunzTarPerm extractEntry dist/esm/icons/arrow-down-z-a.js
11364 silly gunzTarPerm extractEntry lib/d3-scale.js
11365 silly gunzTarPerm extractEntry d3-shape.js
11366 silly gunzTarPerm extractEntry lib/helpers/createSuper.js.map
11367 silly gunzTarPerm extractEntry lib/helpers/decorate.js
11368 silly gunzTarPerm extractEntry helpers/esm/classPrivateFieldLooseKey.js
11369 silly gunzTarPerm extractEntry helpers/esm/classPrivateFieldSet.js
11370 silly gunzTarPerm extractEntry data/features/calc.js
11371 silly gunzTarPerm extractEntry data/features/canvas-blending.js
11372 silly gunzTarPerm extractEntry lib/cartesian/Line.js
11373 silly gunzTarPerm extractEntry es6/chart/LineChart.js
11374 silly gunzTarPerm extractEntry _basePickBy.js
11375 silly gunzTarPerm extractEntry _baseProperty.js
11376 silly gunzTarPerm extractEntry lib/modifications/removeProperties.js
11377 silly gunzTarPerm extractEntry lib/modifications/removeProperties.js.map
11378 silly gunzTarPerm extractEntry dist/esm/icons/arrow-down-za.js
11379 silly gunzTarPerm extractEntry dist/esm/icons/arrow-down.js
11380 silly gunzTarPerm extractEntry es/d3-shape.js
11381 silly gunzTarPerm extractEntry lib/d3-shape.js
11382 silly gentlyRm /Users/hyypucs/work/Antigravity2/ai_pkt/frontend/node_modules/.staging/d3-time-format-64b5f96b/node_modules is being purged
11383 verbose gentlyRm don't care about contents; nuking /Users/hyypucs/work/Antigravity2/ai_pkt/frontend/node_modules/.staging/d3-time-format-64b5f96b/node_modules
11384 silly gunzTarPerm extractEntry lib/helpers/decorate.js.map
11385 silly gunzTarPerm extractEntry helpers/esm/classPrivateFieldSet2.js
11386 silly gunzTarPerm extractEntry helpers/esm/classPrivateGetter.js
11387 silly gunzTarPerm extractEntry data/features/canvas-text.js
11388 silly gunzTarPerm extractEntry data/features/canvas.js
11389 silly gunzTarPerm extractEntry lib/chart/LineChart.js
11390 silly gunzTarPerm extractEntry es6/util/LogUtils.js
11391 silly gunzTarPerm extractEntry _basePropertyDeep.js
11392 silly gunzTarPerm extractEntry _basePropertyOf.js
11393 silly gunzTarPerm extractEntry dist/esm/icons/arrow-left-circle.js
11394 silly gunzTarPerm extractEntry dist/esm/icons/arrow-left-from-line.js
11395 silly gunzTarPerm extractEntry lib/modifications/removePropertiesDeep.js
11396 silly gunzTarPerm extractEntry lib/modifications/removePropertiesDeep.js.map
11397 silly gunzTarPerm extractEntry es/d3-time-format.js
11398 silly gunzTarPerm extractEntry lib/d3-time-format.js
11399 silly gunzTarPerm extractEntry helpers/esm/classPrivateMethodGet.js
11400 silly gunzTarPerm extractEntry helpers/esm/classPrivateMethodInitSpec.js
11401 silly gunzTarPerm extractEntry lib/util/LogUtils.js
11402 silly gunzTarPerm extractEntry es6/polar/Pie.js
11403 silly gunzTarPerm extractEntry data/regions/CD.js
11404 silly gunzTarPerm extractEntry data/regions/CF.js
11405 silly gunzTarPerm extractEntry lib/helpers/defaults.js
11406 silly gunzTarPerm extractEntry _basePullAll.js
11407 silly gunzTarPerm extractEntry _basePullAt.js
11408 silly gunzTarPerm extractEntry lib/modifications/typescript/removeTypeDuplicates.js
11409 silly gunzTarPerm extractEntry lib/modifications/typescript/removeTypeDuplicates.js.map
11410 silly gunzTarPerm extractEntry dist/esm/icons/arrow-left-right.js
11411 silly gunzTarPerm extractEntry dist/esm/icons/arrow-left-square.js
11412 silly gunzTarPerm extractEntry d3-time.js
11413 silly gunzTarPerm extractEntry es/d3-time.js
11414 silly gunzTarPerm extractEntry helpers/esm/classPrivateMethodSet.js
11415 silly gunzTarPerm extractEntry helpers/esm/classPrivateSetter.js
11416 silly gunzTarPerm extractEntry data/regions/CG.js
11417 silly gunzTarPerm extractEntry data/features/ch-unit.js
11418 silly gunzTarPerm extractEntry lib/helpers/defaults.js.map
11419 silly gunzTarPerm extractEntry lib/helpers/defineAccessor.js
11420 silly gunzTarPerm extractEntry lib/polar/Pie.js
11421 silly gunzTarPerm extractEntry es6/chart/PieChart.js
11422 silly gunzTarPerm extractEntry _baseRandom.js
11423 silly gunzTarPerm extractEntry _baseRange.js
11424 silly gunzTarPerm extractEntry lib/retrievers/getAssignmentIdentifiers.js
11425 silly gunzTarPerm extractEntry lib/retrievers/getAssignmentIdentifiers.js.map
11426 silly gunzTarPerm extractEntry dist/esm/icons/arrow-left-to-line.js
11427 silly gunzTarPerm extractEntry dist/esm/icons/arrow-left.js
11428 silly gunzTarPerm extractEntry lib/d3-time.js
11429 silly gunzTarPerm extractEntry d3-timer.js
11430 silly gunzTarPerm extractEntry helpers/esm/classStaticPrivateFieldDestructureSet.js
11431 silly gunzTarPerm extractEntry helpers/esm/classStaticPrivateFieldSpecGet.js
11432 silly gunzTarPerm extractEntry lib/helpers/defineAccessor.js.map
11433 silly gunzTarPerm extractEntry lib/helpers/defineEnumerableProperties.js
11434 silly gunzTarPerm extractEntry data/regions/CH.js
11435 silly gunzTarPerm extractEntry data/features/chacha20-poly1305.js
11436 silly gunzTarPerm extractEntry lib/chart/PieChart.js
11437 silly gunzTarPerm extractEntry es6/polar/PolarAngleAxis.js
11438 silly gunzTarPerm extractEntry _baseReduce.js
11439 silly gunzTarPerm extractEntry _baseRepeat.js
11440 silly gunzTarPerm extractEntry dist/esm/icons/arrow-right-circle.js
11441 silly gunzTarPerm extractEntry dist/esm/icons/arrow-right-from-line.js
11442 silly gunzTarPerm extractEntry lib/retrievers/getBindingIdentifiers.js
11443 silly gunzTarPerm extractEntry lib/retrievers/getBindingIdentifiers.js.map
11444 silly gunzTarPerm extractEntry es/d3-timer.js
11445 silly gunzTarPerm extractEntry lib/d3-timer.js
11446 silly gunzTarPerm extractEntry helpers/esm/classStaticPrivateFieldSpecSet.js
11447 silly gunzTarPerm extractEntry helpers/esm/classStaticPrivateMethodGet.js
11448 silly gunzTarPerm extractEntry data/features/channel-messaging.js
11449 silly gunzTarPerm extractEntry data/features/childnode-remove.js
11450 silly gunzTarPerm extractEntry lib/helpers/defineEnumerableProperties.js.map
11451 silly gunzTarPerm extractEntry lib/helpers/defineProperty.js
11452 silly gunzTarPerm extractEntry _baseRest.js
11453 silly gunzTarPerm extractEntry _baseSample.js
11454 silly gunzTarPerm extractEntry lib/polar/PolarAngleAxis.js
11455 silly gunzTarPerm extractEntry es6/polar/PolarGrid.js
11456 silly gunzTarPerm extractEntry es/d3-voronoi.js
11457 silly gunzTarPerm extractEntry lib/d3-voronoi.js
11458 silly gunzTarPerm extractEntry dist/esm/icons/arrow-right-left.js
11459 silly gunzTarPerm extractEntry dist/esm/icons/arrow-right-square.js
11460 silly gunzTarPerm extractEntry lib/retrievers/getFunctionName.js
11461 silly gunzTarPerm extractEntry lib/retrievers/getFunctionName.js.map
11462 silly gunzTarPerm extractEntry lib/helpers/defineProperty.js.map
11463 silly gunzTarPerm extractEntry lib/helpers/dispose.js
11464 silly gunzTarPerm extractEntry helpers/esm/classStaticPrivateMethodSet.js
11465 silly gunzTarPerm extractEntry helpers/esm/construct.js
11466 silly gunzTarPerm extractEntry data/regions/CI.js
11467 silly gunzTarPerm extractEntry data/regions/CK.js
11468 silly gunzTarPerm extractEntry _baseSampleSize.js
11469 silly gunzTarPerm extractEntry _baseSet.js
11470 silly gunzTarPerm extractEntry lib/polar/PolarGrid.js
11471 silly gunzTarPerm extractEntry es6/polar/PolarRadiusAxis.js
11472 silly gunzTarPerm extractEntry lib-vendor/d3-interpolate/src/date.js
11473 silly gunzTarPerm extractEntry lib-vendor/d3-time/src/day.js
11474 silly gunzTarPerm extractEntry lib/retrievers/getOuterBindingIdentifiers.js
11475 silly gunzTarPerm extractEntry lib/retrievers/getOuterBindingIdentifiers.js.map
11476 silly gunzTarPerm extractEntry dist/esm/icons/arrow-right-to-line.js
11477 silly gunzTarPerm extractEntry dist/esm/icons/arrow-right.js
11478 silly gunzTarPerm extractEntry lib/helpers/dispose.js.map
11479 silly gunzTarPerm extractEntry lib/helpers/extends.js
11480 silly gunzTarPerm extractEntry helpers/esm/createClass.js
11481 silly gunzTarPerm extractEntry helpers/esm/createForOfIteratorHelper.js
11482 silly gunzTarPerm extractEntry data/regions/CL.js
11483 silly gentlyRm /Users/hyypucs/work/Antigravity2/ai_pkt/frontend/node_modules/.staging/@babel/generator-31651e45/node_modules is being purged
11484 verbose gentlyRm don't care about contents; nuking /Users/hyypucs/work/Antigravity2/ai_pkt/frontend/node_modules/.staging/@babel/generator-31651e45/node_modules
11485 silly gunzTarPerm extractEntry _baseSetData.js
11486 silly gunzTarPerm extractEntry _baseSetToString.js
11487 silly gunzTarPerm extractEntry lib/polar/PolarRadiusAxis.js
11488 silly gunzTarPerm extractEntry es6/util/PolarUtils.js
11489 silly gunzTarPerm extractEntry lib/traverse/traverse.js
11490 silly gunzTarPerm extractEntry lib/traverse/traverse.js.map
11491 silly gunzTarPerm extractEntry dist/esm/icons/arrow-up-0-1.js
11492 silly gunzTarPerm extractEntry dist/esm/icons/arrow-up-01.js
11493 silly gunzTarPerm extractEntry lib-vendor/d3-interpolate/src/transform/decompose.js
11494 silly gunzTarPerm extractEntry lib-vendor/d3-format/src/defaultLocale.js
11495 silly gunzTarPerm extractEntry helpers/esm/createForOfIteratorHelperLoose.js
11496 silly gunzTarPerm extractEntry helpers/esm/createSuper.js
11497 silly gunzTarPerm extractEntry lib/helpers/extends.js.map
11498 silly gunzTarPerm extractEntry lib/helpers/get.js
11499 silly gunzTarPerm extractEntry data/features/classlist.js
11500 silly gunzTarPerm extractEntry data/features/client-hints-dpr-width-viewport.js
11501 silly gunzTarPerm extractEntry _baseShuffle.js
11502 silly gunzTarPerm extractEntry _baseSlice.js
11503 silly gunzTarPerm extractEntry lib/util/PolarUtils.js
11504 silly gunzTarPerm extractEntry es6/shape/Polygon.js
11505 silly gunzTarPerm extractEntry lib/traverse/traverseFast.js
11506 silly gunzTarPerm extractEntry lib/traverse/traverseFast.js.map
11507 silly gunzTarPerm extractEntry dist/esm/icons/arrow-up-1-0.js
11508 silly gunzTarPerm extractEntry dist/esm/icons/arrow-up-10.js
11509 silly gunzTarPerm extractEntry helpers/esm/decorate.js
11510 silly gunzTarPerm extractEntry helpers/esm/defaults.js
11511 silly gunzTarPerm extractEntry lib-vendor/d3-time-format/src/defaultLocale.js
11512 silly gunzTarPerm extractEntry lib-vendor/d3-color/src/define.js
11513 silly gunzTarPerm extractEntry data/features/clipboard.js
11514 silly gunzTarPerm extractEntry data/regions/CM.js
11515 silly gunzTarPerm extractEntry lib/helpers/get.js.map
11516 silly gunzTarPerm extractEntry lib/helpers/getPrototypeOf.js
11517 silly gentlyRm /Users/hyypucs/work/Antigravity2/ai_pkt/frontend/node_modules/.staging/@jridgewell/trace-mapping-c0cc7fc4/node_modules is being purged
11518 verbose gentlyRm don't care about contents; nuking /Users/hyypucs/work/Antigravity2/ai_pkt/frontend/node_modules/.staging/@jridgewell/trace-mapping-c0cc7fc4/node_modules
11519 silly gunzTarPerm extractEntry _baseSome.js
11520 silly gunzTarPerm extractEntry _baseSortBy.js
11521 silly gunzTarPerm extractEntry lib/shape/Polygon.js
11522 silly gunzTarPerm extractEntry es6/polar/Radar.js
11523 silly gunzTarPerm extractEntry lib/utils/deprecationWarning.js
11524 silly gunzTarPerm extractEntry lib/utils/deprecationWarning.js.map
11525 silly gunzTarPerm extractEntry dist/esm/icons/arrow-up-a-z.js
11526 silly gunzTarPerm extractEntry dist/esm/icons/arrow-up-az.js
11527 silly gunzTarPerm extractEntry helpers/esm/defineAccessor.js
11528 silly gunzTarPerm extractEntry helpers/esm/defineEnumerableProperties.js
11529 silly gunzTarPerm extractEntry lib-vendor/d3-array/src/descending.js
11530 silly gunzTarPerm extractEntry lib-vendor/d3-shape/src/descending.js
11531 silly gunzTarPerm extractEntry data/regions/CN.js
11532 silly gunzTarPerm extractEntry data/regions/CO.js
11533 silly gunzTarPerm extractEntry lib/helpers/getPrototypeOf.js.map
11534 silly gunzTarPerm extractEntry lib/helpers/identity.js
11535 silly gunzTarPerm extractEntry _baseSortedIndex.js
11536 silly gunzTarPerm extractEntry _baseSortedIndexBy.js
11537 silly gunzTarPerm extractEntry lib/polar/Radar.js
11538 silly gunzTarPerm extractEntry es6/chart/RadarChart.js
11539 silly gunzTarPerm extractEntry lib/utils/inherit.js
11540 silly gunzTarPerm extractEntry lib/utils/inherit.js.map
11541 silly gunzTarPerm extractEntry dist/esm/icons/arrow-up-circle.js
11542 silly gunzTarPerm extractEntry dist/esm/icons/arrow-up-down.js
11543 silly gunzTarPerm extractEntry lib-vendor/d3-shape/src/order/descending.js
11544 silly gunzTarPerm extractEntry lib-vendor/d3-array/src/deviation.js
11545 silly gunzTarPerm extractEntry helpers/esm/defineProperty.js
11546 silly gunzTarPerm extractEntry helpers/esm/dispose.js
11547 silly gunzTarPerm extractEntry data/features/colr-v1.js
11548 silly gunzTarPerm extractEntry data/features/colr.js
11549 silly gunzTarPerm extractEntry lib/helpers/identity.js.map
11550 silly gunzTarPerm extractEntry lib/helpers/importDeferProxy.js
11551 silly gunzTarPerm extractEntry _baseSortedUniq.js
11552 silly gunzTarPerm extractEntry _baseSum.js
11553 silly gunzTarPerm extractEntry lib/chart/RadarChart.js
11554 silly gunzTarPerm extractEntry es6/polar/RadialBar.js
11555 silly gunzTarPerm extractEntry lib-vendor/d3-voronoi/src/Diagram.js
11556 silly gunzTarPerm extractEntry lib-vendor/d3-shape/src/symbol/diamond.js
11557 silly gunzTarPerm extractEntry lib/utils/react/cleanJSXElementLiteralChild.js
11558 silly gunzTarPerm extractEntry lib/utils/react/cleanJSXElementLiteralChild.js.map
11559 silly gunzTarPerm extractEntry helpers/esm/extends.js
11560 silly gunzTarPerm extractEntry helpers/esm/get.js
11561 silly gunzTarPerm extractEntry dist/esm/icons/arrow-up-from-dot.js
11562 silly gunzTarPerm extractEntry dist/esm/icons/arrow-up-from-line.js
11563 silly gunzTarPerm extractEntry data/features/comparedocumentposition.js
11564 silly gunzTarPerm extractEntry data/features/console-basic.js
11565 silly gunzTarPerm extractEntry lib/helpers/importDeferProxy.js.map
11566 silly gunzTarPerm extractEntry lib/helpers/inherits.js
11567 silly gunzTarPerm extractEntry _baseTimes.js
11568 silly gunzTarPerm extractEntry _baseToNumber.js
11569 silly gunzTarPerm extractEntry lib-vendor/d3-shape/src/symbol/diamond2.js
11570 silly gunzTarPerm extractEntry lib-vendor/d3-array/src/difference.js
11571 silly gunzTarPerm extractEntry lib/utils/shallowEqual.js
11572 silly gunzTarPerm extractEntry lib/utils/shallowEqual.js.map
11573 silly gunzTarPerm extractEntry lib/polar/RadialBar.js
11574 silly gunzTarPerm extractEntry helpers/esm/getPrototypeOf.js
11575 silly gunzTarPerm extractEntry helpers/esm/identity.js
11576 silly gunzTarPerm extractEntry data/features/console-time.js
11577 silly gunzTarPerm extractEntry data/features/const.js
11578 silly gentlyRm /Users/hyypucs/work/Antigravity2/ai_pkt/frontend/node_modules/.staging/postcss-b1d35006/node_modules is being purged
11579 verbose gentlyRm don't care about contents; nuking /Users/hyypucs/work/Antigravity2/ai_pkt/frontend/node_modules/.staging/postcss-b1d35006/node_modules
11580 silly gunzTarPerm extractEntry dist/esm/icons/arrow-up-left-from-circle.js
11581 silly gunzTarPerm extractEntry dist/esm/icons/arrow-up-left-square.js
11582 silly gunzTarPerm extractEntry lib/helpers/inherits.js.map
11583 silly gunzTarPerm extractEntry lib/helpers/inheritsLoose.js
11584 silly gunzTarPerm extractEntry _baseToPairs.js
11585 silly gunzTarPerm extractEntry _baseToString.js
11586 silly gunzTarPerm extractEntry lib-vendor/d3-interpolate/src/discrete.js
11587 silly gunzTarPerm extractEntry lib-vendor/d3-array/src/disjoint.js
11588 silly gunzTarPerm extractEntry lib/validators/buildMatchMemberExpression.js
11589 silly gunzTarPerm extractEntry lib/validators/buildMatchMemberExpression.js.map
11590 silly gunzTarPerm extractEntry data/features/constraint-validation.js
11591 silly gunzTarPerm extractEntry data/features/contenteditable.js
11592 silly gunzTarPerm extractEntry es6/chart/RadialBarChart.js
11593 silly gunzTarPerm extractEntry lib/chart/RadialBarChart.js
11594 silly gunzTarPerm extractEntry helpers/esm/importDeferProxy.js
11595 silly gunzTarPerm extractEntry helpers/esm/inherits.js
11596 silly gunzTarPerm extractEntry dist/esm/icons/arrow-up-left.js
11597 silly gunzTarPerm extractEntry dist/esm/icons/arrow-up-narrow-wide.js
11598 silly gunzTarPerm extractEntry lib/helpers/inheritsLoose.js.map
11599 silly gunzTarPerm extractEntry lib/helpers/initializerDefineProperty.js
11600 silly gunzTarPerm extractEntry _baseTrim.js
11601 silly gunzTarPerm extractEntry _baseUnary.js
11602 silly gunzTarPerm extractEntry lib-vendor/d3-scale/src/diverging.js
11603 silly gunzTarPerm extractEntry lib-vendor/d3-shape/src/offset/diverging.js
11604 silly gunzTarPerm extractEntry lib/validators/generated/index.js
11605 silly gunzTarPerm extractEntry lib/validators/generated/index.js.map
11606 silly gunzTarPerm extractEntry lib/validators/is.js
11607 silly gunzTarPerm extractEntry lib/validators/is.js.map
11608 silly gunzTarPerm extractEntry lib/validators/isBinding.js
11609 silly gunzTarPerm extractEntry lib/validators/isBinding.js.map
11610 silly gunzTarPerm extractEntry lib/validators/isBlockScoped.js
11611 silly gunzTarPerm extractEntry lib/validators/isBlockScoped.js.map
11612 silly gunzTarPerm extractEntry lib/validators/isImmutable.js
11613 silly gunzTarPerm extractEntry lib/validators/isImmutable.js.map
11614 silly gunzTarPerm extractEntry lib/validators/isLet.js
11615 silly gunzTarPerm extractEntry lib/validators/isLet.js.map
11616 silly gunzTarPerm extractEntry lib/validators/isNode.js
11617 silly gunzTarPerm extractEntry lib/validators/isNode.js.map
11618 silly gunzTarPerm extractEntry lib/validators/isNodesEquivalent.js
11619 silly gunzTarPerm extractEntry lib/validators/isNodesEquivalent.js.map
11620 silly gunzTarPerm extractEntry lib/validators/isPlaceholderType.js
11621 silly gunzTarPerm extractEntry lib/validators/isPlaceholderType.js.map
11622 silly gunzTarPerm extractEntry lib/validators/isReferenced.js
11623 silly gunzTarPerm extractEntry lib/validators/isReferenced.js.map
11624 silly gunzTarPerm extractEntry lib/validators/isScope.js
11625 silly gunzTarPerm extractEntry lib/validators/isScope.js.map
11626 silly gunzTarPerm extractEntry lib/validators/isSpecifierDefault.js
11627 silly gunzTarPerm extractEntry lib/validators/isSpecifierDefault.js.map
11628 silly gunzTarPerm extractEntry lib/validators/isType.js
11629 silly gunzTarPerm extractEntry lib/validators/isType.js.map
11630 silly gunzTarPerm extractEntry lib/validators/isValidES3Identifier.js
11631 silly gunzTarPerm extractEntry lib/validators/isValidES3Identifier.js.map
11632 silly gunzTarPerm extractEntry lib/validators/isValidIdentifier.js
11633 silly gunzTarPerm extractEntry lib/validators/isValidIdentifier.js.map
11634 silly gunzTarPerm extractEntry lib/validators/isVar.js
11635 silly gunzTarPerm extractEntry lib/validators/isVar.js.map
11636 silly gunzTarPerm extractEntry lib/validators/matchesPattern.js
11637 silly gunzTarPerm extractEntry lib/validators/matchesPattern.js.map
11638 silly gunzTarPerm extractEntry lib/validators/react/isCompatTag.js
11639 silly gunzTarPerm extractEntry lib/validators/react/isCompatTag.js.map
11640 silly gunzTarPerm extractEntry lib/validators/react/isReactComponent.js
11641 silly gunzTarPerm extractEntry lib/validators/react/isReactComponent.js.map
11642 silly gunzTarPerm extractEntry lib/validators/validate.js
11643 silly gunzTarPerm extractEntry lib/validators/validate.js.map
11644 silly gunzTarPerm extractEntry package.json
11645 silly gunzTarPerm extractEntry data/features/contentsecuritypolicy.js
11646 silly gunzTarPerm extractEntry data/features/contentsecuritypolicy2.js
11647 silly gunzTarPerm extractEntry helpers/esm/inheritsLoose.js
11648 silly gunzTarPerm extractEntry helpers/esm/initializerDefineProperty.js
11649 silly gunzTarPerm extractEntry dist/esm/icons/arrow-up-right-from-circle.js
11650 silly gunzTarPerm extractEntry dist/esm/icons/arrow-up-right-square.js
11651 silly gunzTarPerm extractEntry es6/util/RadialBarUtils.js
11652 silly gunzTarPerm extractEntry lib/util/RadialBarUtils.js
11653 silly gunzTarPerm extractEntry lib/helpers/initializerDefineProperty.js.map
11654 silly gunzTarPerm extractEntry lib/helpers/initializerWarningHelper.js
11655 silly gunzTarPerm extractEntry _baseUniq.js
11656 silly gunzTarPerm extractEntry _baseUnset.js
11657 silly gunzTarPerm extractEntry lib-vendor/d3-time/src/duration.js
11658 silly gunzTarPerm extractEntry lib-vendor/d3-voronoi/src/Edge.js
11659 silly gunzTarPerm extractEntry data/features/cookie-store-api.js
11660 silly gunzTarPerm extractEntry data/features/cors.js
11661 silly gunzTarPerm extractEntry helpers/esm/initializerWarningHelper.js
11662 silly gunzTarPerm extractEntry helpers/esm/instanceof.js
11663 silly gunzTarPerm extractEntry dist/esm/icons/arrow-up-right.js
11664 silly gunzTarPerm extractEntry dist/esm/icons/arrow-up-square.js
11665 silly gunzTarPerm extractEntry es6/util/ReactUtils.js
11666 silly gunzTarPerm extractEntry lib/util/ReactUtils.js
11667 silly gunzTarPerm extractEntry lib/helpers/initializerWarningHelper.js.map
11668 silly gunzTarPerm extractEntry lib/helpers/instanceof.js
11669 silly gunzTarPerm extractEntry _baseUpdate.js
11670 silly gunzTarPerm extractEntry _baseValues.js
11671 silly gunzTarPerm extractEntry lib-vendor/d3-ease/src/elastic.js
11672 silly gunzTarPerm extractEntry lib-vendor/d3-array/src/every.js
11673 silly gunzTarPerm extractEntry dist/esm/icons/arrow-up-to-line.js
11674 silly gunzTarPerm extractEntry dist/esm/icons/arrow-up-wide-narrow.js
11675 silly gunzTarPerm extractEntry helpers/esm/interopRequireDefault.js
11676 silly gunzTarPerm extractEntry helpers/esm/interopRequireWildcard.js
11677 silly gunzTarPerm extractEntry data/regions/CR.js
11678 silly gunzTarPerm extractEntry data/features/createimagebitmap.js
11679 silly gunzTarPerm extractEntry umd/Recharts.js
11680 silly gunzTarPerm extractEntry lib/helpers/instanceof.js.map
11681 silly gunzTarPerm extractEntry lib/helpers/interopRequireDefault.js
11682 silly gunzTarPerm extractEntry es6/shape/Rectangle.js
11683 silly gunzTarPerm extractEntry _baseWhile.js
11684 silly gunzTarPerm extractEntry _baseWrapperValue.js
11685 silly gunzTarPerm extractEntry lib-vendor/d3-ease/src/exp.js
11686 silly gunzTarPerm extractEntry lib-vendor/d3-shape/src/offset/expand.js
11687 silly gunzTarPerm extractEntry dist/esm/icons/arrow-up-z-a.js
11688 silly gunzTarPerm extractEntry dist/esm/icons/arrow-up-za.js
11689 silly gunzTarPerm extractEntry data/features/credential-management.js
11690 silly gunzTarPerm extractEntry data/features/cross-document-view-transitions.js
11691 silly gunzTarPerm extractEntry helpers/esm/isNativeFunction.js
11692 silly gunzTarPerm extractEntry helpers/esm/isNativeReflectConstruct.js
11693 silly gunzTarPerm extractEntry lib/helpers/interopRequireDefault.js.map
11694 silly gunzTarPerm extractEntry lib/helpers/interopRequireWildcard.js
11695 silly gunzTarPerm extractEntry lib/shape/Rectangle.js
11696 silly gunzTarPerm extractEntry es6/util/ReduceCSSCalc.js
11697 silly gunzTarPerm extractEntry _baseXor.js
11698 silly gunzTarPerm extractEntry _baseZipObject.js
11699 silly gunzTarPerm extractEntry lib-vendor/d3-format/src/exponent.js
11700 silly gunzTarPerm extractEntry lib-vendor/d3-array/src/extent.js
11701 silly gunzTarPerm extractEntry dist/esm/icons/arrow-up.js
11702 silly gunzTarPerm extractEntry dist/esm/icons/arrows-up-from-line.js
11703 silly gunzTarPerm extractEntry data/features/cryptography.js
11704 silly gunzTarPerm extractEntry data/features/css-all.js
11705 silly gunzTarPerm extractEntry helpers/esm/iterableToArray.js
11706 silly gunzTarPerm extractEntry helpers/esm/iterableToArrayLimit.js
11707 silly gunzTarPerm extractEntry lib/util/ReduceCSSCalc.js
11708 silly gunzTarPerm extractEntry lib/helpers/interopRequireWildcard.js.map
11709 silly gunzTarPerm extractEntry lib/helpers/isNativeFunction.js
11710 silly gunzTarPerm extractEntry dist/esm/icons/asterisk.js
11711 silly gunzTarPerm extractEntry dist/esm/icons/at-sign.js
11712 silly gunzTarPerm extractEntry _cacheHas.js
11713 silly gunzTarPerm extractEntry _castArrayLikeObject.js
11714 silly gunzTarPerm extractEntry lib-vendor/d3-array/src/filter.js
11715 silly gunzTarPerm extractEntry lib-vendor/d3-format/src/formatDecimal.js
11716 silly gunzTarPerm extractEntry data/features/css-anchor-positioning.js
11717 silly gunzTarPerm extractEntry data/features/css-animation.js
11718 silly gunzTarPerm extractEntry helpers/esm/jsx.js
11719 silly gunzTarPerm extractEntry helpers/esm/maybeArrayLike.js
11720 silly gunzTarPerm extractEntry lib/helpers/isNativeFunction.js.map
11721 silly gunzTarPerm extractEntry lib/helpers/isNativeReflectConstruct.js
11722 silly gunzTarPerm extractEntry es6/cartesian/ReferenceArea.js
11723 silly gunzTarPerm extractEntry lib/cartesian/ReferenceArea.js
11724 silly gunzTarPerm extractEntry dist/esm/icons/atom.js
11725 silly gunzTarPerm extractEntry dist/esm/icons/audio-lines.js
11726 silly gunzTarPerm extractEntry _castFunction.js
11727 silly gunzTarPerm extractEntry _castPath.js
11728 silly gunzTarPerm extractEntry lib-vendor/d3-format/src/formatGroup.js
11729 silly gunzTarPerm extractEntry lib-vendor/d3-format/src/formatNumerals.js
11730 silly gunzTarPerm extractEntry data/features/css-any-link.js
11731 silly gunzTarPerm extractEntry data/features/css-appearance.js
11732 silly gunzTarPerm extractEntry helpers/esm/newArrowCheck.js
11733 silly gunzTarPerm extractEntry helpers/esm/nonIterableRest.js
11734 silly gunzTarPerm extractEntry lib/helpers/isNativeReflectConstruct.js.map
11735 silly gunzTarPerm extractEntry lib/helpers/iterableToArray.js
11736 silly gunzTarPerm extractEntry es6/cartesian/ReferenceDot.js
11737 silly gunzTarPerm extractEntry lib/cartesian/ReferenceDot.js
11738 silly gunzTarPerm extractEntry dist/esm/icons/audio-waveform.js
11739 silly gunzTarPerm extractEntry dist/esm/icons/award.js
11740 silly gunzTarPerm extractEntry _castRest.js
11741 silly gunzTarPerm extractEntry _castSlice.js
11742 silly gunzTarPerm extractEntry lib-vendor/d3-format/src/formatPrefixAuto.js
11743 silly gunzTarPerm extractEntry lib-vendor/d3-format/src/formatRounded.js
11744 silly gunzTarPerm extractEntry data/features/css-at-counter-style.js
11745 silly gunzTarPerm extractEntry data/features/css-autofill.js
11746 silly gentlyRm /Users/hyypucs/work/Antigravity2/ai_pkt/frontend/node_modules/.staging/d3-array-dae1188f/node_modules is being purged
11747 verbose gentlyRm don't care about contents; nuking /Users/hyypucs/work/Antigravity2/ai_pkt/frontend/node_modules/.staging/d3-array-dae1188f/node_modules
11748 silly gunzTarPerm extractEntry lib/helpers/iterableToArray.js.map
11749 silly gunzTarPerm extractEntry lib/helpers/iterableToArrayLimit.js
11750 silly gunzTarPerm extractEntry helpers/esm/nonIterableSpread.js
11751 silly gunzTarPerm extractEntry helpers/esm/nullishReceiverError.js
11752 silly gunzTarPerm extractEntry es6/cartesian/ReferenceLine.js
11753 silly gunzTarPerm extractEntry lib/cartesian/ReferenceLine.js
11754 silly gunzTarPerm extractEntry dist/esm/icons/axe.js
11755 silly gunzTarPerm extractEntry dist/esm/icons/axis-3-d.js
11756 silly gunzTarPerm extractEntry _charsEndIndex.js
11757 silly gunzTarPerm extractEntry _charsStartIndex.js
11758 silly gunzTarPerm extractEntry lib-vendor/d3-format/src/formatSpecifier.js
11759 silly gunzTarPerm extractEntry lib-vendor/d3-format/src/formatTrim.js
11760 silly gunzTarPerm extractEntry data/features/css-backdrop-filter.js
11761 silly gunzTarPerm extractEntry data/features/css-background-offsets.js
11762 silly gunzTarPerm extractEntry lib/helpers/iterableToArrayLimit.js.map
11763 silly gunzTarPerm extractEntry lib/helpers/jsx.js
11764 silly gunzTarPerm extractEntry helpers/esm/objectDestructuringEmpty.js
11765 silly gunzTarPerm extractEntry helpers/esm/objectSpread.js
11766 silly gunzTarPerm extractEntry es6/component/ResponsiveContainer.js
11767 silly gunzTarPerm extractEntry lib/component/ResponsiveContainer.js
11768 silly gunzTarPerm extractEntry dist/esm/icons/axis-3d.js
11769 silly gunzTarPerm extractEntry dist/esm/icons/baby.js
11770 silly gunzTarPerm extractEntry lib-vendor/d3-format/src/formatTypes.js
11771 silly gunzTarPerm extractEntry lib-vendor/d3-array/src/threshold/freedmanDiaconis.js
11772 silly gunzTarPerm extractEntry _cloneArrayBuffer.js
11773 silly gunzTarPerm extractEntry _cloneBuffer.js
11774 silly gunzTarPerm extractEntry data/features/css-backgroundblendmode.js
11775 silly gunzTarPerm extractEntry data/features/css-boxdecorationbreak.js
11776 silly gunzTarPerm extractEntry helpers/esm/objectSpread2.js
11777 silly gunzTarPerm extractEntry helpers/esm/objectWithoutProperties.js
11778 silly gunzTarPerm extractEntry lib/helpers/jsx.js.map
11779 silly gunzTarPerm extractEntry lib/helpers/maybeArrayLike.js
11780 silly gentlyRm /Users/hyypucs/work/Antigravity2/ai_pkt/frontend/node_modules/.staging/d3-shape-c9a8643b/node_modules is being purged
11781 verbose gentlyRm don't care about contents; nuking /Users/hyypucs/work/Antigravity2/ai_pkt/frontend/node_modules/.staging/d3-shape-c9a8643b/node_modules
11782 silly gunzTarPerm extractEntry es6/chart/Sankey.js
11783 silly gunzTarPerm extractEntry lib/chart/Sankey.js
11784 silly gunzTarPerm extractEntry dist/esm/icons/backpack.js
11785 silly gunzTarPerm extractEntry dist/esm/icons/badge-alert.js
11786 silly gentlyRm /Users/hyypucs/work/Antigravity2/ai_pkt/frontend/node_modules/.staging/rollup-5785a5d1/node_modules is being purged
11787 verbose gentlyRm don't care about contents; nuking /Users/hyypucs/work/Antigravity2/ai_pkt/frontend/node_modules/.staging/rollup-5785a5d1/node_modules
11788 silly gunzTarPerm extractEntry lib-vendor/d3-array/src/fsum.js
11789 silly gunzTarPerm extractEntry lib-vendor/d3-array/src/greatest.js
11790 silly gunzTarPerm extractEntry _cloneDataView.js
11791 silly gunzTarPerm extractEntry _cloneRegExp.js
11792 silly gunzTarPerm extractEntry data/features/css-boxshadow.js
11793 silly gunzTarPerm extractEntry data/features/css-canvas.js
11794 silly gunzTarPerm extractEntry helpers/esm/objectWithoutPropertiesLoose.js
11795 silly gunzTarPerm extractEntry helpers/esm/package.json
11796 silly gunzTarPerm extractEntry lib/helpers/maybeArrayLike.js.map
11797 silly gunzTarPerm extractEntry lib/helpers/newArrowCheck.js
11798 silly gunzTarPerm extractEntry dist/esm/icons/badge-cent.js
11799 silly gunzTarPerm extractEntry dist/esm/icons/badge-check.js
11800 silly gunzTarPerm extractEntry es6/cartesian/Scatter.js
11801 silly gunzTarPerm extractEntry lib/cartesian/Scatter.js
11802 silly gunzTarPerm extractEntry _cloneSymbol.js
11803 silly gunzTarPerm extractEntry _cloneTypedArray.js
11804 silly gunzTarPerm extractEntry lib-vendor/d3-array/src/greatestIndex.js
11805 silly gunzTarPerm extractEntry lib-vendor/d3-array/src/group.js
11806 silly gunzTarPerm extractEntry data/features/css-caret-color.js
11807 silly gunzTarPerm extractEntry data/features/css-cascade-layers.js
11808 silly gunzTarPerm extractEntry helpers/esm/possibleConstructorReturn.js
11809 silly gunzTarPerm extractEntry helpers/esm/readOnlyError.js
11810 silly gunzTarPerm extractEntry lib/helpers/newArrowCheck.js.map
11811 silly gunzTarPerm extractEntry lib/helpers/nonIterableRest.js
11812 silly gunzTarPerm extractEntry dist/esm/icons/badge-dollar-sign.js
11813 silly gunzTarPerm extractEntry dist/esm/icons/badge-euro.js
11814 silly gunzTarPerm extractEntry es6/chart/ScatterChart.js
11815 silly gunzTarPerm extractEntry lib/chart/ScatterChart.js
11816 silly gunzTarPerm extractEntry lib-vendor/d3-array/src/groupSort.js
11817 silly gunzTarPerm extractEntry lib-vendor/d3-interpolate/src/hcl.js
11818 silly gunzTarPerm extractEntry _compareAscending.js
11819 silly gunzTarPerm extractEntry _compareMultiple.js
11820 silly gunzTarPerm extractEntry data/features/css-cascade-scope.js
11821 silly gunzTarPerm extractEntry data/features/css-case-insensitive.js
11822 silly gunzTarPerm extractEntry helpers/esm/regenerator.js
11823 silly gunzTarPerm extractEntry helpers/esm/regeneratorAsync.js
11824 silly gunzTarPerm extractEntry lib/helpers/nonIterableRest.js.map
11825 silly gunzTarPerm extractEntry lib/helpers/nonIterableSpread.js
11826 silly gunzTarPerm extractEntry dist/esm/icons/badge-help.js
11827 silly gunzTarPerm extractEntry dist/esm/icons/badge-indian-rupee.js
11828 silly gunzTarPerm extractEntry lib-vendor/d3-time/src/hour.js
11829 silly gunzTarPerm extractEntry lib-vendor/d3-interpolate/src/hsl.js
11830 silly gunzTarPerm extractEntry es6/util/ScatterUtils.js
11831 silly gunzTarPerm extractEntry lib/util/ScatterUtils.js
11832 silly gunzTarPerm extractEntry _composeArgs.js
11833 silly gunzTarPerm extractEntry _composeArgsRight.js
11834 silly gunzTarPerm extractEntry data/features/css-clip-path.js
11835 silly gunzTarPerm extractEntry data/features/css-color-adjust.js
11836 silly gunzTarPerm extractEntry helpers/esm/regeneratorAsyncGen.js
11837 silly gunzTarPerm extractEntry helpers/esm/regeneratorAsyncIterator.js
11838 silly gunzTarPerm extractEntry lib/helpers/nonIterableSpread.js.map
11839 silly gunzTarPerm extractEntry lib/helpers/nullishReceiverError.js
11840 silly gunzTarPerm extractEntry dist/esm/icons/badge-info.js
11841 silly gunzTarPerm extractEntry dist/esm/icons/badge-japanese-yen.js
11842 silly gunzTarPerm extractEntry lib-vendor/d3-interpolate/src/hue.js
11843 silly gunzTarPerm extractEntry lib-vendor/d3-array/src/identity.js
11844 silly gunzTarPerm extractEntry es6/shape/Sector.js
11845 silly gunzTarPerm extractEntry lib/shape/Sector.js
11846 silly gunzTarPerm extractEntry fp/_convertBrowser.js
11847 silly gunzTarPerm extractEntry _copyArray.js
11848 silly gunzTarPerm extractEntry data/features/css-color-function.js
11849 silly gunzTarPerm extractEntry data/features/css-conic-gradients.js
11850 silly gentlyRm /Users/hyypucs/work/Antigravity2/ai_pkt/frontend/node_modules/.staging/@babel/traverse-c89c2157/node_modules is being purged
11851 verbose gentlyRm don't care about contents; nuking /Users/hyypucs/work/Antigravity2/ai_pkt/frontend/node_modules/.staging/@babel/traverse-c89c2157/node_modules
11852 silly gunzTarPerm extractEntry helpers/esm/regeneratorDefine.js
11853 silly gunzTarPerm extractEntry helpers/esm/regeneratorKeys.js
11854 silly gunzTarPerm extractEntry lib/helpers/nullishReceiverError.js.map
11855 silly gunzTarPerm extractEntry lib/helpers/objectDestructuringEmpty.js
11856 silly gunzTarPerm extractEntry dist/esm/icons/badge-minus.js
11857 silly gunzTarPerm extractEntry dist/esm/icons/badge-percent.js
11858 silly gunzTarPerm extractEntry es6/util/ShallowEqual.js
11859 silly gunzTarPerm extractEntry lib/util/ShallowEqual.js
11860 silly gunzTarPerm extractEntry es6/chart/SunburstChart.js
11861 silly gunzTarPerm extractEntry lib-vendor/d3-format/src/identity.js
11862 silly gunzTarPerm extractEntry lib-vendor/d3-scale/src/identity.js
11863 silly gunzTarPerm extractEntry lib/chart/SunburstChart.js
11864 silly gunzTarPerm extractEntry _copyObject.js
11865 silly gunzTarPerm extractEntry _copySymbols.js
11866 silly gunzTarPerm extractEntry data/features/css-container-queries-style.js
11867 silly gunzTarPerm extractEntry data/features/css-container-queries.js
11868 silly gunzTarPerm extractEntry helpers/esm/regeneratorRuntime.js
11869 silly gunzTarPerm extractEntry helpers/esm/regeneratorValues.js
11870 silly gunzTarPerm extractEntry lib/helpers/objectDestructuringEmpty.js.map
11871 silly gunzTarPerm extractEntry lib/helpers/objectSpread.js
11872 silly gunzTarPerm extractEntry lib-vendor/d3-shape/src/identity.js
11873 silly gunzTarPerm extractEntry lib-vendor/d3-array/src/index.js
11874 silly gunzTarPerm extractEntry dist/esm/icons/badge-plus.js
11875 silly gunzTarPerm extractEntry dist/esm/icons/badge-pound-sterling.js
11876 silly gunzTarPerm extractEntry _copySymbolsIn.js
11877 silly gunzTarPerm extractEntry _coreJsData.js
11878 silly gunzTarPerm extractEntry es6/container/Surface.js
11879 silly gunzTarPerm extractEntry lib/container/Surface.js
11880 silly gunzTarPerm extractEntry es6/shape/Symbols.js
11881 silly gunzTarPerm extractEntry data/features/css-container-query-units.js
11882 silly gunzTarPerm extractEntry data/features/css-containment.js
11883 silly gunzTarPerm extractEntry helpers/esm/set.js
11884 silly gunzTarPerm extractEntry helpers/esm/setFunctionName.js
11885 silly gunzTarPerm extractEntry lib-vendor/d3-color/src/index.js
11886 silly gunzTarPerm extractEntry lib-vendor/d3-ease/src/index.js
11887 silly gunzTarPerm extractEntry lib/helpers/objectSpread.js.map
11888 silly gunzTarPerm extractEntry lib/helpers/objectSpread2.js
11889 silly gunzTarPerm extractEntry dist/esm/icons/badge-russian-ruble.js
11890 silly gunzTarPerm extractEntry dist/esm/icons/badge-swiss-franc.js
11891 silly gunzTarPerm extractEntry _countHolders.js
11892 silly gunzTarPerm extractEntry _createAggregator.js
11893 silly gunzTarPerm extractEntry data/features/css-content-visibility.js
11894 silly gunzTarPerm extractEntry data/features/css-counters.js
11895 silly gunzTarPerm extractEntry helpers/esm/setPrototypeOf.js
11896 silly gunzTarPerm extractEntry helpers/esm/skipFirstGeneratorNext.js
11897 silly gunzTarPerm extractEntry lib-vendor/d3-format/src/index.js
11898 silly gunzTarPerm extractEntry lib-vendor/d3-interpolate/src/index.js
11899 silly gunzTarPerm extractEntry lib/shape/Symbols.js
11900 silly gunzTarPerm extractEntry es6/component/Text.js
11901 silly gunzTarPerm extractEntry lib/helpers/objectSpread2.js.map
11902 silly gunzTarPerm extractEntry lib/helpers/objectWithoutProperties.js
11903 silly gunzTarPerm extractEntry dist/esm/icons/badge-x.js
11904 silly gunzTarPerm extractEntry dist/esm/icons/badge.js
11905 silly gentlyRm /Users/hyypucs/work/Antigravity2/ai_pkt/frontend/node_modules/.staging/d3-format-451b78a7/node_modules is being purged
11906 verbose gentlyRm don't care about contents; nuking /Users/hyypucs/work/Antigravity2/ai_pkt/frontend/node_modules/.staging/d3-format-451b78a7/node_modules
11907 silly gunzTarPerm extractEntry _createAssigner.js
11908 silly gunzTarPerm extractEntry _createBaseEach.js
11909 silly gunzTarPerm extractEntry helpers/esm/slicedToArray.js
11910 silly gunzTarPerm extractEntry helpers/esm/superPropBase.js
11911 silly gunzTarPerm extractEntry data/features/css-crisp-edges.js
11912 silly gunzTarPerm extractEntry data/features/css-cross-fade.js
11913 silly gunzTarPerm extractEntry lib-vendor/d3-interpolate/src/transform/index.js
11914 silly gunzTarPerm extractEntry lib-vendor/d3-path/src/index.js
11915 silly gunzTarPerm extractEntry lib/component/Text.js
11916 silly gunzTarPerm extractEntry es6/util/TickUtils.js
11917 silly gunzTarPerm extractEntry lib/helpers/objectWithoutProperties.js.map
11918 silly gunzTarPerm extractEntry lib/helpers/objectWithoutPropertiesLoose.js
11919 silly gunzTarPerm extractEntry dist/esm/icons/baggage-claim.js
11920 silly gunzTarPerm extractEntry dist/esm/icons/ban.js
11921 silly gunzTarPerm extractEntry _createBaseFor.js
11922 silly gunzTarPerm extractEntry _createBind.js
11923 silly gunzTarPerm extractEntry helpers/esm/superPropGet.js
11924 silly gunzTarPerm extractEntry helpers/esm/superPropSet.js
11925 silly gunzTarPerm extractEntry data/features/css-default-pseudo.js
11926 silly gunzTarPerm extractEntry data/features/css-descendant-gtgt.js
11927 silly gunzTarPerm extractEntry lib-vendor/d3-scale/src/index.js
11928 silly gunzTarPerm extractEntry lib-vendor/d3-shape/src/index.js
11929 silly gunzTarPerm extractEntry lib/helpers/objectWithoutPropertiesLoose.js.map
11930 silly gunzTarPerm extractEntry lib/helpers/possibleConstructorReturn.js
11931 silly gunzTarPerm extractEntry lib/util/TickUtils.js
11932 silly gunzTarPerm extractEntry es6/component/Tooltip.js
11933 silly gunzTarPerm extractEntry dist/esm/icons/banana.js
11934 silly gunzTarPerm extractEntry dist/esm/icons/banknote.js
11935 silly gunzTarPerm extractEntry _createCaseFirst.js
11936 silly gunzTarPerm extractEntry _createCompounder.js
11937 silly gunzTarPerm extractEntry helpers/esm/taggedTemplateLiteral.js
11938 silly gunzTarPerm extractEntry helpers/esm/taggedTemplateLiteralLoose.js
11939 silly gunzTarPerm extractEntry data/features/css-deviceadaptation.js
11940 silly gunzTarPerm extractEntry data/features/css-dir-pseudo.js
11941 silly gunzTarPerm extractEntry lib-vendor/d3-time-format/src/index.js
11942 silly gunzTarPerm extractEntry lib-vendor/d3-time/src/index.js
11943 silly gentlyRm /Users/hyypucs/work/Antigravity2/ai_pkt/frontend/node_modules/.staging/vite-94c38a43/node_modules is being purged
11944 verbose gentlyRm don't care about contents; nuking /Users/hyypucs/work/Antigravity2/ai_pkt/frontend/node_modules/.staging/vite-94c38a43/node_modules
11945 silly gunzTarPerm extractEntry lib/helpers/possibleConstructorReturn.js.map
11946 silly gunzTarPerm extractEntry lib/helpers/readOnlyError.js
11947 silly gunzTarPerm extractEntry lib/component/Tooltip.js
11948 silly gunzTarPerm extractEntry es6/component/TooltipBoundingBox.js
11949 silly gunzTarPerm extractEntry dist/esm/icons/bar-chart-2.js
11950 silly gunzTarPerm extractEntry dist/esm/icons/bar-chart-3.js
11951 silly gunzTarPerm extractEntry _createCtor.js
11952 silly gunzTarPerm extractEntry _createCurry.js
11953 silly gunzTarPerm extractEntry helpers/esm/tdz.js
11954 silly gunzTarPerm extractEntry helpers/esm/temporalRef.js
11955 silly gunzTarPerm extractEntry lib-vendor/d3-timer/src/index.js
11956 silly gunzTarPerm extractEntry lib-vendor/d3-voronoi/src/index.js
11957 silly gunzTarPerm extractEntry data/features/css-display-contents.js
11958 silly gunzTarPerm extractEntry data/features/css-element-function.js
11959 silly gunzTarPerm extractEntry lib/helpers/readOnlyError.js.map
11960 silly gunzTarPerm extractEntry lib/helpers/regenerator.js
11961 silly gunzTarPerm extractEntry lib/component/TooltipBoundingBox.js
11962 silly gunzTarPerm extractEntry es6/util/tooltip/translate.js
11963 silly gunzTarPerm extractEntry lib/util/tooltip/translate.js
11964 silly gunzTarPerm extractEntry es6/shape/Trapezoid.js
11965 silly gunzTarPerm extractEntry _createFind.js
11966 silly gunzTarPerm extractEntry _createFlow.js
11967 silly gunzTarPerm extractEntry dist/esm/icons/bar-chart-4.js
11968 silly gunzTarPerm extractEntry dist/esm/icons/bar-chart-big.js
11969 silly gunzTarPerm extractEntry lib/shape/Trapezoid.js
11970 silly gunzTarPerm extractEntry helpers/esm/temporalUndefined.js
11971 silly gunzTarPerm extractEntry helpers/esm/toArray.js
11972 silly gunzTarPerm extractEntry lib-vendor/internmap/src/index.js
11973 silly gunzTarPerm extractEntry lib-vendor/d3-scale/src/init.js
11974 silly gunzTarPerm extractEntry data/features/css-env-function.js
11975 silly gunzTarPerm extractEntry data/features/css-exclusions.js
11976 silly gunzTarPerm extractEntry es6/chart/Treemap.js
11977 silly gunzTarPerm extractEntry lib/chart/Treemap.js
11978 silly gunzTarPerm extractEntry lib/helpers/regenerator.js.map
11979 silly gunzTarPerm extractEntry es6/chart/types.js
11980 silly gunzTarPerm extractEntry _createHybrid.js
11981 silly gunzTarPerm extractEntry _createInverter.js
11982 silly gunzTarPerm extractEntry helpers/esm/toConsumableArray.js
11983 silly gunzTarPerm extractEntry helpers/esm/toPrimitive.js
11984 silly gunzTarPerm extractEntry dist/esm/icons/bar-chart-horizontal-big.js
11985 silly gunzTarPerm extractEntry dist/esm/icons/bar-chart-horizontal.js
11986 silly gunzTarPerm extractEntry lib-vendor/d3-shape/src/order/insideOut.js
11987 silly gunzTarPerm extractEntry es/internmap.js
11988 silly gunzTarPerm extractEntry data/features/css-featurequeries.js
11989 silly gunzTarPerm extractEntry data/features/css-file-selector-button.js
11990 silly gunzTarPerm extractEntry lib/helpers/regeneratorAsync.js
11991 silly gunzTarPerm extractEntry lib/helpers/regeneratorAsync.js.map
11992 silly gunzTarPerm extractEntry es6/polar/types.js
11993 silly gunzTarPerm extractEntry es6/util/types.js
11994 silly gunzTarPerm extractEntry lib/chart/types.js
11995 silly gunzTarPerm extractEntry helpers/esm/toPropertyKey.js
11996 silly gunzTarPerm extractEntry helpers/esm/toSetter.js
11997 silly gunzTarPerm extractEntry dist/esm/icons/bar-chart.js
11998 silly gunzTarPerm extractEntry dist/esm/icons/barcode.js
11999 silly gunzTarPerm extractEntry _createMathOperation.js
12000 silly gunzTarPerm extractEntry _createOver.js
12001 silly gunzTarPerm extractEntry lib/internmap.js
12002 silly gunzTarPerm extractEntry lib-vendor/d3-array/src/intersection.js
12003 silly gunzTarPerm extractEntry data/features/css-filter-function.js
12004 silly gunzTarPerm extractEntry data/features/css-filters.js
12005 silly gunzTarPerm extractEntry lib/polar/types.js
12006 silly gunzTarPerm extractEntry lib/util/types.js
12007 silly gunzTarPerm extractEntry lib/helpers/regeneratorAsyncGen.js
12008 silly gunzTarPerm extractEntry lib/helpers/regeneratorAsyncGen.js.map
12009 silly gunzTarPerm extractEntry es6/cartesian/XAxis.js
12010 silly gunzTarPerm extractEntry helpers/esm/tsRewriteRelativeImportExtensions.js
12011 silly gunzTarPerm extractEntry helpers/esm/typeof.js
12012 silly gunzTarPerm extractEntry lib/cartesian/XAxis.js
12013 silly gunzTarPerm extractEntry lib-vendor/d3-time/src/interval.js
12014 silly gunzTarPerm extractEntry lib-vendor/d3-timer/src/interval.js
12015 silly gunzTarPerm extractEntry dist/esm/icons/baseline.js
12016 silly gunzTarPerm extractEntry dist/esm/icons/bath.js
12017 silly gunzTarPerm extractEntry _createPadding.js
12018 silly gunzTarPerm extractEntry _createPartial.js
12019 silly gunzTarPerm extractEntry es6/cartesian/YAxis.js
12020 silly gunzTarPerm extractEntry data/features/css-first-letter.js
12021 silly gunzTarPerm extractEntry data/features/css-first-line.js
12022 silly gunzTarPerm extractEntry lib/cartesian/YAxis.js
12023 silly gunzTarPerm extractEntry lib/helpers/regeneratorAsyncIterator.js
12024 silly gunzTarPerm extractEntry lib/helpers/regeneratorAsyncIterator.js.map
12025 silly gunzTarPerm extractEntry helpers/esm/unsupportedIterableToArray.js
12026 silly gunzTarPerm extractEntry helpers/esm/using.js
12027 silly gunzTarPerm extractEntry lib-vendor/d3-time-format/src/isoFormat.js
12028 silly gunzTarPerm extractEntry lib-vendor/d3-time-format/src/isoParse.js
12029 silly gunzTarPerm extractEntry dist/esm/icons/battery-charging.js
12030 silly gunzTarPerm extractEntry dist/esm/icons/battery-full.js
12031 silly gunzTarPerm extractEntry _createRange.js
12032 silly gunzTarPerm extractEntry _createRecurry.js
12033 silly gunzTarPerm extractEntry data/features/css-fixed.js
12034 silly gunzTarPerm extractEntry data/features/css-focus-visible.js
12035 silly gunzTarPerm extractEntry es6/cartesian/ZAxis.js
12036 silly gunzTarPerm extractEntry lib/cartesian/ZAxis.js
12037 silly gunzTarPerm extractEntry lib/helpers/regeneratorDefine.js
12038 silly gunzTarPerm extractEntry lib/helpers/regeneratorDefine.js.map
12039 silly gunzTarPerm extractEntry helpers/esm/usingCtx.js
12040 silly gunzTarPerm extractEntry helpers/esm/wrapAsyncGenerator.js
12041 silly gunzTarPerm extractEntry lib-vendor/d3-color/src/lab.js
12042 silly gunzTarPerm extractEntry lib-vendor/d3-interpolate/src/lab.js
12043 silly gunzTarPerm extractEntry package.json
12044 silly gunzTarPerm extractEntry dist/esm/icons/battery-low.js
12045 silly gunzTarPerm extractEntry dist/esm/icons/battery-medium.js
12046 silly gunzTarPerm extractEntry README.md
12047 silly gunzTarPerm extractEntry _createRelationalOperation.js
12048 silly gunzTarPerm extractEntry _createRound.js
12049 silly gunzTarPerm extractEntry data/features/css-focus-within.js
12050 silly gunzTarPerm extractEntry data/features/css-font-palette.js
12051 silly gunzTarPerm extractEntry lib/helpers/regeneratorKeys.js
12052 silly gunzTarPerm extractEntry lib/helpers/regeneratorKeys.js.map
12053 silly gunzTarPerm extractEntry package.json
12054 silly gunzTarPerm extractEntry umd/Recharts.js.map
12055 silly gunzTarPerm extractEntry helpers/esm/wrapNativeSuper.js
12056 silly gunzTarPerm extractEntry helpers/esm/wrapRegExp.js
12057 silly gunzTarPerm extractEntry lib-vendor/d3-array/src/least.js
12058 silly gunzTarPerm extractEntry lib-vendor/d3-array/src/leastIndex.js
12059 silly gunzTarPerm extractEntry dist/esm/icons/battery-warning.js
12060 silly gunzTarPerm extractEntry dist/esm/icons/battery.js
12061 silly gunzTarPerm extractEntry _createSet.js
12062 silly gunzTarPerm extractEntry _createToPairs.js
12063 silly gunzTarPerm extractEntry data/features/css-font-rendering-controls.js
12064 silly gunzTarPerm extractEntry data/features/css-font-stretch.js
12065 silly gunzTarPerm extractEntry helpers/esm/writeOnlyError.js
12066 silly gunzTarPerm extractEntry helpers/extends.js
12067 silly gunzTarPerm extractEntry lib-vendor/d3-shape/src/line.js
12068 silly gunzTarPerm extractEntry lib-vendor/d3-ease/src/linear.js
12069 silly gunzTarPerm extractEntry lib/helpers/regeneratorRuntime.js
12070 silly gunzTarPerm extractEntry lib/helpers/regeneratorRuntime.js.map
12071 silly gunzTarPerm extractEntry _createWrap.js
12072 silly gunzTarPerm extractEntry _customDefaultsAssignIn.js
12073 silly gunzTarPerm extractEntry dist/esm/icons/beaker.js
12074 silly gunzTarPerm extractEntry dist/esm/icons/bean-off.js
12075 silly gunzTarPerm extractEntry lib-vendor/d3-scale/src/linear.js
12076 silly gunzTarPerm extractEntry lib-vendor/d3-shape/src/curve/linear.js
12077 silly gunzTarPerm extractEntry helpers/get.js
12078 silly gunzTarPerm extractEntry helpers/getPrototypeOf.js
12079 silly gunzTarPerm extractEntry lib/helpers/regeneratorValues.js
12080 silly gunzTarPerm extractEntry lib/helpers/regeneratorValues.js.map
12081 silly gunzTarPerm extractEntry data/features/css-gencontent.js
12082 silly gunzTarPerm extractEntry data/features/css-gradients.js
12083 silly gunzTarPerm extractEntry _customDefaultsMerge.js
12084 silly gunzTarPerm extractEntry _customOmitClone.js
12085 silly gunzTarPerm extractEntry dist/esm/icons/bean.js
12086 silly gunzTarPerm extractEntry dist/esm/icons/bed-double.js
12087 silly gunzTarPerm extractEntry lib-vendor/d3-shape/src/curve/linearClosed.js
12088 silly gunzTarPerm extractEntry lib-vendor/d3-shape/src/lineRadial.js
12089 silly gunzTarPerm extractEntry helpers/identity.js
12090 silly gunzTarPerm extractEntry helpers/importDeferProxy.js
12091 silly gunzTarPerm extractEntry lib/helpers/set.js
12092 silly gunzTarPerm extractEntry lib/helpers/set.js.map
12093 silly gunzTarPerm extractEntry data/features/css-grid-animation.js
12094 silly gunzTarPerm extractEntry data/features/css-grid-lanes.js
12095 silly gunzTarPerm extractEntry _DataView.js
12096 silly gunzTarPerm extractEntry _deburrLetter.js
12097 silly gunzTarPerm extractEntry dist/esm/icons/bed-single.js
12098 silly gunzTarPerm extractEntry dist/esm/icons/bed.js
12099 silly gunzTarPerm extractEntry lib-vendor/d3-shape/src/link.js
12100 silly gunzTarPerm extractEntry lib-vendor/d3-format/src/locale.js
12101 silly gunzTarPerm extractEntry helpers/inherits.js
12102 silly gunzTarPerm extractEntry helpers/inheritsLoose.js
12103 silly gunzTarPerm extractEntry lib/helpers/setFunctionName.js
12104 silly gunzTarPerm extractEntry lib/helpers/setFunctionName.js.map
12105 silly gunzTarPerm extractEntry data/features/css-grid.js
12106 silly gunzTarPerm extractEntry data/features/css-hanging-punctuation.js
12107 silly gunzTarPerm extractEntry dist/esm/icons/beef.js
12108 silly gunzTarPerm extractEntry dist/esm/icons/beer.js
12109 silly gunzTarPerm extractEntry _defineProperty.js
12110 silly gunzTarPerm extractEntry _equalArrays.js
12111 silly gunzTarPerm extractEntry helpers/initializerDefineProperty.js
12112 silly gunzTarPerm extractEntry helpers/initializerWarningHelper.js
12113 silly gunzTarPerm extractEntry lib-vendor/d3-time-format/src/locale.js
12114 silly gunzTarPerm extractEntry lib-vendor/d3-scale/src/log.js
12115 silly gunzTarPerm extractEntry lib/helpers/setPrototypeOf.js
12116 silly gunzTarPerm extractEntry lib/helpers/setPrototypeOf.js.map
12117 silly gunzTarPerm extractEntry data/features/css-has.js
12118 silly gunzTarPerm extractEntry data/features/css-hyphens.js
12119 silly gunzTarPerm extractEntry _equalByTag.js
12120 silly gunzTarPerm extractEntry _equalObjects.js
12121 silly gunzTarPerm extractEntry helpers/instanceof.js
12122 silly gunzTarPerm extractEntry helpers/interopRequireDefault.js
12123 silly gunzTarPerm extractEntry lib-vendor/d3-array/src/map.js
12124 silly gunzTarPerm extractEntry lib-vendor/d3-color/src/math.js
12125 silly gunzTarPerm extractEntry dist/esm/icons/bell-dot.js
12126 silly gunzTarPerm extractEntry dist/esm/icons/bell-electric.js
12127 silly gunzTarPerm extractEntry lib/helpers/skipFirstGeneratorNext.js
12128 silly gunzTarPerm extractEntry lib/helpers/skipFirstGeneratorNext.js.map
12129 silly gunzTarPerm extractEntry data/features/css-if.js
12130 silly gunzTarPerm extractEntry data/features/css-image-orientation.js
12131 silly gunzTarPerm extractEntry _escapeHtmlChar.js
12132 silly gunzTarPerm extractEntry _escapeStringChar.js
12133 silly gunzTarPerm extractEntry helpers/interopRequireWildcard.js
12134 silly gunzTarPerm extractEntry helpers/isNativeFunction.js
12135 silly gunzTarPerm extractEntry lib-vendor/d3-ease/src/math.js
12136 silly gunzTarPerm extractEntry lib-vendor/d3-shape/src/math.js
12137 silly gunzTarPerm extractEntry dist/esm/icons/bell-minus.js
12138 silly gunzTarPerm extractEntry dist/esm/icons/bell-off.js
12139 silly gunzTarPerm extractEntry data/features/css-image-set.js
12140 silly gunzTarPerm extractEntry data/features/css-in-out-of-range.js
12141 silly gunzTarPerm extractEntry lib/helpers/slicedToArray.js
12142 silly gunzTarPerm extractEntry lib/helpers/slicedToArray.js.map
12143 silly gunzTarPerm extractEntry fp/_falseOptions.js
12144 silly gunzTarPerm extractEntry _flatRest.js
12145 silly gunzTarPerm extractEntry helpers/isNativeReflectConstruct.js
12146 silly gunzTarPerm extractEntry helpers/iterableToArray.js
12147 silly gunzTarPerm extractEntry lib-vendor/d3-array/src/max.js
12148 silly gunzTarPerm extractEntry lib-vendor/d3-array/src/maxIndex.js
12149 silly gunzTarPerm extractEntry dist/esm/icons/bell-plus.js
12150 silly gunzTarPerm extractEntry dist/esm/icons/bell-ring.js
12151 silly gunzTarPerm extractEntry data/features/css-indeterminate-pseudo.js
12152 silly gunzTarPerm extractEntry data/features/css-initial-letter.js
12153 silly gunzTarPerm extractEntry lib/helpers/superPropBase.js
12154 silly gunzTarPerm extractEntry lib/helpers/superPropBase.js.map
12155 silly gunzTarPerm extractEntry helpers/iterableToArrayLimit.js
12156 silly gunzTarPerm extractEntry helpers/jsx.js
12157 silly gunzTarPerm extractEntry _freeGlobal.js
12158 silly gunzTarPerm extractEntry _getAllKeys.js
12159 silly gunzTarPerm extractEntry lib-vendor/d3-array/src/mean.js
12160 silly gunzTarPerm extractEntry lib-vendor/d3-array/src/median.js
12161 silly gunzTarPerm extractEntry dist/esm/icons/bell.js
12162 silly gunzTarPerm extractEntry dist/esm/icons/bike.js
12163 silly gunzTarPerm extractEntry data/features/css-initial-value.js
12164 silly gunzTarPerm extractEntry data/features/css-lch-lab.js
12165 silly gunzTarPerm extractEntry lib/helpers/superPropGet.js
12166 silly gunzTarPerm extractEntry lib/helpers/superPropGet.js.map
12167 silly gunzTarPerm extractEntry helpers/maybeArrayLike.js
12168 silly gunzTarPerm extractEntry helpers/newArrowCheck.js
12169 silly gunzTarPerm extractEntry lib-vendor/d3-array/src/merge.js
12170 silly gunzTarPerm extractEntry lib-vendor/d3-time/src/millisecond.js
12171 silly gunzTarPerm extractEntry _getAllKeysIn.js
12172 silly gunzTarPerm extractEntry _getData.js
12173 silly gunzTarPerm extractEntry dist/esm/icons/binary.js
12174 silly gunzTarPerm extractEntry dist/esm/icons/biohazard.js
12175 silly gunzTarPerm extractEntry data/features/css-letter-spacing.js
12176 silly gunzTarPerm extractEntry data/features/css-line-clamp.js
12177 silly gentlyRm /Users/hyypucs/work/Antigravity2/ai_pkt/frontend/node_modules/.staging/react-dom-7ebd7deb/node_modules is being purged
12178 verbose gentlyRm don't care about contents; nuking /Users/hyypucs/work/Antigravity2/ai_pkt/frontend/node_modules/.staging/react-dom-7ebd7deb/node_modules
12179 silly gunzTarPerm extractEntry lib/helpers/superPropSet.js
12180 silly gunzTarPerm extractEntry lib/helpers/superPropSet.js.map
12181 silly gunzTarPerm extractEntry lib-vendor/d3-array/src/min.js
12182 silly gunzTarPerm extractEntry lib-vendor/d3-array/src/minIndex.js
12183 silly gunzTarPerm extractEntry helpers/nonIterableRest.js
12184 silly gunzTarPerm extractEntry helpers/nonIterableSpread.js
12185 silly gunzTarPerm extractEntry _getFuncName.js
12186 silly gunzTarPerm extractEntry _getHolder.js
12187 silly gunzTarPerm extractEntry dist/esm/icons/bird.js
12188 silly gunzTarPerm extractEntry dist/esm/icons/bitcoin.js
12189 silly gunzTarPerm extractEntry data/features/css-logical-props.js
12190 silly gunzTarPerm extractEntry data/features/css-marker-pseudo.js
12191 silly gunzTarPerm extractEntry lib/helpers/taggedTemplateLiteral.js
12192 silly gunzTarPerm extractEntry lib/helpers/taggedTemplateLiteral.js.map
12193 silly gunzTarPerm extractEntry helpers/nullishReceiverError.js
12194 silly gunzTarPerm extractEntry helpers/objectDestructuringEmpty.js
12195 silly gunzTarPerm extractEntry lib-vendor/d3-time/src/minute.js
12196 silly gunzTarPerm extractEntry lib-vendor/d3-array/src/mode.js
12197 silly gunzTarPerm extractEntry _getMapData.js
12198 silly gunzTarPerm extractEntry _getMatchData.js
12199 silly gunzTarPerm extractEntry dist/esm/icons/blinds.js
12200 silly gunzTarPerm extractEntry dist/esm/icons/blocks.js
12201 silly gunzTarPerm extractEntry data/features/css-masks.js
12202 silly gunzTarPerm extractEntry data/features/css-matches-pseudo.js
12203 silly gunzTarPerm extractEntry lib/helpers/taggedTemplateLiteralLoose.js
12204 silly gunzTarPerm extractEntry lib/helpers/taggedTemplateLiteralLoose.js.map
12205 silly gunzTarPerm extractEntry helpers/objectSpread.js
12206 silly gunzTarPerm extractEntry helpers/objectSpread2.js
12207 silly gunzTarPerm extractEntry _getNative.js
12208 silly gunzTarPerm extractEntry _getPrototype.js
12209 silly gunzTarPerm extractEntry lib-vendor/d3-shape/src/curve/monotone.js
12210 silly gunzTarPerm extractEntry lib-vendor/d3-time/src/month.js
12211 silly gunzTarPerm extractEntry data/features/css-math-functions.js
12212 silly gunzTarPerm extractEntry data/features/css-media-interaction.js
12213 silly gunzTarPerm extractEntry dist/esm/icons/bluetooth-connected.js
12214 silly gunzTarPerm extractEntry dist/esm/icons/bluetooth-off.js
12215 silly gunzTarPerm extractEntry helpers/objectWithoutProperties.js
12216 silly gunzTarPerm extractEntry helpers/objectWithoutPropertiesLoose.js
12217 silly gunzTarPerm extractEntry lib/helpers/tdz.js
12218 silly gunzTarPerm extractEntry lib/helpers/tdz.js.map
12219 silly gunzTarPerm extractEntry _getRawTag.js
12220 silly gunzTarPerm extractEntry _getSymbols.js
12221 silly gunzTarPerm extractEntry data/features/css-media-range-syntax.js
12222 silly gunzTarPerm extractEntry data/features/css-media-resolution.js
12223 silly gunzTarPerm extractEntry CHANGELOG.md
12224 silly gunzTarPerm extractEntry dist/esm/icons/bluetooth-searching.js
12225 silly gunzTarPerm extractEntry dist/esm/icons/bluetooth.js
12226 silly gunzTarPerm extractEntry lib-vendor/d3-shape/src/curve/natural.js
12227 silly gunzTarPerm extractEntry lib-vendor/d3-array/src/nice.js
12228 silly gunzTarPerm extractEntry helpers/possibleConstructorReturn.js
12229 silly gunzTarPerm extractEntry helpers/readOnlyError.js
12230 silly gunzTarPerm extractEntry lib/helpers/temporalRef.js
12231 silly gunzTarPerm extractEntry lib/helpers/temporalRef.js.map
12232 silly gunzTarPerm extractEntry data/features/css-media-scripting.js
12233 silly gunzTarPerm extractEntry data/features/css-mediaqueries.js
12234 silly gunzTarPerm extractEntry _getSymbolsIn.js
12235 silly gunzTarPerm extractEntry _getTag.js
12236 silly gunzTarPerm extractEntry CONTRIBUTING.md
12237 silly gunzTarPerm extractEntry dist/esm/icons/bold.js
12238 silly gunzTarPerm extractEntry dist/esm/icons/bomb.js
12239 silly gunzTarPerm extractEntry helpers/regenerator.js
12240 silly gunzTarPerm extractEntry helpers/regeneratorAsync.js
12241 silly gunzTarPerm extractEntry lib-vendor/d3-scale/src/nice.js
12242 silly gunzTarPerm extractEntry lib-vendor/d3-shape/src/offset/none.js
12243 silly gunzTarPerm extractEntry lib/helpers/temporalUndefined.js
12244 silly gunzTarPerm extractEntry lib/helpers/temporalUndefined.js.map
12245 silly gunzTarPerm extractEntry _getValue.js
12246 silly gunzTarPerm extractEntry _getView.js
12247 silly gunzTarPerm extractEntry data/features/css-mixblendmode.js
12248 silly gunzTarPerm extractEntry data/features/css-module-scripts.js
12249 silly gunzTarPerm extractEntry dist/esm/icons/bone.js
12250 silly gunzTarPerm extractEntry dist/esm/icons/book-a.js
12251 silly gunzTarPerm extractEntry helpers/regeneratorAsyncGen.js
12252 silly gunzTarPerm extractEntry helpers/regeneratorAsyncIterator.js
12253 silly gunzTarPerm extractEntry README.md
12254 silly gunzTarPerm extractEntry types/chart/AccessibilityManager.d.ts
12255 silly gunzTarPerm extractEntry lib-vendor/d3-shape/src/order/none.js
12256 silly gunzTarPerm extractEntry lib-vendor/d3-shape/src/noop.js
12257 silly gunzTarPerm extractEntry lib/helpers/toArray.js
12258 silly gunzTarPerm extractEntry lib/helpers/toArray.js.map
12259 silly gunzTarPerm extractEntry _getWrapDetails.js
12260 silly gunzTarPerm extractEntry _Hash.js
12261 silly gunzTarPerm extractEntry data/features/css-motion-paths.js
12262 silly gunzTarPerm extractEntry data/features/css-namespaces.js
12263 silly gunzTarPerm extractEntry helpers/regeneratorDefine.js
12264 silly gunzTarPerm extractEntry helpers/regeneratorKeys.js
12265 silly gunzTarPerm extractEntry dist/esm/icons/book-audio.js
12266 silly gunzTarPerm extractEntry dist/esm/icons/book-check.js
12267 silly gunzTarPerm extractEntry lib-vendor/d3-array/src/number.js
12268 silly gunzTarPerm extractEntry lib-vendor/d3-interpolate/src/number.js
12269 silly gunzTarPerm extractEntry types/util/ActiveShapeUtils.d.ts
12270 silly gunzTarPerm extractEntry types/cartesian/Area.d.ts
12271 silly gunzTarPerm extractEntry lib/helpers/toConsumableArray.js
12272 silly gunzTarPerm extractEntry lib/helpers/toConsumableArray.js.map
12273 silly gunzTarPerm extractEntry _hashClear.js
12274 silly gunzTarPerm extractEntry _hashDelete.js
12275 silly gunzTarPerm extractEntry helpers/regeneratorRuntime.js
12276 silly gunzTarPerm extractEntry helpers/regeneratorValues.js
12277 silly gunzTarPerm extractEntry data/features/css-nesting.js
12278 silly gunzTarPerm extractEntry data/features/css-not-sel-list.js
12279 silly gunzTarPerm extractEntry lib-vendor/d3-scale/src/number.js
12280 silly gunzTarPerm extractEntry lib-vendor/d3-interpolate/src/numberArray.js
12281 silly gunzTarPerm extractEntry dist/esm/icons/book-copy.js
12282 silly gunzTarPerm extractEntry dist/esm/icons/book-dashed.js
12283 silly gunzTarPerm extractEntry types/chart/AreaChart.d.ts
12284 silly gunzTarPerm extractEntry types/cartesian/Bar.d.ts
12285 silly gunzTarPerm extractEntry lib/helpers/toPrimitive.js
12286 silly gunzTarPerm extractEntry lib/helpers/toPrimitive.js.map
12287 silly gunzTarPerm extractEntry _hashGet.js
12288 silly gunzTarPerm extractEntry _hashHas.js
12289 silly gunzTarPerm extractEntry helpers/set.js
12290 silly gunzTarPerm extractEntry helpers/setFunctionName.js
12291 silly gunzTarPerm extractEntry data/features/css-nth-child-of.js
12292 silly gunzTarPerm extractEntry data/features/css-opacity.js
12293 silly gunzTarPerm extractEntry lib-vendor/d3-interpolate/src/object.js
12294 silly gunzTarPerm extractEntry lib-vendor/d3-scale/src/ordinal.js
12295 silly gunzTarPerm extractEntry dist/esm/icons/book-down.js
12296 silly gunzTarPerm extractEntry dist/esm/icons/book-headphones.js
12297 silly gunzTarPerm extractEntry types/chart/BarChart.d.ts
12298 silly gunzTarPerm extractEntry types/util/BarUtils.d.ts
12299 silly gunzTarPerm extractEntry lib/helpers/toPropertyKey.js
12300 silly gunzTarPerm extractEntry lib/helpers/toPropertyKey.js.map
12301 silly gunzTarPerm extractEntry _hashSet.js
12302 silly gunzTarPerm extractEntry _hasPath.js
12303 silly gunzTarPerm extractEntry helpers/setPrototypeOf.js
12304 silly gunzTarPerm extractEntry helpers/skipFirstGeneratorNext.js
12305 silly gunzTarPerm extractEntry data/features/css-optional-pseudo.js
12306 silly gunzTarPerm extractEntry data/features/css-overflow-anchor.js
12307 silly gunzTarPerm extractEntry lib-vendor/d3-array/src/pairs.js
12308 silly gunzTarPerm extractEntry lib-vendor/d3-interpolate/src/transform/parse.js
12309 silly gunzTarPerm extractEntry types/cartesian/Brush.d.ts
12310 silly gunzTarPerm extractEntry types/util/calculateViewBox.d.ts
12311 silly gunzTarPerm extractEntry dist/esm/icons/book-heart.js
12312 silly gunzTarPerm extractEntry dist/esm/icons/book-image.js
12313 silly gunzTarPerm extractEntry lib/helpers/toSetter.js
12314 silly gunzTarPerm extractEntry lib/helpers/toSetter.js.map
12315 silly gunzTarPerm extractEntry _hasUnicode.js
12316 silly gunzTarPerm extractEntry _hasUnicodeWord.js
12317 silly gunzTarPerm extractEntry data/features/css-overflow-overlay.js
12318 silly gunzTarPerm extractEntry data/features/css-overflow.js
12319 silly gunzTarPerm extractEntry helpers/slicedToArray.js
12320 silly gunzTarPerm extractEntry helpers/superPropBase.js
12321 silly gunzTarPerm extractEntry lib-vendor/d3-path/src/path.js
12322 silly gunzTarPerm extractEntry lib-vendor/d3-array/src/permute.js
12323 silly gunzTarPerm extractEntry dist/esm/icons/book-key.js
12324 silly gunzTarPerm extractEntry dist/esm/icons/book-lock.js
12325 silly gunzTarPerm extractEntry types/cartesian/CartesianAxis.d.ts
12326 silly gunzTarPerm extractEntry types/cartesian/CartesianGrid.d.ts
12327 silly gunzTarPerm extractEntry lib/helpers/tsRewriteRelativeImportExtensions.js
12328 silly gunzTarPerm extractEntry lib/helpers/tsRewriteRelativeImportExtensions.js.map
12329 silly gunzTarPerm extractEntry _initCloneArray.js
12330 silly gunzTarPerm extractEntry _initCloneByTag.js
12331 silly gunzTarPerm extractEntry lib-vendor/d3-shape/src/pie.js
12332 silly gunzTarPerm extractEntry lib-vendor/d3-interpolate/src/piecewise.js
12333 silly gunzTarPerm extractEntry data/features/css-overscroll-behavior.js
12334 silly gunzTarPerm extractEntry data/features/css-page-break.js
12335 silly gunzTarPerm extractEntry helpers/superPropGet.js
12336 silly gunzTarPerm extractEntry helpers/superPropSet.js
12337 silly gunzTarPerm extractEntry dist/esm/icons/book-marked.js
12338 silly gunzTarPerm extractEntry dist/esm/icons/book-minus.js
12339 silly gunzTarPerm extractEntry types/util/CartesianUtils.d.ts
12340 silly gunzTarPerm extractEntry types/component/Cell.d.ts
12341 silly gunzTarPerm extractEntry lib/helpers/typeof.js
12342 silly gunzTarPerm extractEntry lib/helpers/typeof.js.map
12343 silly gunzTarPerm extractEntry lib-vendor/d3-shape/src/symbol/plus.js
12344 silly gunzTarPerm extractEntry lib-vendor/d3-shape/src/point.js
12345 silly gunzTarPerm extractEntry _initCloneObject.js
12346 silly gunzTarPerm extractEntry _insertWrapDetails.js
12347 silly gunzTarPerm extractEntry data/features/css-paged-media.js
12348 silly gunzTarPerm extractEntry data/features/css-paint-api.js
12349 silly gunzTarPerm extractEntry helpers/taggedTemplateLiteral.js
12350 silly gunzTarPerm extractEntry helpers/taggedTemplateLiteralLoose.js
12351 silly gunzTarPerm extractEntry dist/esm/icons/book-open-check.js
12352 silly gunzTarPerm extractEntry dist/esm/icons/book-open-text.js
12353 silly gunzTarPerm extractEntry types/context/chartLayoutContext.d.ts
12354 silly gunzTarPerm extractEntry types/util/ChartUtils.d.ts
12355 silly gunzTarPerm extractEntry lib/helpers/unsupportedIterableToArray.js
12356 silly gunzTarPerm extractEntry lib/helpers/unsupportedIterableToArray.js.map
12357 silly gunzTarPerm extractEntry lib-vendor/d3-voronoi/src/point.js
12358 silly gunzTarPerm extractEntry lib-vendor/d3-shape/src/pointRadial.js
12359 silly gunzTarPerm extractEntry _isFlattenable.js
12360 silly gunzTarPerm extractEntry _isIndex.js
12361 silly gunzTarPerm extractEntry helpers/tdz.js
12362 silly gunzTarPerm extractEntry helpers/temporalRef.js
12363 silly gunzTarPerm extractEntry data/features/css-placeholder-shown.js
12364 silly gunzTarPerm extractEntry data/features/css-placeholder.js
12365 silly gunzTarPerm extractEntry dist/esm/icons/book-open.js
12366 silly gunzTarPerm extractEntry dist/esm/icons/book-plus.js
12367 silly gunzTarPerm extractEntry types/chart/ComposedChart.d.ts
12368 silly gunzTarPerm extractEntry types/util/Constants.d.ts
12369 silly gunzTarPerm extractEntry types/shape/Cross.d.ts
12370 silly gunzTarPerm extractEntry lib/helpers/using.js
12371 silly gunzTarPerm extractEntry lib/helpers/using.js.map
12372 silly gunzTarPerm extractEntry lib-vendor/d3-ease/src/poly.js
12373 silly gunzTarPerm extractEntry lib-vendor/d3-scale/src/pow.js
12374 silly gunzTarPerm extractEntry helpers/temporalUndefined.js
12375 silly gunzTarPerm extractEntry helpers/toArray.js
12376 silly gunzTarPerm extractEntry data/features/css-print-color-adjust.js
12377 silly gunzTarPerm extractEntry data/features/css-read-only-write.js
12378 silly gunzTarPerm extractEntry _isIterateeCall.js
12379 silly gunzTarPerm extractEntry _isKey.js
12380 silly gunzTarPerm extractEntry dist/esm/icons/book-template.js
12381 silly gunzTarPerm extractEntry dist/esm/icons/book-text.js
12382 silly gunzTarPerm extractEntry types/util/CssPrefixUtils.d.ts
12383 silly gunzTarPerm extractEntry types/component/Cursor.d.ts
12384 silly gunzTarPerm extractEntry types/shape/Curve.d.ts
12385 silly gunzTarPerm extractEntry lib/helpers/usingCtx.js
12386 silly gunzTarPerm extractEntry lib/helpers/usingCtx.js.map
12387 silly gunzTarPerm extractEntry lib-vendor/d3-format/src/precisionFixed.js
12388 silly gunzTarPerm extractEntry lib-vendor/d3-format/src/precisionPrefix.js
12389 silly gunzTarPerm extractEntry types/component/Customized.d.ts
12390 silly gunzTarPerm extractEntry helpers/toConsumableArray.js
12391 silly gunzTarPerm extractEntry helpers/toPrimitive.js
12392 silly gunzTarPerm extractEntry data/features/css-rebeccapurple.js
12393 silly gunzTarPerm extractEntry data/features/css-reflections.js
12394 silly gunzTarPerm extractEntry _isKeyable.js
12395 silly gunzTarPerm extractEntry _isLaziable.js
12396 silly gunzTarPerm extractEntry dist/esm/icons/book-type.js
12397 silly gunzTarPerm extractEntry dist/esm/icons/book-up-2.js
12398 silly gunzTarPerm extractEntry lib/helpers/wrapAsyncGenerator.js
12399 silly gunzTarPerm extractEntry lib/helpers/wrapAsyncGenerator.js.map
12400 silly gunzTarPerm extractEntry lib-vendor/d3-format/src/precisionRound.js
12401 silly gunzTarPerm extractEntry lib-vendor/d3-ease/src/quad.js
12402 silly gunzTarPerm extractEntry types/util/DataUtils.d.ts
12403 silly gunzTarPerm extractEntry types/component/DefaultLegendContent.d.ts
12404 silly gunzTarPerm extractEntry data/features/css-regions.js
12405 silly gunzTarPerm extractEntry data/features/css-relative-colors.js
12406 silly gunzTarPerm extractEntry helpers/toPropertyKey.js
12407 silly gunzTarPerm extractEntry helpers/toSetter.js
12408 silly gunzTarPerm extractEntry _isMaskable.js
12409 silly gunzTarPerm extractEntry _isMasked.js
12410 silly gunzTarPerm extractEntry dist/esm/icons/book-up.js
12411 silly gunzTarPerm extractEntry dist/esm/icons/book-user.js
12412 silly gunzTarPerm extractEntry helpers/tsRewriteRelativeImportExtensions.js
12413 silly gunzTarPerm extractEntry helpers/typeof.js
12414 silly gunzTarPerm extractEntry data/features/css-repeating-gradients.js
12415 silly gunzTarPerm extractEntry data/features/css-resize.js
12416 silly gunzTarPerm extractEntry lib/helpers/wrapNativeSuper.js
12417 silly gunzTarPerm extractEntry lib/helpers/wrapNativeSuper.js.map
12418 silly gunzTarPerm extractEntry types/component/DefaultTooltipContent.d.ts
12419 silly gunzTarPerm extractEntry types/util/DetectReferenceElementsDomain.d.ts
12420 silly gunzTarPerm extractEntry lib-vendor/d3-array/src/quantile.js
12421 silly gunzTarPerm extractEntry lib-vendor/d3-scale/src/quantile.js
12422 silly gunzTarPerm extractEntry _isPrototype.js
12423 silly gunzTarPerm extractEntry _isStrictComparable.js
12424 silly gunzTarPerm extractEntry dist/esm/icons/book-x.js
12425 silly gunzTarPerm extractEntry dist/esm/icons/book.js
12426 silly gunzTarPerm extractEntry helpers/unsupportedIterableToArray.js
12427 silly gunzTarPerm extractEntry helpers/using.js
12428 silly gunzTarPerm extractEntry data/features/css-revert-value.js
12429 silly gunzTarPerm extractEntry data/features/css-rrggbbaa.js
12430 silly gunzTarPerm extractEntry lib/helpers/wrapRegExp.js
12431 silly gunzTarPerm extractEntry lib/helpers/wrapRegExp.js.map
12432 silly gunzTarPerm extractEntry lib/helpers/writeOnlyError.js
12433 silly gunzTarPerm extractEntry types/util/DOMUtils.d.ts
12434 silly gunzTarPerm extractEntry types/shape/Dot.d.ts
12435 silly gunzTarPerm extractEntry lib/helpers/writeOnlyError.js.map
12436 silly gunzTarPerm extractEntry _iteratorToArray.js
12437 silly gunzTarPerm extractEntry _lazyClone.js
12438 silly gunzTarPerm extractEntry lib-vendor/d3-interpolate/src/quantize.js
12439 silly gunzTarPerm extractEntry lib-vendor/d3-scale/src/quantize.js
12440 silly gunzTarPerm extractEntry lib/index.js
12441 silly gunzTarPerm extractEntry dist/esm/icons/bookmark-check.js
12442 silly gunzTarPerm extractEntry dist/esm/icons/bookmark-minus.js
12443 silly gunzTarPerm extractEntry helpers/usingCtx.js
12444 silly gunzTarPerm extractEntry helpers/wrapAsyncGenerator.js
12445 silly gunzTarPerm extractEntry data/features/css-scroll-behavior.js
12446 silly gunzTarPerm extractEntry data/features/css-scrollbar.js
12447 silly gunzTarPerm extractEntry _lazyReverse.js
12448 silly gunzTarPerm extractEntry _lazyValue.js
12449 silly gunzTarPerm extractEntry types/cartesian/ErrorBar.d.ts
12450 silly gunzTarPerm extractEntry types/util/Events.d.ts
12451 silly gunzTarPerm extractEntry lib-vendor/d3-array/src/quickselect.js
12452 silly gunzTarPerm extractEntry lib-vendor/d3-scale/src/radial.js
12453 silly gunzTarPerm extractEntry dist/esm/icons/bookmark-plus.js
12454 silly gunzTarPerm extractEntry dist/esm/icons/bookmark-x.js
12455 silly gunzTarPerm extractEntry lib/index.js.map
12456 silly gunzTarPerm extractEntry package.json
12457 silly gunzTarPerm extractEntry helpers/wrapNativeSuper.js
12458 silly gunzTarPerm extractEntry helpers/wrapRegExp.js
12459 silly gunzTarPerm extractEntry data/features/css-sel2.js
12460 silly gunzTarPerm extractEntry data/features/css-sel3.js
12461 silly gunzTarPerm extractEntry _LazyWrapper.js
12462 silly gunzTarPerm extractEntry _ListCache.js
12463 silly gunzTarPerm extractEntry lib-vendor/d3-shape/src/curve/radial.js
12464 silly gunzTarPerm extractEntry lib-vendor/d3-array/src/range.js
12465 silly gunzTarPerm extractEntry dist/esm/icons/bookmark.js
12466 silly gunzTarPerm extractEntry dist/esm/icons/boom-box.js
12467 silly gunzTarPerm extractEntry types/numberAxis/Funnel.d.ts
12468 silly gunzTarPerm extractEntry types/chart/FunnelChart.d.ts
12469 silly gunzTarPerm extractEntry helpers/writeOnlyError.js
12470 silly gunzTarPerm extractEntry package.json
12471 silly gunzTarPerm extractEntry data/features/css-selection.js
12472 silly gunzTarPerm extractEntry data/features/css-shapes.js
12473 silly gunzTarPerm extractEntry lib-vendor/d3-array/src/rank.js
12474 silly gunzTarPerm extractEntry lib-vendor/d3-voronoi/src/RedBlackTree.js
12475 silly gunzTarPerm extractEntry _listCacheClear.js
12476 silly gunzTarPerm extractEntry _listCacheDelete.js
12477 silly gunzTarPerm extractEntry regenerator/index.js
12478 silly gunzTarPerm extractEntry dist/esm/icons/bot.js
12479 silly gunzTarPerm extractEntry dist/esm/icons/box-select.js
12480 silly gunzTarPerm extractEntry types/util/FunnelUtils.d.ts
12481 silly gunzTarPerm extractEntry types/chart/generateCategoricalChart.d.ts
12482 silly gunzTarPerm extractEntry data/features/css-snappoints.js
12483 silly gunzTarPerm extractEntry data/features/css-sticky.js
12484 silly gunzTarPerm extractEntry _listCacheGet.js
12485 silly gunzTarPerm extractEntry _listCacheHas.js
12486 silly gunzTarPerm extractEntry lib-vendor/d3-array/src/reduce.js
12487 silly gunzTarPerm extractEntry dist/esm/icons/box.js
12488 silly gunzTarPerm extractEntry dist/esm/icons/boxes.js
12489 silly gunzTarPerm extractEntry types/util/cursor/getCursorPoints.d.ts
12490 silly gunzTarPerm extractEntry types/util/cursor/getCursorRectangle.d.ts
12491 silly gunzTarPerm extractEntry types/cartesian/getEquidistantTicks.d.ts
12492 silly gunzTarPerm extractEntry data/features/css-subgrid.js
12493 silly gunzTarPerm extractEntry data/features/css-supports-api.js
12494 silly gunzTarPerm extractEntry types/util/getEveryNthWithCondition.d.ts
12495 silly gunzTarPerm extractEntry _listCacheSet.js
12496 silly gunzTarPerm extractEntry _LodashWrapper.js
12497 silly gunzTarPerm extractEntry lib-vendor/d3-array/src/reverse.js
12498 silly gunzTarPerm extractEntry lib-vendor/d3-shape/src/order/reverse.js
12499 silly gunzTarPerm extractEntry dist/esm/icons/braces.js
12500 silly gunzTarPerm extractEntry dist/esm/icons/brackets.js
12501 silly gunzTarPerm extractEntry data/features/css-table.js
12502 silly gunzTarPerm extractEntry data/features/css-text-align-last.js
12503 silly gunzTarPerm extractEntry types/util/getLegendProps.d.ts
12504 silly gunzTarPerm extractEntry types/util/cursor/getRadialCursorPoints.d.ts
12505 silly gunzTarPerm extractEntry types/cartesian/getTicks.d.ts
12506 silly gunzTarPerm extractEntry _Map.js
12507 silly gunzTarPerm extractEntry _MapCache.js
12508 silly gunzTarPerm extractEntry types/util/payload/getUniqPayload.d.ts
12509 silly gunzTarPerm extractEntry lib-vendor/d3-interpolate/src/rgb.js
12510 silly gunzTarPerm extractEntry lib-vendor/d3-interpolate/src/round.js
12511 silly gunzTarPerm extractEntry data/features/css-text-box-trim.js
12512 silly gunzTarPerm extractEntry data/features/css-text-indent.js
12513 silly gunzTarPerm extractEntry dist/esm/icons/brain-circuit.js
12514 silly gunzTarPerm extractEntry dist/esm/icons/brain-cog.js
12515 silly gunzTarPerm extractEntry _mapCacheClear.js
12516 silly gunzTarPerm extractEntry _mapCacheDelete.js
12517 silly gunzTarPerm extractEntry lib-vendor/d3-array/src/scan.js
12518 silly gunzTarPerm extractEntry lib-vendor/d3-array/src/threshold/scott.js
12519 silly gunzTarPerm extractEntry types/util/Global.d.ts
12520 silly gunzTarPerm extractEntry types/util/IfOverflowMatches.d.ts
12521 silly gunzTarPerm extractEntry dist/esm/icons/brain.js
12522 silly gunzTarPerm extractEntry dist/esm/icons/brick-wall.js
12523 silly gunzTarPerm extractEntry data/features/css-text-justify.js
12524 silly gunzTarPerm extractEntry data/features/css-text-orientation.js
12525 silly gunzTarPerm extractEntry lib-vendor/d3-time/src/second.js
12526 silly gunzTarPerm extractEntry lib-vendor/d3-scale/src/sequential.js
12527 silly gunzTarPerm extractEntry types/index.d.ts
12528 silly gunzTarPerm extractEntry types/util/isDomainSpecifiedByUser.d.ts
12529 silly gunzTarPerm extractEntry _mapCacheGet.js
12530 silly gunzTarPerm extractEntry _mapCacheHas.js
12531 silly gunzTarPerm extractEntry data/features/css-text-spacing.js
12532 silly gunzTarPerm extractEntry data/features/css-text-wrap-balance.js
12533 silly gunzTarPerm extractEntry dist/esm/icons/briefcase.js
12534 silly gunzTarPerm extractEntry dist/esm/icons/bring-to-front.js
12535 silly gunzTarPerm extractEntry lib-vendor/d3-scale/src/sequentialQuantile.js
12536 silly gunzTarPerm extractEntry lib-vendor/d3-array/src/shuffle.js
12537 silly gunzTarPerm extractEntry types/component/Label.d.ts
12538 silly gunzTarPerm extractEntry types/component/LabelList.d.ts
12539 silly gunzTarPerm extractEntry _mapCacheSet.js
12540 silly gunzTarPerm extractEntry fp/_mapping.js
12541 silly gunzTarPerm extractEntry data/features/css-textshadow.js
12542 silly gunzTarPerm extractEntry data/features/css-touch-action.js
12543 silly gunzTarPerm extractEntry dist/esm/icons/brush.js
12544 silly gunzTarPerm extractEntry dist/esm/icons/bug-off.js
12545 silly gunzTarPerm extractEntry lib-vendor/d3-shape/src/offset/silhouette.js
12546 silly gunzTarPerm extractEntry lib-vendor/d3-ease/src/sin.js
12547 silly gunzTarPerm extractEntry _mapToArray.js
12548 silly gunzTarPerm extractEntry _matchesStrictComparable.js
12549 silly gunzTarPerm extractEntry types/container/Layer.d.ts
12550 silly gunzTarPerm extractEntry types/component/Legend.d.ts
12551 silly gunzTarPerm extractEntry data/features/css-transitions.js
12552 silly gunzTarPerm extractEntry data/features/css-unicode-bidi.js
12553 silly gunzTarPerm extractEntry dist/esm/icons/bug-play.js
12554 silly gunzTarPerm extractEntry dist/esm/icons/bug.js
12555 silly gunzTarPerm extractEntry lib-vendor/d3-array/src/some.js
12556 silly gunzTarPerm extractEntry lib-vendor/d3-array/src/sort.js
12557 silly gunzTarPerm extractEntry data/features/css-unset-value.js
12558 silly gunzTarPerm extractEntry data/features/css-variables.js
12559 silly gunzTarPerm extractEntry _memoizeCapped.js
12560 silly gunzTarPerm extractEntry _mergeData.js
12561 silly gunzTarPerm extractEntry types/cartesian/Line.d.ts
12562 silly gunzTarPerm extractEntry types/chart/LineChart.d.ts
12563 silly gunzTarPerm extractEntry types/util/LogUtils.d.ts
12564 silly gunzTarPerm extractEntry types/polar/Pie.d.ts
12565 silly gunzTarPerm extractEntry dist/esm/icons/building-2.js
12566 silly gunzTarPerm extractEntry dist/esm/icons/building.js
12567 silly gunzTarPerm extractEntry lib-vendor/d3-shape/src/symbol/square.js
12568 silly gunzTarPerm extractEntry lib-vendor/d3-shape/src/symbol/square2.js
12569 silly gunzTarPerm extractEntry data/features/css-when-else.js
12570 silly gunzTarPerm extractEntry data/features/css-widows-orphans.js
12571 silly gunzTarPerm extractEntry _metaMap.js
12572 silly gunzTarPerm extractEntry _nativeCreate.js
12573 silly gunzTarPerm extractEntry dist/esm/icons/bus-front.js
12574 silly gunzTarPerm extractEntry dist/esm/icons/bus.js
12575 silly gunzTarPerm extractEntry types/chart/PieChart.d.ts
12576 silly gunzTarPerm extractEntry types/polar/PolarAngleAxis.d.ts
12577 silly gunzTarPerm extractEntry types/polar/PolarGrid.d.ts
12578 silly gunzTarPerm extractEntry types/polar/PolarRadiusAxis.d.ts
12579 silly gunzTarPerm extractEntry lib-vendor/d3-shape/src/stack.js
12580 silly gunzTarPerm extractEntry lib-vendor/d3-shape/src/symbol/star.js
12581 silly gunzTarPerm extractEntry data/features/css-width-stretch.js
12582 silly gunzTarPerm extractEntry data/features/css-writing-mode.js
12583 silly gunzTarPerm extractEntry _nativeKeys.js
12584 silly gunzTarPerm extractEntry _nativeKeysIn.js
12585 silly gunzTarPerm extractEntry dist/esm/icons/cable-car.js
12586 silly gunzTarPerm extractEntry dist/esm/icons/cable.js
12587 silly gunzTarPerm extractEntry data/features/css-zoom.js
12588 silly gunzTarPerm extractEntry data/features/css3-attr.js
12589 silly gunzTarPerm extractEntry lib-vendor/d3-shape/src/curve/step.js
12590 silly gunzTarPerm extractEntry lib-vendor/d3-interpolate/src/string.js
12591 silly gunzTarPerm extractEntry _nodeUtil.js
12592 silly gunzTarPerm extractEntry _objectToString.js
12593 silly gunzTarPerm extractEntry types/util/PolarUtils.d.ts
12594 silly gunzTarPerm extractEntry types/shape/Polygon.d.ts
12595 silly gunzTarPerm extractEntry dist/esm/icons/cake-slice.js
12596 silly gunzTarPerm extractEntry dist/esm/icons/cake.js
12597 silly gunzTarPerm extractEntry data/features/css3-boxsizing.js
12598 silly gunzTarPerm extractEntry data/features/css3-colors.js
12599 silly gunzTarPerm extractEntry lib-vendor/d3-array/src/threshold/sturges.js
12600 silly gunzTarPerm extractEntry lib-vendor/d3-array/src/subset.js
12601 silly gunzTarPerm extractEntry _overArg.js
12602 silly gunzTarPerm extractEntry _overRest.js
12603 silly gunzTarPerm extractEntry types/polar/Radar.d.ts
12604 silly gunzTarPerm extractEntry types/chart/RadarChart.d.ts
12605 silly gunzTarPerm extractEntry dist/esm/icons/calculator.js
12606 silly gunzTarPerm extractEntry dist/esm/icons/calendar-check-2.js
12607 silly gunzTarPerm extractEntry data/features/css3-cursors-grab.js
12608 silly gunzTarPerm extractEntry data/features/css3-cursors-newer.js
12609 silly gunzTarPerm extractEntry lib-vendor/d3-array/src/sum.js
12610 silly gunzTarPerm extractEntry lib-vendor/d3-array/src/superset.js
12611 silly gunzTarPerm extractEntry _parent.js
12612 silly gunzTarPerm extractEntry _Promise.js
12613 silly gunzTarPerm extractEntry types/polar/RadialBar.d.ts
12614 silly gunzTarPerm extractEntry types/chart/RadialBarChart.d.ts
12615 silly gunzTarPerm extractEntry dist/esm/icons/calendar-check.js
12616 silly gunzTarPerm extractEntry dist/esm/icons/calendar-clock.js
12617 silly gunzTarPerm extractEntry data/features/css3-cursors.js
12618 silly gunzTarPerm extractEntry data/features/css3-tabsize.js
12619 silly gunzTarPerm extractEntry _realNames.js
12620 silly gunzTarPerm extractEntry _reEscape.js
12621 silly gunzTarPerm extractEntry lib-vendor/d3-shape/src/symbol.js
12622 silly gunzTarPerm extractEntry lib-vendor/d3-scale/src/symlog.js
12623 silly gunzTarPerm extractEntry types/util/RadialBarUtils.d.ts
12624 silly gunzTarPerm extractEntry types/util/ReactUtils.d.ts
12625 silly gunzTarPerm extractEntry dist/esm/icons/calendar-days.js
12626 silly gunzTarPerm extractEntry dist/esm/icons/calendar-heart.js
12627 silly gunzTarPerm extractEntry data/regions/CU.js
12628 silly gunzTarPerm extractEntry data/features/currentcolor.js
12629 silly gunzTarPerm extractEntry _reEvaluate.js
12630 silly gunzTarPerm extractEntry _reInterpolate.js
12631 silly gunzTarPerm extractEntry lib-vendor/d3-scale/src/threshold.js
12632 silly gunzTarPerm extractEntry lib-vendor/d3-scale/src/tickFormat.js
12633 silly gunzTarPerm extractEntry types/shape/Rectangle.d.ts
12634 silly gunzTarPerm extractEntry types/util/ReduceCSSCalc.d.ts
12635 silly gunzTarPerm extractEntry dist/esm/icons/calendar-minus.js
12636 silly gunzTarPerm extractEntry dist/esm/icons/calendar-off.js
12637 silly gunzTarPerm extractEntry data/features/custom-elements.js
12638 silly gunzTarPerm extractEntry data/features/custom-elementsv1.js
12639 silly gunzTarPerm extractEntry _reorder.js
12640 silly gunzTarPerm extractEntry _replaceHolders.js
12641 silly gunzTarPerm extractEntry lib-vendor/d3-array/src/ticks.js
12642 silly gunzTarPerm extractEntry lib-vendor/d3-time/src/ticks.js
12643 silly gunzTarPerm extractEntry dist/esm/icons/calendar-plus.js
12644 silly gunzTarPerm extractEntry dist/esm/icons/calendar-range.js
12645 silly gunzTarPerm extractEntry types/cartesian/ReferenceArea.d.ts
12646 silly gunzTarPerm extractEntry types/cartesian/ReferenceDot.d.ts
12647 silly gunzTarPerm extractEntry data/features/customevent.js
12648 silly gunzTarPerm extractEntry data/features/customizable-select.js
12649 silly gunzTarPerm extractEntry _root.js
12650 silly gunzTarPerm extractEntry _safeGet.js
12651 silly gunzTarPerm extractEntry lib-vendor/d3-scale/src/time.js
12652 silly gunzTarPerm extractEntry lib-vendor/d3-timer/src/timeout.js
12653 silly gunzTarPerm extractEntry dist/esm/icons/calendar-search.js
12654 silly gunzTarPerm extractEntry dist/esm/icons/calendar-x-2.js
12655 silly gunzTarPerm extractEntry data/regions/CV.js
12656 silly gunzTarPerm extractEntry data/regions/CX.js
12657 silly gunzTarPerm extractEntry types/cartesian/ReferenceLine.d.ts
12658 silly gunzTarPerm extractEntry types/component/ResponsiveContainer.d.ts
12659 silly gunzTarPerm extractEntry _Set.js
12660 silly gunzTarPerm extractEntry _SetCache.js
12661 silly gunzTarPerm extractEntry dist/esm/icons/calendar-x.js
12662 silly gunzTarPerm extractEntry dist/esm/icons/calendar.js
12663 silly gunzTarPerm extractEntry lib-vendor/d3-timer/src/timer.js
12664 silly gunzTarPerm extractEntry lib-vendor/d3-array/src/transpose.js
12665 silly gunzTarPerm extractEntry data/regions/CY.js
12666 silly gunzTarPerm extractEntry data/regions/CZ.js
12667 silly gunzTarPerm extractEntry types/chart/Sankey.d.ts
12668 silly gunzTarPerm extractEntry types/cartesian/Scatter.d.ts
12669 silly gunzTarPerm extractEntry _setCacheAdd.js
12670 silly gunzTarPerm extractEntry _setCacheHas.js
12671 silly gunzTarPerm extractEntry lib-vendor/d3-shape/src/symbol/triangle.js
12672 silly gunzTarPerm extractEntry lib-vendor/d3-shape/src/symbol/triangle2.js
12673 silly gunzTarPerm extractEntry dist/esm/icons/camera-off.js
12674 silly gunzTarPerm extractEntry dist/esm/icons/camera.js
12675 silly gunzTarPerm extractEntry data/features/datalist.js
12676 silly gunzTarPerm extractEntry data/features/dataset.js
12677 silly gunzTarPerm extractEntry types/chart/ScatterChart.d.ts
12678 silly gunzTarPerm extractEntry types/util/ScatterUtils.d.ts
12679 silly gunzTarPerm extractEntry _setData.js
12680 silly gunzTarPerm extractEntry _setToArray.js
12681 silly gunzTarPerm extractEntry lib-vendor/d3-array/src/union.js
12682 silly gunzTarPerm extractEntry lib-vendor/d3-time/src/utcDay.js
12683 silly gentlyRm /Users/hyypucs/work/Antigravity2/ai_pkt/frontend/node_modules/.staging/@babel/core-421b6fc0/node_modules is being purged
12684 verbose gentlyRm don't care about contents; nuking /Users/hyypucs/work/Antigravity2/ai_pkt/frontend/node_modules/.staging/@babel/core-421b6fc0/node_modules
12685 silly gunzTarPerm extractEntry dist/esm/icons/candlestick-chart.js
12686 silly gunzTarPerm extractEntry dist/esm/icons/candy-cane.js
12687 silly gunzTarPerm extractEntry data/features/datauri.js
12688 silly gunzTarPerm extractEntry data/features/date-tolocaledatestring.js
12689 silly gunzTarPerm extractEntry types/shape/Sector.d.ts
12690 silly gunzTarPerm extractEntry types/util/ShallowEqual.d.ts
12691 silly gunzTarPerm extractEntry _setToPairs.js
12692 silly gunzTarPerm extractEntry _setToString.js
12693 silly gunzTarPerm extractEntry lib-vendor/d3-time/src/utcHour.js
12694 silly gunzTarPerm extractEntry lib-vendor/d3-time/src/utcMinute.js
12695 silly gunzTarPerm extractEntry data/regions/DE.js
12696 silly gunzTarPerm extractEntry data/features/declarative-shadow-dom.js
12697 silly gunzTarPerm extractEntry dist/esm/icons/candy-off.js
12698 silly gunzTarPerm extractEntry dist/esm/icons/candy.js
12699 silly gunzTarPerm extractEntry types/chart/SunburstChart.d.ts
12700 silly gunzTarPerm extractEntry types/container/Surface.d.ts
12701 silly gunzTarPerm extractEntry _setWrapToString.js
12702 silly gunzTarPerm extractEntry _shortOut.js
12703 silly gunzTarPerm extractEntry data/features/decorators.js
12704 silly gunzTarPerm extractEntry data/features/details.js
12705 silly gunzTarPerm extractEntry lib-vendor/d3-time/src/utcMonth.js
12706 silly gunzTarPerm extractEntry lib-vendor/d3-scale/src/utcTime.js
12707 silly gunzTarPerm extractEntry dist/esm/icons/car-front.js
12708 silly gunzTarPerm extractEntry dist/esm/icons/car-taxi-front.js
12709 silly gunzTarPerm extractEntry _shuffleSelf.js
12710 silly gunzTarPerm extractEntry _Stack.js
12711 silly gunzTarPerm extractEntry types/shape/Symbols.d.ts
12712 silly gunzTarPerm extractEntry types/component/Text.d.ts
12713 silly gunzTarPerm extractEntry data/features/deviceorientation.js
12714 silly gunzTarPerm extractEntry data/features/devicepixelratio.js
12715 silly gunzTarPerm extractEntry lib-vendor/d3-time/src/utcWeek.js
12716 silly gunzTarPerm extractEntry lib-vendor/d3-time/src/utcYear.js
12717 silly gunzTarPerm extractEntry dist/esm/icons/car.js
12718 silly gunzTarPerm extractEntry dist/esm/icons/caravan.js
12719 silly gunzTarPerm extractEntry types/util/TickUtils.d.ts
12720 silly gunzTarPerm extractEntry types/component/Tooltip.d.ts
12721 silly gunzTarPerm extractEntry data/features/dialog.js
12722 silly gunzTarPerm extractEntry data/features/dispatchevent.js
12723 silly gunzTarPerm extractEntry _stackClear.js
12724 silly gunzTarPerm extractEntry _stackDelete.js
12725 silly gunzTarPerm extractEntry lib-vendor/d3-interpolate/src/value.js
12726 silly gunzTarPerm extractEntry lib-vendor/d3-array/src/variance.js
12727 silly gunzTarPerm extractEntry dist/esm/icons/carrot.js
12728 silly gunzTarPerm extractEntry dist/esm/icons/case-lower.js
12729 silly gunzTarPerm extractEntry types/component/TooltipBoundingBox.d.ts
12730 silly gunzTarPerm extractEntry types/util/tooltip/translate.d.ts
12731 silly gunzTarPerm extractEntry types/shape/Trapezoid.d.ts
12732 silly gunzTarPerm extractEntry lib-vendor/d3-voronoi/src/voronoi.js
12733 silly gunzTarPerm extractEntry lib-vendor/d3-time/src/week.js
12734 silly gunzTarPerm extractEntry data/regions/DJ.js
12735 silly gunzTarPerm extractEntry data/regions/DK.js
12736 silly gunzTarPerm extractEntry _stackGet.js
12737 silly gunzTarPerm extractEntry _stackHas.js
12738 silly gunzTarPerm extractEntry types/chart/Treemap.d.ts
12739 silly gunzTarPerm extractEntry dist/esm/icons/case-sensitive.js
12740 silly gunzTarPerm extractEntry dist/esm/icons/case-upper.js
12741 silly gunzTarPerm extractEntry data/regions/DM.js
12742 silly gunzTarPerm extractEntry data/features/dnssec.js
12743 silly gunzTarPerm extractEntry lib-vendor/d3-shape/src/offset/wiggle.js
12744 silly gunzTarPerm extractEntry lib-vendor/d3-shape/src/symbol/wye.js
12745 silly gunzTarPerm extractEntry types/chart/types.d.ts
12746 silly gunzTarPerm extractEntry types/polar/types.d.ts
12747 silly gunzTarPerm extractEntry _stackSet.js
12748 silly gunzTarPerm extractEntry _strictIndexOf.js
12749 silly gunzTarPerm extractEntry dist/esm/icons/cassette-tape.js
12750 silly gunzTarPerm extractEntry dist/esm/icons/cast.js
12751 silly gunzTarPerm extractEntry data/features/do-not-track.js
12752 silly gunzTarPerm extractEntry data/regions/DO.js
12753 silly gunzTarPerm extractEntry lib-vendor/d3-shape/src/symbol/x.js
12754 silly gunzTarPerm extractEntry lib-vendor/d3-time/src/year.js
12755 silly gunzTarPerm extractEntry types/util/types.d.ts
12756 silly gunzTarPerm extractEntry types/cartesian/XAxis.d.ts
12757 silly gunzTarPerm extractEntry _strictLastIndexOf.js
12758 silly gunzTarPerm extractEntry _stringSize.js
12759 silly gunzTarPerm extractEntry dist/esm/icons/castle.js
12760 silly gunzTarPerm extractEntry dist/esm/icons/cat.js
12761 silly gunzTarPerm extractEntry data/features/document-currentscript.js
12762 silly gunzTarPerm extractEntry data/features/document-evaluate-xpath.js
12763 silly gunzTarPerm extractEntry lib-vendor/d3-array/src/zip.js
12764 silly gunzTarPerm extractEntry lib-vendor/d3-interpolate/src/zoom.js
12765 silly gunzTarPerm extractEntry types/cartesian/YAxis.d.ts
12766 silly gunzTarPerm extractEntry types/cartesian/ZAxis.d.ts
12767 silly gunzTarPerm extractEntry umd/Recharts.js.LICENSE.txt
12768 silly gunzTarPerm extractEntry _stringToArray.js
12769 silly gunzTarPerm extractEntry _stringToPath.js
12770 silly gunzTarPerm extractEntry data/features/document-execcommand.js
12771 silly gunzTarPerm extractEntry data/features/document-policy.js
12772 silly gunzTarPerm extractEntry dist/esm/icons/cctv.js
12773 silly gunzTarPerm extractEntry dist/esm/icons/check-check.js
12774 silly gunzTarPerm extractEntry package.json
12775 silly gunzTarPerm extractEntry CHANGELOG.md
12776 silly gunzTarPerm extractEntry _Symbol.js
12777 silly gunzTarPerm extractEntry _toKey.js
12778 silly gunzTarPerm extractEntry data/features/document-scrollingelement.js
12779 silly gunzTarPerm extractEntry data/features/documenthead.js
12780 silly gunzTarPerm extractEntry dist/esm/icons/check-circle-2.js
12781 silly gunzTarPerm extractEntry dist/esm/icons/check-circle.js
12782 silly gunzTarPerm extractEntry README.md
12783 silly gunzTarPerm extractEntry d3-array.d.ts
12784 silly gunzTarPerm extractEntry _toSource.js
12785 silly gunzTarPerm extractEntry _trimmedEndIndex.js
12786 silly gentlyRm /Users/hyypucs/work/Antigravity2/ai_pkt/frontend/node_modules/.staging/@esbuild/darwin-x64-d0225161/node_modules is being purged
12787 verbose gentlyRm don't care about contents; nuking /Users/hyypucs/work/Antigravity2/ai_pkt/frontend/node_modules/.staging/@esbuild/darwin-x64-d0225161/node_modules
12788 silly gunzTarPerm extractEntry data/features/dom-manip-convenience.js
12789 silly gunzTarPerm extractEntry data/features/dom-range.js
12790 silly gunzTarPerm extractEntry dist/esm/icons/check-square-2.js
12791 silly gunzTarPerm extractEntry dist/esm/icons/check-square.js
12792 silly gunzTarPerm extractEntry d3-ease.d.ts
12793 silly gunzTarPerm extractEntry d3-interpolate.d.ts
12794 silly gunzTarPerm extractEntry _Uint8Array.js
12795 silly gunzTarPerm extractEntry _unescapeHtmlChar.js
12796 silly gunzTarPerm extractEntry data/features/domcontentloaded.js
12797 silly gunzTarPerm extractEntry data/features/dommatrix.js
12798 silly gunzTarPerm extractEntry dist/esm/icons/check.js
12799 silly gunzTarPerm extractEntry dist/esm/icons/chef-hat.js
12800 silly gunzTarPerm extractEntry d3-scale.d.ts
12801 silly gunzTarPerm extractEntry d3-shape.d.ts
12802 silly gunzTarPerm extractEntry _unicodeSize.js
12803 silly gunzTarPerm extractEntry _unicodeToArray.js
12804 silly gunzTarPerm extractEntry data/features/download.js
12805 silly gunzTarPerm extractEntry data/features/dragndrop.js
12806 silly gunzTarPerm extractEntry dist/esm/icons/cherry.js
12807 silly gunzTarPerm extractEntry dist/esm/icons/chevron-down-circle.js
12808 silly gunzTarPerm extractEntry d3-time.d.ts
12809 silly gunzTarPerm extractEntry d3-timer.d.ts
12810 silly gunzTarPerm extractEntry _unicodeWords.js
12811 silly gunzTarPerm extractEntry _updateWrapDetails.js
12812 silly gunzTarPerm extractEntry data/regions/DZ.js
12813 silly gunzTarPerm extractEntry data/regions/EC.js
12814 silly gunzTarPerm extractEntry fp/_util.js
12815 silly gunzTarPerm extractEntry _WeakMap.js
12816 silly gunzTarPerm extractEntry dist/esm/icons/chevron-down-square.js
12817 silly gunzTarPerm extractEntry dist/esm/icons/chevron-down.js
12818 silly gunzTarPerm extractEntry data/regions/EE.js
12819 silly gunzTarPerm extractEntry data/regions/EG.js
12820 silly gunzTarPerm extractEntry _wrapperClone.js
12821 silly gunzTarPerm extractEntry add.js
12822 silly gunzTarPerm extractEntry dist/esm/icons/chevron-first.js
12823 silly gunzTarPerm extractEntry dist/esm/icons/chevron-last.js
12824 silly gunzTarPerm extractEntry data/features/element-closest.js
12825 silly gunzTarPerm extractEntry data/features/element-from-point.js
12826 silly gunzTarPerm extractEntry fp/add.js
12827 silly gunzTarPerm extractEntry after.js
12828 silly gunzTarPerm extractEntry dist/esm/icons/chevron-left-circle.js
12829 silly gunzTarPerm extractEntry dist/esm/icons/chevron-left-square.js
12830 silly gunzTarPerm extractEntry data/features/element-scroll-methods.js
12831 silly gunzTarPerm extractEntry data/features/eme.js
12832 silly gunzTarPerm extractEntry fp/after.js
12833 silly gunzTarPerm extractEntry fp/all.js
12834 silly gunzTarPerm extractEntry data/features/eot.js
12835 silly gunzTarPerm extractEntry data/regions/ER.js
12836 silly gunzTarPerm extractEntry dist/esm/icons/chevron-left.js
12837 silly gunzTarPerm extractEntry dist/esm/icons/chevron-right-circle.js
12838 silly gunzTarPerm extractEntry fp/allPass.js
12839 silly gunzTarPerm extractEntry fp/always.js
12840 silly gunzTarPerm extractEntry data/regions/ES.js
12841 silly gunzTarPerm extractEntry data/features/es5.js
12842 silly gunzTarPerm extractEntry dist/esm/icons/chevron-right-square.js
12843 silly gunzTarPerm extractEntry dist/esm/icons/chevron-right.js
12844 silly gunzTarPerm extractEntry data/features/es6-class.js
12845 silly gunzTarPerm extractEntry data/features/es6-generators.js
12846 silly gunzTarPerm extractEntry fp/any.js
12847 silly gunzTarPerm extractEntry dist/esm/icons/chevron-up-circle.js
12848 silly gunzTarPerm extractEntry dist/esm/icons/chevron-up-square.js
12849 silly gunzTarPerm extractEntry data/features/es6-module-dynamic-import.js
12850 silly gunzTarPerm extractEntry data/features/es6-module.js
12851 silly gunzTarPerm extractEntry fp/anyPass.js
12852 silly gunzTarPerm extractEntry fp/apply.js
12853 silly gunzTarPerm extractEntry dist/esm/icons/chevron-up.js
12854 silly gunzTarPerm extractEntry dist/esm/icons/chevrons-down-up.js
12855 silly gunzTarPerm extractEntry data/features/es6-number.js
12856 silly gunzTarPerm extractEntry data/features/es6-string-includes.js
12857 silly gunzTarPerm extractEntry array.js
12858 silly gunzTarPerm extractEntry fp/array.js
12859 silly gunzTarPerm extractEntry dist/esm/icons/chevrons-down.js
12860 silly gunzTarPerm extractEntry dist/esm/icons/chevrons-left-right.js
12861 silly gunzTarPerm extractEntry data/features/es6.js
12862 silly gunzTarPerm extractEntry data/regions/ET.js
12863 silly gunzTarPerm extractEntry ary.js
12864 silly gunzTarPerm extractEntry fp/ary.js
12865 silly gunzTarPerm extractEntry dist/esm/icons/chevrons-left.js
12866 silly gunzTarPerm extractEntry dist/esm/icons/chevrons-right-left.js
12867 silly gunzTarPerm extractEntry data/features/eventsource.js
12868 silly gunzTarPerm extractEntry data/features/extended-system-fonts.js
12869 silly gunzTarPerm extractEntry assign.js
12870 silly gunzTarPerm extractEntry fp/assign.js
12871 silly gunzTarPerm extractEntry dist/esm/icons/chevrons-right.js
12872 silly gunzTarPerm extractEntry dist/esm/icons/chevrons-up-down.js
12873 silly gunzTarPerm extractEntry data/features/feature-policy.js
12874 silly gunzTarPerm extractEntry dist/unpacker/feature.js
12875 silly gunzTarPerm extractEntry fp/assignAll.js
12876 silly gunzTarPerm extractEntry fp/assignAllWith.js
12877 silly gunzTarPerm extractEntry dist/esm/icons/chevrons-up.js
12878 silly gunzTarPerm extractEntry dist/esm/icons/chrome.js
12879 silly gunzTarPerm extractEntry data/features.js
12880 silly gunzTarPerm extractEntry dist/unpacker/features.js
12881 silly gunzTarPerm extractEntry assignIn.js
12882 silly gunzTarPerm extractEntry fp/assignIn.js
12883 silly gunzTarPerm extractEntry dist/esm/icons/church.js
12884 silly gunzTarPerm extractEntry dist/esm/icons/cigarette-off.js
12885 silly gunzTarPerm extractEntry data/features/fetch.js
12886 silly gunzTarPerm extractEntry data/regions/FI.js
12887 silly gunzTarPerm extractEntry fp/assignInAll.js
12888 silly gunzTarPerm extractEntry fp/assignInAllWith.js
12889 silly gunzTarPerm extractEntry dist/esm/icons/cigarette.js
12890 silly gunzTarPerm extractEntry dist/esm/icons/circle-dashed.js
12891 silly gunzTarPerm extractEntry data/features/fieldset-disabled.js
12892 silly gunzTarPerm extractEntry data/features/fileapi.js
12893 silly gunzTarPerm extractEntry assignInWith.js
12894 silly gunzTarPerm extractEntry fp/assignInWith.js
12895 silly gunzTarPerm extractEntry dist/esm/icons/circle-dollar-sign.js
12896 silly gunzTarPerm extractEntry dist/esm/icons/circle-dot-dashed.js
12897 silly gunzTarPerm extractEntry data/features/filereader.js
12898 silly gunzTarPerm extractEntry data/features/filereadersync.js
12899 silly gunzTarPerm extractEntry assignWith.js
12900 silly gunzTarPerm extractEntry fp/assignWith.js
12901 silly gunzTarPerm extractEntry data/features/filesystem.js
12902 silly gunzTarPerm extractEntry data/regions/FJ.js
12903 silly gunzTarPerm extractEntry dist/esm/icons/circle-dot.js
12904 silly gunzTarPerm extractEntry dist/esm/icons/circle-ellipsis.js
12905 silly gunzTarPerm extractEntry fp/assoc.js
12906 silly gunzTarPerm extractEntry fp/assocPath.js
12907 silly gunzTarPerm extractEntry data/regions/FK.js
12908 silly gunzTarPerm extractEntry data/features/flac.js
12909 silly gunzTarPerm extractEntry dist/esm/icons/circle-equal.js
12910 silly gunzTarPerm extractEntry dist/esm/icons/circle-off.js
12911 silly gunzTarPerm extractEntry at.js
12912 silly gunzTarPerm extractEntry fp/at.js
12913 silly gunzTarPerm extractEntry data/features/flexbox-gap.js
12914 silly gunzTarPerm extractEntry data/features/flexbox.js
12915 silly gunzTarPerm extractEntry dist/esm/icons/circle-slash-2.js
12916 silly gunzTarPerm extractEntry dist/esm/icons/circle-slash.js
12917 silly gunzTarPerm extractEntry attempt.js
12918 silly gunzTarPerm extractEntry fp/attempt.js
12919 silly gunzTarPerm extractEntry data/features/flow-root.js
12920 silly gunzTarPerm extractEntry data/regions/FM.js
12921 silly gunzTarPerm extractEntry dist/esm/icons/circle-slashed.js
12922 silly gunzTarPerm extractEntry dist/esm/icons/circle-user-round.js
12923 silly gunzTarPerm extractEntry before.js
12924 silly gunzTarPerm extractEntry fp/before.js
12925 silly gunzTarPerm extractEntry data/regions/FO.js
12926 silly gunzTarPerm extractEntry data/features/focusin-focusout-events.js
12927 silly gunzTarPerm extractEntry dist/esm/icons/circle-user.js
12928 silly gunzTarPerm extractEntry dist/esm/icons/circle.js
12929 silly gunzTarPerm extractEntry data/features/font-family-system-ui.js
12930 silly gunzTarPerm extractEntry data/features/font-feature.js
12931 silly gunzTarPerm extractEntry bind.js
12932 silly gunzTarPerm extractEntry fp/bind.js
12933 silly gunzTarPerm extractEntry dist/esm/icons/circuit-board.js
12934 silly gunzTarPerm extractEntry dist/esm/icons/citrus.js
12935 silly gunzTarPerm extractEntry data/features/font-kerning.js
12936 silly gunzTarPerm extractEntry data/features/font-loading.js
12937 silly gunzTarPerm extractEntry bindAll.js
12938 silly gunzTarPerm extractEntry fp/bindAll.js
12939 silly gunzTarPerm extractEntry dist/esm/icons/clapperboard.js
12940 silly gunzTarPerm extractEntry dist/esm/icons/clipboard-check.js
12941 silly gunzTarPerm extractEntry data/features/font-size-adjust.js
12942 silly gunzTarPerm extractEntry data/features/font-smooth.js
12943 silly gunzTarPerm extractEntry bindKey.js
12944 silly gunzTarPerm extractEntry fp/bindKey.js
12945 silly gunzTarPerm extractEntry dist/esm/icons/clipboard-copy.js
12946 silly gunzTarPerm extractEntry dist/esm/icons/clipboard-edit.js
12947 silly gunzTarPerm extractEntry data/features/font-unicode-range.js
12948 silly gunzTarPerm extractEntry data/features/font-variant-alternates.js
12949 silly gunzTarPerm extractEntry camelCase.js
12950 silly gunzTarPerm extractEntry fp/camelCase.js
12951 silly gunzTarPerm extractEntry dist/esm/icons/clipboard-list.js
12952 silly gunzTarPerm extractEntry dist/esm/icons/clipboard-paste.js
12953 silly gunzTarPerm extractEntry capitalize.js
12954 silly gunzTarPerm extractEntry fp/capitalize.js
12955 silly gunzTarPerm extractEntry data/features/font-variant-numeric.js
12956 silly gunzTarPerm extractEntry data/features/fontface.js
12957 silly gunzTarPerm extractEntry dist/esm/icons/clipboard-signature.js
12958 silly gunzTarPerm extractEntry dist/esm/icons/clipboard-type.js
12959 silly gunzTarPerm extractEntry data/features/form-attribute.js
12960 silly gunzTarPerm extractEntry data/features/form-submit-attributes.js
12961 silly gunzTarPerm extractEntry castArray.js
12962 silly gunzTarPerm extractEntry fp/castArray.js
12963 silly gunzTarPerm extractEntry dist/esm/icons/clipboard-x.js
12964 silly gunzTarPerm extractEntry dist/esm/icons/clipboard.js
12965 silly gunzTarPerm extractEntry ceil.js
12966 silly gunzTarPerm extractEntry fp/ceil.js
12967 silly gunzTarPerm extractEntry data/features/form-validation.js
12968 silly gunzTarPerm extractEntry data/features/forms.js
12969 silly gunzTarPerm extractEntry dist/esm/icons/clock-1.js
12970 silly gunzTarPerm extractEntry dist/esm/icons/clock-10.js
12971 silly gunzTarPerm extractEntry data/regions/FR.js
12972 silly gunzTarPerm extractEntry data/features/fullscreen.js
12973 silly gunzTarPerm extractEntry chain.js
12974 silly gunzTarPerm extractEntry fp/chain.js
12975 silly gunzTarPerm extractEntry dist/esm/icons/clock-11.js
12976 silly gunzTarPerm extractEntry dist/esm/icons/clock-12.js
12977 silly gunzTarPerm extractEntry data/regions/GA.js
12978 silly gunzTarPerm extractEntry data/features/gamepad.js
12979 silly gunzTarPerm extractEntry chunk.js
12980 silly gunzTarPerm extractEntry fp/chunk.js
12981 silly gunzTarPerm extractEntry dist/esm/icons/clock-2.js
12982 silly gunzTarPerm extractEntry dist/esm/icons/clock-3.js
12983 silly gunzTarPerm extractEntry clamp.js
12984 silly gunzTarPerm extractEntry fp/clamp.js
12985 silly gunzTarPerm extractEntry data/regions/GB.js
12986 silly gunzTarPerm extractEntry data/regions/GD.js
12987 silly gunzTarPerm extractEntry dist/esm/icons/clock-4.js
12988 silly gunzTarPerm extractEntry dist/esm/icons/clock-5.js
12989 silly gunzTarPerm extractEntry clone.js
12990 silly gunzTarPerm extractEntry fp/clone.js
12991 silly gunzTarPerm extractEntry data/regions/GE.js
12992 silly gunzTarPerm extractEntry data/features/geolocation.js
12993 silly gunzTarPerm extractEntry dist/esm/icons/clock-6.js
12994 silly gunzTarPerm extractEntry dist/esm/icons/clock-7.js
12995 silly gunzTarPerm extractEntry data/features/getboundingclientrect.js
12996 silly gunzTarPerm extractEntry cloneDeep.js
12997 silly gunzTarPerm extractEntry fp/cloneDeep.js
12998 silly gunzTarPerm extractEntry dist/esm/icons/clock-8.js
12999 silly gunzTarPerm extractEntry dist/esm/icons/clock-9.js
13000 silly gunzTarPerm extractEntry cloneDeepWith.js
13001 silly gunzTarPerm extractEntry fp/cloneDeepWith.js
13002 silly gunzTarPerm extractEntry data/features/getcomputedstyle.js
13003 silly gunzTarPerm extractEntry data/features/getelementsbyclassname.js
13004 silly gunzTarPerm extractEntry dist/esm/icons/clock.js
13005 silly gunzTarPerm extractEntry dist/esm/icons/cloud-cog.js
13006 silly gunzTarPerm extractEntry cloneWith.js
13007 silly gunzTarPerm extractEntry fp/cloneWith.js
13008 silly gunzTarPerm extractEntry data/features/getrandomvalues.js
13009 silly gunzTarPerm extractEntry data/regions/GF.js
13010 silly gunzTarPerm extractEntry dist/esm/icons/cloud-drizzle.js
13011 silly gunzTarPerm extractEntry dist/esm/icons/cloud-fog.js
13012 silly gunzTarPerm extractEntry collection.js
13013 silly gunzTarPerm extractEntry fp/collection.js
13014 silly gunzTarPerm extractEntry data/regions/GG.js
13015 silly gunzTarPerm extractEntry data/regions/GH.js
13016 silly gunzTarPerm extractEntry dist/esm/icons/cloud-hail.js
13017 silly gunzTarPerm extractEntry dist/esm/icons/cloud-lightning.js
13018 silly gunzTarPerm extractEntry data/regions/GI.js
13019 silly gunzTarPerm extractEntry data/regions/GL.js
13020 silly gunzTarPerm extractEntry commit.js
13021 silly gunzTarPerm extractEntry fp/commit.js
13022 silly gunzTarPerm extractEntry dist/esm/icons/cloud-moon-rain.js
13023 silly gunzTarPerm extractEntry dist/esm/icons/cloud-moon.js
13024 silly gunzTarPerm extractEntry data/regions/GM.js
13025 silly gunzTarPerm extractEntry data/regions/GN.js
13026 silly gunzTarPerm extractEntry compact.js
13027 silly gunzTarPerm extractEntry fp/compact.js
13028 silly gunzTarPerm extractEntry dist/esm/icons/cloud-off.js
13029 silly gunzTarPerm extractEntry dist/esm/icons/cloud-rain-wind.js
13030 silly gunzTarPerm extractEntry data/regions/GP.js
13031 silly gunzTarPerm extractEntry data/regions/GQ.js
13032 silly gunzTarPerm extractEntry fp/complement.js
13033 silly gunzTarPerm extractEntry fp/compose.js
13034 silly gunzTarPerm extractEntry dist/esm/icons/cloud-rain.js
13035 silly gunzTarPerm extractEntry dist/esm/icons/cloud-snow.js
13036 silly gunzTarPerm extractEntry data/regions/GR.js
13037 silly gunzTarPerm extractEntry data/regions/GT.js
13038 silly gunzTarPerm extractEntry concat.js
13039 silly gunzTarPerm extractEntry fp/concat.js
13040 silly gunzTarPerm extractEntry data/regions/GU.js
13041 silly gunzTarPerm extractEntry data/regions/GW.js
13042 silly gunzTarPerm extractEntry dist/esm/icons/cloud-sun-rain.js
13043 silly gunzTarPerm extractEntry dist/esm/icons/cloud-sun.js
13044 silly gunzTarPerm extractEntry cond.js
13045 silly gunzTarPerm extractEntry fp/cond.js
13046 silly gunzTarPerm extractEntry dist/esm/icons/cloud.js
13047 silly gunzTarPerm extractEntry dist/esm/icons/cloudy.js
13048 silly gunzTarPerm extractEntry data/regions/GY.js
13049 silly gunzTarPerm extractEntry data/features/gyroscope.js
13050 silly gunzTarPerm extractEntry conforms.js
13051 silly gunzTarPerm extractEntry fp/conforms.js
13052 silly gunzTarPerm extractEntry dist/esm/icons/clover.js
13053 silly gunzTarPerm extractEntry dist/esm/icons/club.js
13054 silly gunzTarPerm extractEntry data/features/hardwareconcurrency.js
13055 silly gunzTarPerm extractEntry data/features/hashchange.js
13056 silly gunzTarPerm extractEntry conformsTo.js
13057 silly gunzTarPerm extractEntry fp/conformsTo.js
13058 silly gunzTarPerm extractEntry dist/esm/icons/code-2.js
13059 silly gunzTarPerm extractEntry dist/esm/icons/code.js
13060 silly gunzTarPerm extractEntry data/features/heif.js
13061 silly gunzTarPerm extractEntry data/features/hevc.js
13062 silly gunzTarPerm extractEntry constant.js
13063 silly gunzTarPerm extractEntry fp/constant.js
13064 silly gunzTarPerm extractEntry fp/contains.js
13065 silly gunzTarPerm extractEntry fp/convert.js
13066 silly gunzTarPerm extractEntry dist/esm/icons/codepen.js
13067 silly gunzTarPerm extractEntry dist/esm/icons/codesandbox.js
13068 silly gunzTarPerm extractEntry data/features/hidden.js
13069 silly gunzTarPerm extractEntry data/features/high-resolution-time.js
13070 silly gunzTarPerm extractEntry core.js
13071 silly gunzTarPerm extractEntry core.min.js
13072 silly gunzTarPerm extractEntry data/features/history.js
13073 silly gunzTarPerm extractEntry data/regions/HK.js
13074 silly gunzTarPerm extractEntry dist/esm/icons/coffee.js
13075 silly gunzTarPerm extractEntry dist/esm/icons/cog.js
13076 silly gunzTarPerm extractEntry countBy.js
13077 silly gunzTarPerm extractEntry fp/countBy.js
13078 silly gunzTarPerm extractEntry data/regions/HN.js
13079 silly gunzTarPerm extractEntry data/regions/HR.js
13080 silly gunzTarPerm extractEntry dist/esm/icons/coins.js
13081 silly gunzTarPerm extractEntry dist/esm/icons/columns.js
13082 silly gunzTarPerm extractEntry create.js
13083 silly gunzTarPerm extractEntry fp/create.js
13084 silly gunzTarPerm extractEntry data/regions/HT.js
13085 silly gunzTarPerm extractEntry data/features/html-media-capture.js
13086 silly gunzTarPerm extractEntry dist/esm/icons/combine.js
13087 silly gunzTarPerm extractEntry dist/esm/icons/command.js
13088 silly gunzTarPerm extractEntry curry.js
13089 silly gunzTarPerm extractEntry fp/curry.js
13090 silly gunzTarPerm extractEntry data/features/html5semantic.js
13091 silly gunzTarPerm extractEntry data/features/http-live-streaming.js
13092 silly gunzTarPerm extractEntry dist/esm/icons/compass.js
13093 silly gunzTarPerm extractEntry dist/esm/icons/component.js
13094 silly gunzTarPerm extractEntry fp/curryN.js
13095 silly gunzTarPerm extractEntry curryRight.js
13096 silly gunzTarPerm extractEntry data/features/http2.js
13097 silly gunzTarPerm extractEntry data/features/http3.js
13098 silly gunzTarPerm extractEntry dist/esm/icons/computer.js
13099 silly gunzTarPerm extractEntry dist/esm/icons/concierge-bell.js
13100 silly gunzTarPerm extractEntry fp/curryRight.js
13101 silly gunzTarPerm extractEntry fp/curryRightN.js
13102 silly gunzTarPerm extractEntry data/regions/HU.js
13103 silly gunzTarPerm extractEntry data/regions/ID.js
13104 silly gunzTarPerm extractEntry dist/esm/icons/cone.js
13105 silly gunzTarPerm extractEntry dist/esm/icons/construction.js
13106 silly gunzTarPerm extractEntry data/regions/IE.js
13107 silly gunzTarPerm extractEntry data/features/iframe-sandbox.js
13108 silly gunzTarPerm extractEntry date.js
13109 silly gunzTarPerm extractEntry fp/date.js
13110 silly gunzTarPerm extractEntry dist/esm/icons/contact-2.js
13111 silly gunzTarPerm extractEntry dist/esm/icons/contact.js
13112 silly gunzTarPerm extractEntry data/features/iframe-seamless.js
13113 silly gunzTarPerm extractEntry data/features/iframe-srcdoc.js
13114 silly gunzTarPerm extractEntry debounce.js
13115 silly gunzTarPerm extractEntry fp/debounce.js
13116 silly gunzTarPerm extractEntry data/regions/IL.js
13117 silly gunzTarPerm extractEntry data/regions/IM.js
13118 silly gunzTarPerm extractEntry dist/esm/icons/container.js
13119 silly gunzTarPerm extractEntry dist/esm/icons/contrast.js
13120 silly gunzTarPerm extractEntry deburr.js
13121 silly gunzTarPerm extractEntry fp/deburr.js
13122 silly gunzTarPerm extractEntry data/features/imagecapture.js
13123 silly gunzTarPerm extractEntry data/features/ime.js
13124 silly gunzTarPerm extractEntry dist/esm/icons/cookie.js
13125 silly gunzTarPerm extractEntry dist/esm/icons/cooking-pot.js
13126 silly gunzTarPerm extractEntry defaults.js
13127 silly gunzTarPerm extractEntry fp/defaults.js
13128 silly gunzTarPerm extractEntry dist/esm/icons/copy-check.js
13129 silly gunzTarPerm extractEntry dist/esm/icons/copy-minus.js
13130 silly gunzTarPerm extractEntry data/features/img-naturalwidth-naturalheight.js
13131 silly gunzTarPerm extractEntry data/features/import-maps.js
13132 silly gunzTarPerm extractEntry fp/defaultsAll.js
13133 silly gunzTarPerm extractEntry defaultsDeep.js
13134 silly gunzTarPerm extractEntry data/features/imports.js
13135 silly gunzTarPerm extractEntry data/regions/IN.js
13136 silly gunzTarPerm extractEntry dist/esm/icons/copy-plus.js
13137 silly gunzTarPerm extractEntry dist/esm/icons/copy-slash.js
13138 silly gunzTarPerm extractEntry fp/defaultsDeep.js
13139 silly gunzTarPerm extractEntry fp/defaultsDeepAll.js
13140 silly gunzTarPerm extractEntry data/features/indeterminate-checkbox.js
13141 silly gunzTarPerm extractEntry dist/unpacker/index.js
13142 silly gunzTarPerm extractEntry dist/esm/icons/copy-x.js
13143 silly gunzTarPerm extractEntry dist/esm/icons/copy.js
13144 silly gunzTarPerm extractEntry defaultTo.js
13145 silly gunzTarPerm extractEntry fp/defaultTo.js
13146 silly gunzTarPerm extractEntry data/features/indexeddb.js
13147 silly gunzTarPerm extractEntry data/features/indexeddb2.js
13148 silly gunzTarPerm extractEntry dist/esm/icons/copyleft.js
13149 silly gunzTarPerm extractEntry dist/esm/icons/copyright.js
13150 silly gunzTarPerm extractEntry defer.js
13151 silly gunzTarPerm extractEntry fp/defer.js
13152 silly gunzTarPerm extractEntry data/features/inline-block.js
13153 silly gunzTarPerm extractEntry data/features/innertext.js
13154 silly gunzTarPerm extractEntry delay.js
13155 silly gunzTarPerm extractEntry fp/delay.js
13156 silly gunzTarPerm extractEntry dist/esm/icons/corner-down-left.js
13157 silly gunzTarPerm extractEntry dist/esm/icons/corner-down-right.js
13158 silly gunzTarPerm extractEntry data/features/input-autocomplete-onoff.js
13159 silly gunzTarPerm extractEntry data/features/input-color.js
13160 silly gunzTarPerm extractEntry difference.js
13161 silly gunzTarPerm extractEntry fp/difference.js
13162 silly gunzTarPerm extractEntry dist/esm/icons/corner-left-down.js
13163 silly gunzTarPerm extractEntry dist/esm/icons/corner-left-up.js
13164 silly gunzTarPerm extractEntry data/features/input-datetime.js
13165 silly gunzTarPerm extractEntry data/features/input-email-tel-url.js
13166 silly gunzTarPerm extractEntry differenceBy.js
13167 silly gunzTarPerm extractEntry fp/differenceBy.js
13168 silly gunzTarPerm extractEntry dist/esm/icons/corner-right-down.js
13169 silly gunzTarPerm extractEntry dist/esm/icons/corner-right-up.js
13170 silly gunzTarPerm extractEntry data/features/input-event.js
13171 silly gunzTarPerm extractEntry data/features/input-file-accept.js
13172 silly gunzTarPerm extractEntry differenceWith.js
13173 silly gunzTarPerm extractEntry fp/differenceWith.js
13174 silly gunzTarPerm extractEntry dist/esm/icons/corner-up-left.js
13175 silly gunzTarPerm extractEntry dist/esm/icons/corner-up-right.js
13176 silly gunzTarPerm extractEntry data/features/input-file-directory.js
13177 silly gunzTarPerm extractEntry data/features/input-file-multiple.js
13178 silly gunzTarPerm extractEntry fp/dissoc.js
13179 silly gunzTarPerm extractEntry fp/dissocPath.js
13180 silly gunzTarPerm extractEntry dist/esm/icons/cpu.js
13181 silly gunzTarPerm extractEntry dist/esm/createLucideIcon.js
13182 silly gunzTarPerm extractEntry data/features/input-inputmode.js
13183 silly gunzTarPerm extractEntry data/features/input-minlength.js
13184 silly gunzTarPerm extractEntry divide.js
13185 silly gunzTarPerm extractEntry fp/divide.js
13186 silly gunzTarPerm extractEntry dist/esm/icons/creative-commons.js
13187 silly gunzTarPerm extractEntry dist/esm/icons/credit-card.js
13188 silly gunzTarPerm extractEntry data/features/input-number.js
13189 silly gunzTarPerm extractEntry data/features/input-pattern.js
13190 silly gunzTarPerm extractEntry drop.js
13191 silly gunzTarPerm extractEntry fp/drop.js
13192 silly gunzTarPerm extractEntry dist/esm/icons/croissant.js
13193 silly gunzTarPerm extractEntry dist/esm/icons/crop.js
13194 silly gunzTarPerm extractEntry data/features/input-placeholder.js
13195 silly gunzTarPerm extractEntry data/features/input-range.js
13196 silly gunzTarPerm extractEntry fp/dropLast.js
13197 silly gunzTarPerm extractEntry fp/dropLastWhile.js
13198 silly gunzTarPerm extractEntry dist/esm/icons/cross.js
13199 silly gunzTarPerm extractEntry dist/esm/icons/crosshair.js
13200 silly gunzTarPerm extractEntry data/features/input-search.js
13201 silly gunzTarPerm extractEntry data/features/input-selection.js
13202 silly gunzTarPerm extractEntry dropRight.js
13203 silly gunzTarPerm extractEntry fp/dropRight.js
13204 silly gunzTarPerm extractEntry data/features/insert-adjacent.js
13205 silly gunzTarPerm extractEntry data/features/insertadjacenthtml.js
13206 silly gunzTarPerm extractEntry dist/esm/icons/crown.js
13207 silly gunzTarPerm extractEntry dist/esm/icons/cuboid.js
13208 silly gunzTarPerm extractEntry dropRightWhile.js
13209 silly gunzTarPerm extractEntry fp/dropRightWhile.js
13210 silly gunzTarPerm extractEntry data/features/internationalization.js
13211 silly gunzTarPerm extractEntry data/features/intersectionobserver-v2.js
13212 silly gunzTarPerm extractEntry dist/esm/icons/cup-soda.js
13213 silly gunzTarPerm extractEntry dist/esm/icons/curly-braces.js
13214 silly gunzTarPerm extractEntry dropWhile.js
13215 silly gunzTarPerm extractEntry fp/dropWhile.js
13216 silly gunzTarPerm extractEntry data/features/intersectionobserver.js
13217 silly gunzTarPerm extractEntry data/features/intl-pluralrules.js
13218 silly gunzTarPerm extractEntry dist/esm/icons/currency.js
13219 silly gunzTarPerm extractEntry dist/esm/icons/cylinder.js
13220 silly gentlyRm /Users/hyypucs/work/Antigravity2/ai_pkt/frontend/node_modules/.staging/@babel/types-ff3b9d49/node_modules is being purged
13221 verbose gentlyRm don't care about contents; nuking /Users/hyypucs/work/Antigravity2/ai_pkt/frontend/node_modules/.staging/@babel/types-ff3b9d49/node_modules
13222 silly gunzTarPerm extractEntry each.js
13223 silly gunzTarPerm extractEntry fp/each.js
13224 silly gunzTarPerm extractEntry data/features/intrinsic-width.js
13225 silly gunzTarPerm extractEntry data/regions/IQ.js
13226 silly gunzTarPerm extractEntry dist/esm/icons/database-backup.js
13227 silly gunzTarPerm extractEntry dist/esm/icons/database-zap.js
13228 silly gunzTarPerm extractEntry data/regions/IR.js
13229 silly gunzTarPerm extractEntry data/regions/IS.js
13230 silly gunzTarPerm extractEntry eachRight.js
13231 silly gunzTarPerm extractEntry fp/eachRight.js
13232 silly gunzTarPerm extractEntry dist/esm/icons/database.js
13233 silly gunzTarPerm extractEntry dist/esm/defaultAttributes.js
13234 silly gunzTarPerm extractEntry data/regions/IT.js
13235 silly gunzTarPerm extractEntry data/regions/JE.js
13236 silly gunzTarPerm extractEntry endsWith.js
13237 silly gunzTarPerm extractEntry fp/endsWith.js
13238 silly gunzTarPerm extractEntry dist/esm/icons/delete.js
13239 silly gunzTarPerm extractEntry dist/esm/icons/dessert.js
13240 silly gunzTarPerm extractEntry data/regions/JM.js
13241 silly gunzTarPerm extractEntry data/regions/JO.js
13242 silly gunzTarPerm extractEntry entries.js
13243 silly gunzTarPerm extractEntry fp/entries.js
13244 silly gunzTarPerm extractEntry dist/esm/icons/diameter.js
13245 silly gunzTarPerm extractEntry dist/esm/icons/diamond.js
13246 silly gunzTarPerm extractEntry data/regions/JP.js
13247 silly gunzTarPerm extractEntry data/features/jpeg2000.js
13248 silly gunzTarPerm extractEntry entriesIn.js
13249 silly gunzTarPerm extractEntry fp/entriesIn.js
13250 silly gunzTarPerm extractEntry dist/esm/icons/dice-1.js
13251 silly gunzTarPerm extractEntry dist/esm/icons/dice-2.js
13252 silly gunzTarPerm extractEntry data/features/jpegxl.js
13253 silly gunzTarPerm extractEntry data/features/jpegxr.js
13254 silly gunzTarPerm extractEntry eq.js
13255 silly gunzTarPerm extractEntry fp/eq.js
13256 silly gunzTarPerm extractEntry dist/esm/icons/dice-3.js
13257 silly gunzTarPerm extractEntry dist/esm/icons/dice-4.js
13258 silly gunzTarPerm extractEntry data/features/js-regexp-lookbehind.js
13259 silly gunzTarPerm extractEntry data/features/json.js
13260 silly gunzTarPerm extractEntry fp/equals.js
13261 silly gunzTarPerm extractEntry escape.js
13262 silly gunzTarPerm extractEntry dist/esm/icons/dice-5.js
13263 silly gunzTarPerm extractEntry dist/esm/icons/dice-6.js
13264 silly gunzTarPerm extractEntry data/features/justify-content-space-evenly.js
13265 silly gunzTarPerm extractEntry data/regions/KE.js
13266 silly gunzTarPerm extractEntry fp/escape.js
13267 silly gunzTarPerm extractEntry escapeRegExp.js
13268 silly gunzTarPerm extractEntry dist/esm/icons/dices.js
13269 silly gunzTarPerm extractEntry dist/esm/icons/diff.js
13270 silly gunzTarPerm extractEntry data/features/kerning-pairs-ligatures.js
13271 silly gunzTarPerm extractEntry data/features/keyboardevent-charcode.js
13272 silly gunzTarPerm extractEntry fp/escapeRegExp.js
13273 silly gunzTarPerm extractEntry every.js
13274 silly gunzTarPerm extractEntry dist/esm/icons/disc-2.js
13275 silly gunzTarPerm extractEntry dist/esm/icons/disc-3.js
13276 silly gunzTarPerm extractEntry data/features/keyboardevent-code.js
13277 silly gunzTarPerm extractEntry data/features/keyboardevent-getmodifierstate.js
13278 silly gunzTarPerm extractEntry fp/every.js
13279 silly gunzTarPerm extractEntry extend.js
13280 silly gunzTarPerm extractEntry dist/esm/icons/disc-album.js
13281 silly gunzTarPerm extractEntry dist/esm/icons/disc.js
13282 silly gunzTarPerm extractEntry fp/extend.js
13283 silly gunzTarPerm extractEntry fp/extendAll.js
13284 silly gunzTarPerm extractEntry data/features/keyboardevent-key.js
13285 silly gunzTarPerm extractEntry data/features/keyboardevent-location.js
13286 silly gunzTarPerm extractEntry dist/esm/icons/divide-circle.js
13287 silly gunzTarPerm extractEntry dist/esm/icons/divide-square.js
13288 silly gunzTarPerm extractEntry fp/extendAllWith.js
13289 silly gunzTarPerm extractEntry extendWith.js
13290 silly gunzTarPerm extractEntry data/features/keyboardevent-which.js
13291 silly gunzTarPerm extractEntry data/regions/KG.js
13292 silly gunzTarPerm extractEntry dist/esm/icons/divide.js
13293 silly gunzTarPerm extractEntry dist/esm/icons/dna-off.js
13294 silly gunzTarPerm extractEntry data/regions/KH.js
13295 silly gunzTarPerm extractEntry data/regions/KI.js
13296 silly gunzTarPerm extractEntry fp/extendWith.js
13297 silly gunzTarPerm extractEntry fp/F.js
13298 silly gunzTarPerm extractEntry dist/esm/icons/dna.js
13299 silly gunzTarPerm extractEntry dist/esm/icons/dog.js
13300 silly gunzTarPerm extractEntry data/regions/KM.js
13301 silly gunzTarPerm extractEntry data/regions/KN.js
13302 silly gunzTarPerm extractEntry fill.js
13303 silly gunzTarPerm extractEntry fp/fill.js
13304 silly gunzTarPerm extractEntry dist/esm/icons/dollar-sign.js
13305 silly gunzTarPerm extractEntry dist/esm/icons/donut.js
13306 silly gunzTarPerm extractEntry data/regions/KP.js
13307 silly gunzTarPerm extractEntry data/regions/KR.js
13308 silly gunzTarPerm extractEntry filter.js
13309 silly gunzTarPerm extractEntry fp/filter.js
13310 silly gunzTarPerm extractEntry dist/esm/icons/door-closed.js
13311 silly gunzTarPerm extractEntry dist/esm/icons/door-open.js
13312 silly gunzTarPerm extractEntry data/regions/KW.js
13313 silly gunzTarPerm extractEntry data/regions/KY.js
13314 silly gunzTarPerm extractEntry find.js
13315 silly gunzTarPerm extractEntry fp/find.js
13316 silly gunzTarPerm extractEntry dist/esm/icons/dot.js
13317 silly gunzTarPerm extractEntry dist/esm/icons/download-cloud.js
13318 silly gunzTarPerm extractEntry data/regions/KZ.js
13319 silly gunzTarPerm extractEntry data/regions/LA.js
13320 silly gunzTarPerm extractEntry fp/findFrom.js
13321 silly gunzTarPerm extractEntry findIndex.js
13322 silly gunzTarPerm extractEntry data/features/lazyload.js
13323 silly gunzTarPerm extractEntry data/regions/LB.js
13324 silly gunzTarPerm extractEntry dist/esm/icons/download.js
13325 silly gunzTarPerm extractEntry dist/esm/icons/drafting-compass.js
13326 silly gunzTarPerm extractEntry fp/findIndex.js
13327 silly gunzTarPerm extractEntry fp/findIndexFrom.js
13328 silly gunzTarPerm extractEntry data/regions/LC.js
13329 silly gunzTarPerm extractEntry data/features/let.js
13330 silly gunzTarPerm extractEntry dist/esm/icons/drama.js
13331 silly gunzTarPerm extractEntry dist/esm/icons/dribbble.js
13332 silly gunzTarPerm extractEntry findKey.js
13333 silly gunzTarPerm extractEntry fp/findKey.js
13334 silly gunzTarPerm extractEntry data/regions/LI.js
13335 silly gunzTarPerm extractEntry data/features/link-icon-png.js
13336 silly gunzTarPerm extractEntry dist/esm/icons/droplet.js
13337 silly gunzTarPerm extractEntry dist/esm/icons/droplets.js
13338 silly gunzTarPerm extractEntry findLast.js
13339 silly gunzTarPerm extractEntry fp/findLast.js
13340 silly gunzTarPerm extractEntry data/features/link-icon-svg.js
13341 silly gunzTarPerm extractEntry data/features/link-rel-dns-prefetch.js
13342 silly gunzTarPerm extractEntry fp/findLastFrom.js
13343 silly gunzTarPerm extractEntry findLastIndex.js
13344 silly gunzTarPerm extractEntry dist/esm/icons/drum.js
13345 silly gunzTarPerm extractEntry dist/esm/icons/drumstick.js
13346 silly gunzTarPerm extractEntry data/features/link-rel-modulepreload.js
13347 silly gunzTarPerm extractEntry data/features/link-rel-preconnect.js
13348 silly gunzTarPerm extractEntry fp/findLastIndex.js
13349 silly gunzTarPerm extractEntry fp/findLastIndexFrom.js
13350 silly gunzTarPerm extractEntry dist/esm/icons/dumbbell.js
13351 silly gunzTarPerm extractEntry dynamicIconImports.js
13352 silly gunzTarPerm extractEntry data/features/link-rel-prefetch.js
13353 silly gunzTarPerm extractEntry data/features/link-rel-preload.js
13354 silly gentlyRm /Users/hyypucs/work/Antigravity2/ai_pkt/frontend/node_modules/.staging/@babel/runtime-28a7948e/node_modules is being purged
13355 verbose gentlyRm don't care about contents; nuking /Users/hyypucs/work/Antigravity2/ai_pkt/frontend/node_modules/.staging/@babel/runtime-28a7948e/node_modules
13356 silly gunzTarPerm extractEntry findLastKey.js
13357 silly gunzTarPerm extractEntry fp/findLastKey.js
13358 silly gunzTarPerm extractEntry dist/esm/icons/ear-off.js
13359 silly gunzTarPerm extractEntry dist/esm/icons/ear.js
13360 silly gunzTarPerm extractEntry data/features/link-rel-prerender.js
13361 silly gunzTarPerm extractEntry data/regions/LK.js
13362 silly gunzTarPerm extractEntry first.js
13363 silly gunzTarPerm extractEntry fp/first.js
13364 silly gunzTarPerm extractEntry dist/esm/icons/edit-2.js
13365 silly gunzTarPerm extractEntry dist/esm/icons/edit-3.js
13366 silly gunzTarPerm extractEntry data/features/loading-lazy-attr.js
13367 silly gunzTarPerm extractEntry data/features/loading-lazy-media.js
13368 silly gunzTarPerm extractEntry flatMap.js
13369 silly gunzTarPerm extractEntry fp/flatMap.js
13370 silly gunzTarPerm extractEntry dist/esm/icons/edit.js
13371 silly gunzTarPerm extractEntry dist/esm/icons/egg-fried.js
13372 silly gunzTarPerm extractEntry data/features/localecompare.js
13373 silly gunzTarPerm extractEntry data/regions/LR.js
13374 silly gunzTarPerm extractEntry dist/esm/icons/egg-off.js
13375 silly gunzTarPerm extractEntry dist/esm/icons/egg.js
13376 silly gunzTarPerm extractEntry flatMapDeep.js
13377 silly gunzTarPerm extractEntry fp/flatMapDeep.js
13378 silly gunzTarPerm extractEntry data/regions/LS.js
13379 silly gunzTarPerm extractEntry data/regions/LT.js
13380 silly gunzTarPerm extractEntry flatMapDepth.js
13381 silly gunzTarPerm extractEntry fp/flatMapDepth.js
13382 silly gunzTarPerm extractEntry dist/esm/icons/equal-not.js
13383 silly gunzTarPerm extractEntry dist/esm/icons/equal.js
13384 silly gunzTarPerm extractEntry data/regions/LU.js
13385 silly gunzTarPerm extractEntry data/regions/LV.js
13386 silly gunzTarPerm extractEntry flatten.js
13387 silly gunzTarPerm extractEntry fp/flatten.js
13388 silly gunzTarPerm extractEntry data/regions/LY.js
13389 silly gunzTarPerm extractEntry data/regions/MA.js
13390 silly gunzTarPerm extractEntry dist/esm/icons/eraser.js
13391 silly gunzTarPerm extractEntry dist/esm/icons/euro.js
13392 silly gunzTarPerm extractEntry flattenDeep.js
13393 silly gunzTarPerm extractEntry fp/flattenDeep.js
13394 silly gunzTarPerm extractEntry data/features/magnetometer.js
13395 silly gunzTarPerm extractEntry data/features/matchesselector.js
13396 silly gunzTarPerm extractEntry dist/esm/icons/expand.js
13397 silly gunzTarPerm extractEntry dist/esm/icons/external-link.js
13398 silly gunzTarPerm extractEntry flattenDepth.js
13399 silly gunzTarPerm extractEntry fp/flattenDepth.js
13400 silly gunzTarPerm extractEntry data/features/matchmedia.js
13401 silly gunzTarPerm extractEntry data/features/mathml.js
13402 silly gunzTarPerm extractEntry dist/esm/icons/eye-off.js
13403 silly gunzTarPerm extractEntry dist/esm/icons/eye.js
13404 silly gunzTarPerm extractEntry data/features/maxlength.js
13405 silly gunzTarPerm extractEntry data/regions/MC.js
13406 silly gunzTarPerm extractEntry flip.js
13407 silly gunzTarPerm extractEntry fp/flip.js
13408 silly gunzTarPerm extractEntry dist/esm/icons/facebook.js
13409 silly gunzTarPerm extractEntry dist/esm/icons/factory.js
13410 silly gunzTarPerm extractEntry data/regions/MD.js
13411 silly gunzTarPerm extractEntry data/features/mdn-css-backdrop-pseudo-element.js
13412 silly gunzTarPerm extractEntry floor.js
13413 silly gunzTarPerm extractEntry fp/floor.js
13414 silly gunzTarPerm extractEntry dist/esm/icons/fan.js
13415 silly gunzTarPerm extractEntry dist/esm/icons/fast-forward.js
13416 silly gunzTarPerm extractEntry data/features/mdn-css-unicode-bidi-isolate-override.js
13417 silly gunzTarPerm extractEntry data/features/mdn-css-unicode-bidi-isolate.js
13418 silly gunzTarPerm extractEntry flow.js
13419 silly gunzTarPerm extractEntry fp/flow.js
13420 silly gunzTarPerm extractEntry data/features/mdn-css-unicode-bidi-plaintext.js
13421 silly gunzTarPerm extractEntry data/features/mdn-text-decoration-color.js
13422 silly gunzTarPerm extractEntry dist/esm/icons/feather.js
13423 silly gunzTarPerm extractEntry dist/esm/icons/fence.js
13424 silly gunzTarPerm extractEntry flowRight.js
13425 silly gunzTarPerm extractEntry fp/flowRight.js
13426 silly gunzTarPerm extractEntry data/features/mdn-text-decoration-line.js
13427 silly gunzTarPerm extractEntry data/features/mdn-text-decoration-shorthand.js
13428 silly gunzTarPerm extractEntry dist/esm/icons/ferris-wheel.js
13429 silly gunzTarPerm extractEntry dist/esm/icons/figma.js
13430 silly gunzTarPerm extractEntry forEach.js
13431 silly gunzTarPerm extractEntry fp/forEach.js
13432 silly gunzTarPerm extractEntry data/features/mdn-text-decoration-style.js
13433 silly gunzTarPerm extractEntry data/regions/ME.js
13434 silly gunzTarPerm extractEntry dist/esm/icons/file-archive.js
13435 silly gunzTarPerm extractEntry dist/esm/icons/file-audio-2.js
13436 silly gunzTarPerm extractEntry forEachRight.js
13437 silly gunzTarPerm extractEntry fp/forEachRight.js
13438 silly gunzTarPerm extractEntry data/features/media-fragments.js
13439 silly gunzTarPerm extractEntry data/features/mediacapture-fromelement.js
13440 silly gunzTarPerm extractEntry dist/esm/icons/file-audio.js
13441 silly gunzTarPerm extractEntry dist/esm/icons/file-axis-3-d.js
13442 silly gunzTarPerm extractEntry forIn.js
13443 silly gunzTarPerm extractEntry fp/forIn.js
13444 silly gunzTarPerm extractEntry data/features/mediarecorder.js
13445 silly gunzTarPerm extractEntry data/features/mediasource.js
13446 silly gunzTarPerm extractEntry forInRight.js
13447 silly gunzTarPerm extractEntry fp/forInRight.js
13448 silly gunzTarPerm extractEntry dist/esm/icons/file-axis-3d.js
13449 silly gunzTarPerm extractEntry dist/esm/icons/file-badge-2.js
13450 silly gunzTarPerm extractEntry data/features/menu.js
13451 silly gunzTarPerm extractEntry data/features/meta-theme-color.js
13452 silly gunzTarPerm extractEntry forOwn.js
13453 silly gunzTarPerm extractEntry fp/forOwn.js
13454 silly gunzTarPerm extractEntry dist/esm/icons/file-badge.js
13455 silly gunzTarPerm extractEntry dist/esm/icons/file-bar-chart-2.js
13456 silly gunzTarPerm extractEntry data/features/meter.js
13457 silly gunzTarPerm extractEntry data/regions/MG.js
13458 silly gunzTarPerm extractEntry forOwnRight.js
13459 silly gunzTarPerm extractEntry fp/forOwnRight.js
13460 silly gunzTarPerm extractEntry dist/esm/icons/file-bar-chart.js
13461 silly gunzTarPerm extractEntry dist/esm/icons/file-box.js
13462 silly gunzTarPerm extractEntry data/regions/MH.js
13463 silly gunzTarPerm extractEntry fp.js
13464 silly gunzTarPerm extractEntry fp/fromPairs.js
13465 silly gunzTarPerm extractEntry dist/esm/icons/file-check-2.js
13466 silly gunzTarPerm extractEntry dist/esm/icons/file-check.js
13467 silly gunzTarPerm extractEntry data/features/midi.js
13468 silly gunzTarPerm extractEntry data/features/minmaxwh.js
13469 silly gunzTarPerm extractEntry fromPairs.js
13470 silly gunzTarPerm extractEntry fp/function.js
13471 silly gunzTarPerm extractEntry dist/esm/icons/file-clock.js
13472 silly gunzTarPerm extractEntry dist/esm/icons/file-code-2.js
13473 silly gunzTarPerm extractEntry data/regions/MK.js
13474 silly gunzTarPerm extractEntry data/regions/ML.js
13475 silly gentlyRm /Users/hyypucs/work/Antigravity2/ai_pkt/frontend/node_modules/.staging/@babel/helpers-f04e7afb/node_modules is being purged
13476 verbose gentlyRm don't care about contents; nuking /Users/hyypucs/work/Antigravity2/ai_pkt/frontend/node_modules/.staging/@babel/helpers-f04e7afb/node_modules
13477 silly gunzTarPerm extractEntry function.js
13478 silly gunzTarPerm extractEntry fp/functions.js
13479 silly gunzTarPerm extractEntry dist/esm/icons/file-code.js
13480 silly gunzTarPerm extractEntry dist/esm/icons/file-cog-2.js
13481 silly gunzTarPerm extractEntry data/regions/MM.js
13482 silly gunzTarPerm extractEntry data/regions/MN.js
13483 silly gunzTarPerm extractEntry functions.js
13484 silly gunzTarPerm extractEntry fp/functionsIn.js
13485 silly gunzTarPerm extractEntry dist/esm/icons/file-cog.js
13486 silly gunzTarPerm extractEntry dist/esm/icons/file-diff.js
13487 silly gunzTarPerm extractEntry data/regions/MO.js
13488 silly gunzTarPerm extractEntry data/regions/MP.js
13489 silly gunzTarPerm extractEntry functionsIn.js
13490 silly gunzTarPerm extractEntry fp/get.js
13491 silly gunzTarPerm extractEntry dist/esm/icons/file-digit.js
13492 silly gunzTarPerm extractEntry dist/esm/icons/file-down.js
13493 silly gunzTarPerm extractEntry data/features/mp3.js
13494 silly gunzTarPerm extractEntry data/features/mpeg-dash.js
13495 silly gunzTarPerm extractEntry get.js
13496 silly gunzTarPerm extractEntry fp/getOr.js
13497 silly gunzTarPerm extractEntry data/features/mpeg4.js
13498 silly gunzTarPerm extractEntry data/regions/MQ.js
13499 silly gunzTarPerm extractEntry dist/esm/icons/file-edit.js
13500 silly gunzTarPerm extractEntry dist/esm/icons/file-heart.js
13501 silly gunzTarPerm extractEntry fp/groupBy.js
13502 silly gunzTarPerm extractEntry groupBy.js
13503 silly gunzTarPerm extractEntry data/regions/MR.js
13504 silly gunzTarPerm extractEntry data/regions/MS.js
13505 silly gunzTarPerm extractEntry dist/esm/icons/file-image.js
13506 silly gunzTarPerm extractEntry dist/esm/icons/file-input.js
13507 silly gunzTarPerm extractEntry fp/gt.js
13508 silly gunzTarPerm extractEntry gt.js
13509 silly gunzTarPerm extractEntry data/regions/MT.js
13510 silly gunzTarPerm extractEntry data/regions/MU.js
13511 silly gunzTarPerm extractEntry fp/gte.js
13512 silly gunzTarPerm extractEntry gte.js
13513 silly gunzTarPerm extractEntry dist/esm/icons/file-json-2.js
13514 silly gunzTarPerm extractEntry dist/esm/icons/file-json.js
13515 silly gunzTarPerm extractEntry data/features/multibackgrounds.js
13516 silly gunzTarPerm extractEntry data/features/multicolumn.js
13517 silly gunzTarPerm extractEntry fp/has.js
13518 silly gunzTarPerm extractEntry has.js
13519 silly gunzTarPerm extractEntry dist/esm/icons/file-key-2.js
13520 silly gunzTarPerm extractEntry dist/esm/icons/file-key.js
13521 silly gunzTarPerm extractEntry fp/hasIn.js
13522 silly gunzTarPerm extractEntry hasIn.js
13523 silly gunzTarPerm extractEntry data/features/mutation-events.js
13524 silly gunzTarPerm extractEntry data/features/mutationobserver.js
13525 silly gunzTarPerm extractEntry dist/esm/icons/file-line-chart.js
13526 silly gunzTarPerm extractEntry dist/esm/icons/file-lock-2.js
13527 silly gunzTarPerm extractEntry fp/head.js
13528 silly gunzTarPerm extractEntry head.js
13529 silly gunzTarPerm extractEntry data/regions/MV.js
13530 silly gunzTarPerm extractEntry data/regions/MW.js
13531 silly gunzTarPerm extractEntry dist/esm/icons/file-lock.js
13532 silly gunzTarPerm extractEntry dist/esm/icons/file-minus-2.js
13533 silly gunzTarPerm extractEntry fp/identical.js
13534 silly gunzTarPerm extractEntry fp/identity.js
13535 silly gunzTarPerm extractEntry data/regions/MX.js
13536 silly gunzTarPerm extractEntry data/regions/MY.js
13537 silly gunzTarPerm extractEntry dist/esm/icons/file-minus.js
13538 silly gunzTarPerm extractEntry dist/esm/icons/file-music.js
13539 silly gunzTarPerm extractEntry identity.js
13540 silly gunzTarPerm extractEntry fp/includes.js
13541 silly gunzTarPerm extractEntry data/regions/MZ.js
13542 silly gunzTarPerm extractEntry data/regions/NA.js
13543 silly gunzTarPerm extractEntry dist/esm/icons/file-output.js
13544 silly gunzTarPerm extractEntry dist/esm/icons/file-pie-chart.js
13545 silly gunzTarPerm extractEntry includes.js
13546 silly gunzTarPerm extractEntry fp/includesFrom.js
13547 silly gunzTarPerm extractEntry data/features/namevalue-storage.js
13548 silly gunzTarPerm extractEntry data/features/native-filesystem-api.js
13549 silly gunzTarPerm extractEntry dist/esm/icons/file-plus-2.js
13550 silly gunzTarPerm extractEntry dist/esm/icons/file-plus.js
13551 silly gunzTarPerm extractEntry index.js
13552 silly gunzTarPerm extractEntry fp/indexBy.js
13553 silly gunzTarPerm extractEntry data/features/nav-timing.js
13554 silly gunzTarPerm extractEntry data/regions/NC.js
13555 silly gunzTarPerm extractEntry dist/esm/icons/file-question.js
13556 silly gunzTarPerm extractEntry dist/esm/icons/file-scan.js
13557 silly gunzTarPerm extractEntry fp/indexOf.js
13558 silly gunzTarPerm extractEntry indexOf.js
13559 silly gunzTarPerm extractEntry data/regions/NE.js
13560 silly gunzTarPerm extractEntry data/features/netinfo.js
13561 silly gunzTarPerm extractEntry dist/esm/icons/file-search-2.js
13562 silly gunzTarPerm extractEntry dist/esm/icons/file-search.js
13563 silly gunzTarPerm extractEntry fp/indexOfFrom.js
13564 silly gunzTarPerm extractEntry fp/init.js
13565 silly gunzTarPerm extractEntry data/regions/NF.js
13566 silly gunzTarPerm extractEntry data/regions/NG.js
13567 silly gunzTarPerm extractEntry dist/esm/icons/file-signature.js
13568 silly gunzTarPerm extractEntry dist/esm/icons/file-spreadsheet.js
13569 silly gunzTarPerm extractEntry fp/initial.js
13570 silly gunzTarPerm extractEntry initial.js
13571 silly gunzTarPerm extractEntry data/regions/NI.js
13572 silly gunzTarPerm extractEntry data/regions/NL.js
13573 silly gunzTarPerm extractEntry dist/esm/icons/file-stack.js
13574 silly gunzTarPerm extractEntry dist/esm/icons/file-symlink.js
13575 silly gunzTarPerm extractEntry fp/inRange.js
13576 silly gunzTarPerm extractEntry inRange.js
13577 silly gunzTarPerm extractEntry data/regions/NO.js
13578 silly gunzTarPerm extractEntry data/features/notifications.js
13579 silly gunzTarPerm extractEntry dist/esm/icons/file-terminal.js
13580 silly gunzTarPerm extractEntry dist/esm/icons/file-text.js
13581 silly gunzTarPerm extractEntry fp/intersection.js
13582 silly gunzTarPerm extractEntry intersection.js
13583 silly gunzTarPerm extractEntry data/regions/NP.js
13584 silly gunzTarPerm extractEntry data/regions/NR.js
13585 silly gunzTarPerm extractEntry dist/esm/icons/file-type-2.js
13586 silly gunzTarPerm extractEntry dist/esm/icons/file-type.js
13587 silly gunzTarPerm extractEntry fp/intersectionBy.js
13588 silly gunzTarPerm extractEntry intersectionBy.js
13589 silly gunzTarPerm extractEntry data/regions/NU.js
13590 silly gunzTarPerm extractEntry data/regions/NZ.js
13591 silly gunzTarPerm extractEntry dist/esm/icons/file-up.js
13592 silly gunzTarPerm extractEntry dist/esm/icons/file-video-2.js
13593 silly gunzTarPerm extractEntry fp/intersectionWith.js
13594 silly gunzTarPerm extractEntry intersectionWith.js
13595 silly gentlyRm /Users/hyypucs/work/Antigravity2/ai_pkt/frontend/node_modules/.staging/dom-helpers-f70a8c7e/node_modules is being purged
13596 verbose gentlyRm don't care about contents; nuking /Users/hyypucs/work/Antigravity2/ai_pkt/frontend/node_modules/.staging/dom-helpers-f70a8c7e/node_modules
13597 silly gunzTarPerm extractEntry data/features/object-entries.js
13598 silly gunzTarPerm extractEntry data/features/object-fit.js
13599 silly gunzTarPerm extractEntry fp/invert.js
13600 silly gunzTarPerm extractEntry invert.js
13601 silly gunzTarPerm extractEntry dist/esm/icons/file-video.js
13602 silly gunzTarPerm extractEntry dist/esm/icons/file-volume-2.js
13603 silly gunzTarPerm extractEntry data/features/object-observe.js
13604 silly gunzTarPerm extractEntry data/features/object-values.js
13605 silly gunzTarPerm extractEntry fp/invertBy.js
13606 silly gunzTarPerm extractEntry invertBy.js
13607 silly gunzTarPerm extractEntry dist/esm/icons/file-volume.js
13608 silly gunzTarPerm extractEntry dist/esm/icons/file-warning.js
13609 silly gunzTarPerm extractEntry data/features/objectrtc.js
13610 silly gunzTarPerm extractEntry data/features/offline-apps.js
13611 silly gunzTarPerm extractEntry fp/invertObj.js
13612 silly gunzTarPerm extractEntry fp/invoke.js
13613 silly gunzTarPerm extractEntry dist/esm/icons/file-x-2.js
13614 silly gunzTarPerm extractEntry dist/esm/icons/file-x.js
13615 silly gunzTarPerm extractEntry data/features/offscreencanvas.js
13616 silly gunzTarPerm extractEntry data/features/ogg-vorbis.js
13617 silly gunzTarPerm extractEntry invoke.js
13618 silly gunzTarPerm extractEntry fp/invokeArgs.js
13619 silly gunzTarPerm extractEntry dist/esm/icons/file.js
13620 silly gunzTarPerm extractEntry dist/esm/icons/files.js
13621 silly gunzTarPerm extractEntry data/features/ogv.js
13622 silly gunzTarPerm extractEntry data/features/ol-reversed.js
13623 silly gunzTarPerm extractEntry fp/invokeArgsMap.js
13624 silly gunzTarPerm extractEntry fp/invokeMap.js
13625 silly gunzTarPerm extractEntry dist/esm/icons/film.js
13626 silly gunzTarPerm extractEntry dist/esm/icons/filter-x.js
13627 silly gunzTarPerm extractEntry data/regions/OM.js
13628 silly gunzTarPerm extractEntry data/features/once-event-listener.js
13629 silly gunzTarPerm extractEntry invokeMap.js
13630 silly gunzTarPerm extractEntry fp/isArguments.js
13631 silly gunzTarPerm extractEntry dist/esm/icons/filter.js
13632 silly gunzTarPerm extractEntry data/features/online-status.js
13633 silly gunzTarPerm extractEntry data/features/opus.js
13634 silly gunzTarPerm extractEntry isArguments.js
13635 silly gunzTarPerm extractEntry fp/isArray.js
13636 silly gunzTarPerm extractEntry data/features/orientation-sensor.js
13637 silly gunzTarPerm extractEntry data/features/outline.js
13638 silly gunzTarPerm extractEntry dist/esm/icons/fingerprint.js
13639 silly gunzTarPerm extractEntry dist/esm/icons/fire-extinguisher.js
13640 silly gunzTarPerm extractEntry isArray.js
13641 silly gunzTarPerm extractEntry fp/isArrayBuffer.js
13642 silly gunzTarPerm extractEntry dist/esm/icons/fish-off.js
13643 silly gunzTarPerm extractEntry dist/esm/icons/fish-symbol.js
13644 silly gunzTarPerm extractEntry data/regions/PA.js
13645 silly gunzTarPerm extractEntry data/features/pad-start-end.js
13646 silly gunzTarPerm extractEntry isArrayBuffer.js
13647 silly gunzTarPerm extractEntry fp/isArrayLike.js
13648 silly gunzTarPerm extractEntry dist/esm/icons/fish.js
13649 silly gunzTarPerm extractEntry dist/esm/icons/flag-off.js
13650 silly gunzTarPerm extractEntry data/features/page-transition-events.js
13651 silly gunzTarPerm extractEntry data/features/pagevisibility.js
13652 silly gunzTarPerm extractEntry isArrayLike.js
13653 silly gunzTarPerm extractEntry fp/isArrayLikeObject.js
13654 silly gunzTarPerm extractEntry data/features/passive-event-listener.js
13655 silly gunzTarPerm extractEntry data/features/passkeys.js
13656 silly gunzTarPerm extractEntry dist/esm/icons/flag-triangle-left.js
13657 silly gunzTarPerm extractEntry dist/esm/icons/flag-triangle-right.js
13658 silly gunzTarPerm extractEntry isArrayLikeObject.js
13659 silly gunzTarPerm extractEntry fp/isBoolean.js
13660 silly gunzTarPerm extractEntry data/features/passwordrules.js
13661 silly gunzTarPerm extractEntry data/features/path2d.js
13662 silly gunzTarPerm extractEntry dist/esm/icons/flag.js
13663 silly gunzTarPerm extractEntry dist/esm/icons/flame-kindling.js
13664 silly gunzTarPerm extractEntry isBoolean.js
13665 silly gunzTarPerm extractEntry fp/isBuffer.js
13666 silly gunzTarPerm extractEntry data/features/payment-request.js
13667 silly gunzTarPerm extractEntry data/features/pdf-viewer.js
13668 silly gunzTarPerm extractEntry dist/esm/icons/flame.js
13669 silly gunzTarPerm extractEntry dist/esm/icons/flashlight-off.js
13670 silly gunzTarPerm extractEntry isBuffer.js
13671 silly gunzTarPerm extractEntry fp/isDate.js
13672 silly gunzTarPerm extractEntry data/regions/PE.js
13673 silly gunzTarPerm extractEntry data/features/permissions-api.js
13674 silly gunzTarPerm extractEntry dist/esm/icons/flashlight.js
13675 silly gunzTarPerm extractEntry dist/esm/icons/flask-conical-off.js
13676 silly gunzTarPerm extractEntry data/features/permissions-policy.js
13677 silly gunzTarPerm extractEntry data/regions/PF.js
13678 silly gunzTarPerm extractEntry isDate.js
13679 silly gunzTarPerm extractEntry fp/isElement.js
13680 silly gunzTarPerm extractEntry dist/esm/icons/flask-conical.js
13681 silly gunzTarPerm extractEntry dist/esm/icons/flask-round.js
13682 silly gunzTarPerm extractEntry data/regions/PG.js
13683 silly gunzTarPerm extractEntry data/regions/PH.js
13684 silly gunzTarPerm extractEntry isElement.js
13685 silly gunzTarPerm extractEntry fp/isEmpty.js
13686 silly gunzTarPerm extractEntry dist/esm/icons/flip-horizontal-2.js
13687 silly gunzTarPerm extractEntry dist/esm/icons/flip-horizontal.js
13688 silly gunzTarPerm extractEntry data/features/picture-in-picture.js
13689 silly gunzTarPerm extractEntry data/features/picture.js
13690 silly gunzTarPerm extractEntry isEmpty.js
13691 silly gunzTarPerm extractEntry fp/isEqual.js
13692 silly gunzTarPerm extractEntry data/features/ping.js
13693 silly gunzTarPerm extractEntry data/regions/PK.js
13694 silly gunzTarPerm extractEntry dist/esm/icons/flip-vertical-2.js
13695 silly gunzTarPerm extractEntry dist/esm/icons/flip-vertical.js
13696 silly gunzTarPerm extractEntry isEqual.js
13697 silly gunzTarPerm extractEntry fp/isEqualWith.js
13698 silly gunzTarPerm extractEntry dist/esm/icons/flower-2.js
13699 silly gunzTarPerm extractEntry dist/esm/icons/flower.js
13700 silly gunzTarPerm extractEntry data/regions/PL.js
13701 silly gunzTarPerm extractEntry data/regions/PM.js
13702 silly gunzTarPerm extractEntry isEqualWith.js
13703 silly gunzTarPerm extractEntry fp/isError.js
13704 silly gunzTarPerm extractEntry dist/esm/icons/focus.js
13705 silly gunzTarPerm extractEntry dist/esm/icons/fold-horizontal.js
13706 silly gunzTarPerm extractEntry data/regions/PN.js
13707 silly gunzTarPerm extractEntry data/features/png-alpha.js
13708 silly gunzTarPerm extractEntry isError.js
13709 silly gunzTarPerm extractEntry fp/isFinite.js
13710 silly gunzTarPerm extractEntry dist/esm/icons/fold-vertical.js
13711 silly gunzTarPerm extractEntry dist/esm/icons/folder-archive.js
13712 silly gunzTarPerm extractEntry data/features/pointer-events.js
13713 silly gunzTarPerm extractEntry data/features/pointer.js
13714 silly gunzTarPerm extractEntry isFinite.js
13715 silly gunzTarPerm extractEntry fp/isFunction.js
13716 silly gunzTarPerm extractEntry dist/esm/icons/folder-check.js
13717 silly gunzTarPerm extractEntry dist/esm/icons/folder-clock.js
13718 silly gunzTarPerm extractEntry data/features/pointerlock.js
13719 silly gunzTarPerm extractEntry data/features/portals.js
13720 silly gunzTarPerm extractEntry dist/esm/icons/folder-closed.js
13721 silly gunzTarPerm extractEntry dist/esm/icons/folder-cog-2.js
13722 silly gunzTarPerm extractEntry isFunction.js
13723 silly gunzTarPerm extractEntry fp/isInteger.js
13724 silly gunzTarPerm extractEntry data/regions/PR.js
13725 silly gunzTarPerm extractEntry data/features/prefers-color-scheme.js
13726 silly gunzTarPerm extractEntry dist/esm/icons/folder-cog.js
13727 silly gunzTarPerm extractEntry dist/esm/icons/folder-dot.js
13728 silly gunzTarPerm extractEntry isInteger.js
13729 silly gunzTarPerm extractEntry data/features/prefers-reduced-motion.js
13730 silly gunzTarPerm extractEntry data/features/progress.js
13731 silly gunzTarPerm extractEntry dist/esm/icons/folder-down.js
13732 silly gunzTarPerm extractEntry dist/esm/icons/folder-edit.js
13733 silly gunzTarPerm extractEntry fp/isLength.js
13734 silly gunzTarPerm extractEntry isLength.js
13735 silly gentlyRm /Users/hyypucs/work/Antigravity2/ai_pkt/frontend/node_modules/.staging/victory-vendor-4eb8a669/node_modules is being purged
13736 verbose gentlyRm don't care about contents; nuking /Users/hyypucs/work/Antigravity2/ai_pkt/frontend/node_modules/.staging/victory-vendor-4eb8a669/node_modules
13737 silly gunzTarPerm extractEntry data/features/promise-finally.js
13738 silly gunzTarPerm extractEntry data/features/promises.js
13739 silly gunzTarPerm extractEntry dist/esm/icons/folder-git-2.js
13740 silly gunzTarPerm extractEntry dist/esm/icons/folder-git.js
13741 silly gunzTarPerm extractEntry fp/isMap.js
13742 silly gunzTarPerm extractEntry isMap.js
13743 silly gunzTarPerm extractEntry data/features/proximity.js
13744 silly gunzTarPerm extractEntry data/features/proxy.js
13745 silly gunzTarPerm extractEntry dist/esm/icons/folder-heart.js
13746 silly gunzTarPerm extractEntry dist/esm/icons/folder-input.js
13747 silly gunzTarPerm extractEntry fp/isMatch.js
13748 silly gunzTarPerm extractEntry isMatch.js
13749 silly gunzTarPerm extractEntry data/regions/PS.js
13750 silly gunzTarPerm extractEntry data/regions/PT.js
13751 silly gunzTarPerm extractEntry dist/esm/icons/folder-kanban.js
13752 silly gunzTarPerm extractEntry dist/esm/icons/folder-key.js
13753 silly gunzTarPerm extractEntry fp/isMatchWith.js
13754 silly gunzTarPerm extractEntry isMatchWith.js
13755 silly gunzTarPerm extractEntry data/features/publickeypinning.js
13756 silly gunzTarPerm extractEntry data/features/push-api.js
13757 silly gunzTarPerm extractEntry fp/isNaN.js
13758 silly gunzTarPerm extractEntry isNaN.js
13759 silly gunzTarPerm extractEntry dist/esm/icons/folder-lock.js
13760 silly gunzTarPerm extractEntry dist/esm/icons/folder-minus.js
13761 silly gunzTarPerm extractEntry data/regions/PW.js
13762 silly gunzTarPerm extractEntry data/regions/PY.js
13763 silly gunzTarPerm extractEntry dist/esm/icons/folder-open-dot.js
13764 silly gunzTarPerm extractEntry dist/esm/icons/folder-open.js
13765 silly gunzTarPerm extractEntry fp/isNative.js
13766 silly gunzTarPerm extractEntry isNative.js
13767 silly gunzTarPerm extractEntry data/regions/QA.js
13768 silly gunzTarPerm extractEntry data/features/queryselector.js
13769 silly gunzTarPerm extractEntry fp/isNil.js
13770 silly gunzTarPerm extractEntry isNil.js
13771 silly gunzTarPerm extractEntry dist/esm/icons/folder-output.js
13772 silly gunzTarPerm extractEntry dist/esm/icons/folder-plus.js
13773 silly gunzTarPerm extractEntry data/regions/RE.js
13774 silly gunzTarPerm extractEntry data/features/readonly-attr.js
13775 silly gunzTarPerm extractEntry fp/isNull.js
13776 silly gunzTarPerm extractEntry isNull.js
13777 silly gunzTarPerm extractEntry dist/esm/icons/folder-root.js
13778 silly gunzTarPerm extractEntry dist/esm/icons/folder-search-2.js
13779 silly gunzTarPerm extractEntry data/features/referrer-policy.js
13780 silly gunzTarPerm extractEntry dist/unpacker/region.js
13781 silly gunzTarPerm extractEntry dist/esm/icons/folder-search.js
13782 silly gunzTarPerm extractEntry dist/esm/icons/folder-symlink.js
13783 silly gunzTarPerm extractEntry fp/isNumber.js
13784 silly gunzTarPerm extractEntry isNumber.js
13785 silly gunzTarPerm extractEntry data/features/registerprotocolhandler.js
13786 silly gunzTarPerm extractEntry data/features/rel-noopener.js
13787 silly gunzTarPerm extractEntry fp/isObject.js
13788 silly gunzTarPerm extractEntry isObject.js
13789 silly gunzTarPerm extractEntry dist/esm/icons/folder-sync.js
13790 silly gunzTarPerm extractEntry dist/esm/icons/folder-tree.js
13791 silly gunzTarPerm extractEntry data/features/rel-noreferrer.js
13792 silly gunzTarPerm extractEntry data/features/rellist.js
13793 silly gunzTarPerm extractEntry dist/esm/icons/folder-up.js
13794 silly gunzTarPerm extractEntry dist/esm/icons/folder-x.js
13795 silly gunzTarPerm extractEntry fp/isObjectLike.js
13796 silly gunzTarPerm extractEntry isObjectLike.js
13797 silly gunzTarPerm extractEntry data/features/rem.js
13798 silly gunzTarPerm extractEntry data/features/requestanimationframe.js
13799 silly gunzTarPerm extractEntry dist/esm/icons/folder.js
13800 silly gunzTarPerm extractEntry dist/esm/icons/folders.js
13801 silly gunzTarPerm extractEntry fp/isPlainObject.js
13802 silly gunzTarPerm extractEntry isPlainObject.js
13803 silly gunzTarPerm extractEntry data/features/requestidlecallback.js
13804 silly gunzTarPerm extractEntry data/features/resizeobserver.js
13805 silly gunzTarPerm extractEntry fp/isRegExp.js
13806 silly gunzTarPerm extractEntry isRegExp.js
13807 silly gunzTarPerm extractEntry dist/esm/icons/footprints.js
13808 silly gunzTarPerm extractEntry dist/esm/icons/forklift.js
13809 silly gunzTarPerm extractEntry data/features/resource-timing.js
13810 silly gunzTarPerm extractEntry data/features/rest-parameters.js
13811 silly gunzTarPerm extractEntry dist/esm/icons/form-input.js
13812 silly gunzTarPerm extractEntry dist/esm/icons/forward.js
13813 silly gunzTarPerm extractEntry fp/isSafeInteger.js
13814 silly gunzTarPerm extractEntry isSafeInteger.js
13815 silly gunzTarPerm extractEntry data/regions/RO.js
13816 silly gunzTarPerm extractEntry data/regions/RS.js
13817 silly gunzTarPerm extractEntry dist/esm/icons/frame.js
13818 silly gunzTarPerm extractEntry dist/esm/icons/framer.js
13819 silly gunzTarPerm extractEntry fp/isSet.js
13820 silly gunzTarPerm extractEntry isSet.js
13821 silly gunzTarPerm extractEntry data/features/rtcpeerconnection.js
13822 silly gunzTarPerm extractEntry data/regions/RU.js
13823 silly gunzTarPerm extractEntry dist/esm/icons/frown.js
13824 silly gunzTarPerm extractEntry dist/esm/icons/fuel.js
13825 silly gunzTarPerm extractEntry fp/isString.js
13826 silly gunzTarPerm extractEntry isString.js
13827 silly gunzTarPerm extractEntry data/features/ruby.js
13828 silly gunzTarPerm extractEntry data/features/run-in.js
13829 silly gunzTarPerm extractEntry dist/esm/icons/fullscreen.js
13830 silly gunzTarPerm extractEntry dist/esm/icons/function-square.js
13831 silly gunzTarPerm extractEntry fp/isSymbol.js
13832 silly gunzTarPerm extractEntry isSymbol.js
13833 silly gunzTarPerm extractEntry data/regions/RW.js
13834 silly gunzTarPerm extractEntry data/regions/SA.js
13835 silly gunzTarPerm extractEntry dist/esm/icons/gallery-horizontal-end.js
13836 silly gunzTarPerm extractEntry dist/esm/icons/gallery-horizontal.js
13837 silly gunzTarPerm extractEntry fp/isTypedArray.js
13838 silly gunzTarPerm extractEntry isTypedArray.js
13839 silly gunzTarPerm extractEntry data/features/same-site-cookie-attribute.js
13840 silly gunzTarPerm extractEntry data/regions/SB.js
13841 silly gunzTarPerm extractEntry dist/esm/icons/gallery-thumbnails.js
13842 silly gunzTarPerm extractEntry dist/esm/icons/gallery-vertical-end.js
13843 silly gunzTarPerm extractEntry fp/isUndefined.js
13844 silly gunzTarPerm extractEntry isUndefined.js
13845 silly gunzTarPerm extractEntry data/regions/SC.js
13846 silly gunzTarPerm extractEntry data/features/screen-orientation.js
13847 silly gunzTarPerm extractEntry dist/esm/icons/gallery-vertical.js
13848 silly gunzTarPerm extractEntry dist/esm/icons/gamepad-2.js
13849 silly gunzTarPerm extractEntry fp/isWeakMap.js
13850 silly gunzTarPerm extractEntry isWeakMap.js
13851 silly gunzTarPerm extractEntry data/features/script-async.js
13852 silly gunzTarPerm extractEntry data/features/script-defer.js
13853 silly gunzTarPerm extractEntry dist/esm/icons/gamepad.js
13854 silly gunzTarPerm extractEntry dist/esm/icons/gantt-chart-square.js
13855 silly gunzTarPerm extractEntry fp/isWeakSet.js
13856 silly gunzTarPerm extractEntry isWeakSet.js
13857 silly gunzTarPerm extractEntry data/features/scrollintoview.js
13858 silly gunzTarPerm extractEntry data/features/scrollintoviewifneeded.js
13859 silly gunzTarPerm extractEntry data/regions/SD.js
13860 silly gunzTarPerm extractEntry data/features/sdch.js
13861 silly gunzTarPerm extractEntry dist/esm/icons/gantt-chart.js
13862 silly gunzTarPerm extractEntry dist/esm/icons/gauge-circle.js
13863 silly gunzTarPerm extractEntry fp/iteratee.js
13864 silly gunzTarPerm extractEntry iteratee.js
13865 silly gunzTarPerm extractEntry dist/esm/icons/gauge.js
13866 silly gunzTarPerm extractEntry dist/esm/icons/gavel.js
13867 silly gunzTarPerm extractEntry data/regions/SE.js
13868 silly gunzTarPerm extractEntry data/features/selection-api.js
13869 silly gunzTarPerm extractEntry fp/join.js
13870 silly gunzTarPerm extractEntry join.js
13871 silly gunzTarPerm extractEntry dist/esm/icons/gem.js
13872 silly gunzTarPerm extractEntry dist/esm/icons/ghost.js
13873 silly gunzTarPerm extractEntry data/features/server-timing.js
13874 silly gunzTarPerm extractEntry data/features/serviceworkers.js
13875 silly gunzTarPerm extractEntry fp/juxt.js
13876 silly gunzTarPerm extractEntry fp/kebabCase.js
13877 silly gunzTarPerm extractEntry dist/esm/icons/gift.js
13878 silly gunzTarPerm extractEntry dist/esm/icons/git-branch-plus.js
13879 silly gunzTarPerm extractEntry data/features/setimmediate.js
13880 silly gunzTarPerm extractEntry data/regions/SG.js
13881 silly gunzTarPerm extractEntry kebabCase.js
13882 silly gunzTarPerm extractEntry fp/keyBy.js
13883 silly gunzTarPerm extractEntry dist/esm/icons/git-branch.js
13884 silly gunzTarPerm extractEntry dist/esm/icons/git-commit-horizontal.js
13885 silly gunzTarPerm extractEntry data/regions/SH.js
13886 silly gunzTarPerm extractEntry data/features/shadowdom.js
13887 silly gunzTarPerm extractEntry keyBy.js
13888 silly gunzTarPerm extractEntry fp/keys.js
13889 silly gunzTarPerm extractEntry data/features/shadowdomv1.js
13890 silly gunzTarPerm extractEntry data/features/sharedarraybuffer.js
13891 silly gunzTarPerm extractEntry dist/esm/icons/git-commit-vertical.js
13892 silly gunzTarPerm extractEntry dist/esm/icons/git-commit.js
13893 silly gunzTarPerm extractEntry keys.js
13894 silly gunzTarPerm extractEntry fp/keysIn.js
13895 silly gunzTarPerm extractEntry data/features/sharedworkers.js
13896 silly gunzTarPerm extractEntry data/regions/SI.js
13897 silly gunzTarPerm extractEntry dist/esm/icons/git-compare-arrows.js
13898 silly gunzTarPerm extractEntry dist/esm/icons/git-compare.js
13899 silly gunzTarPerm extractEntry data/regions/SK.js
13900 silly gunzTarPerm extractEntry data/regions/SL.js
13901 silly gunzTarPerm extractEntry keysIn.js
13902 silly gunzTarPerm extractEntry fp/lang.js
13903 silly gunzTarPerm extractEntry dist/esm/icons/git-fork.js
13904 silly gunzTarPerm extractEntry dist/esm/icons/git-graph.js
13905 silly gunzTarPerm extractEntry data/regions/SM.js
13906 silly gunzTarPerm extractEntry data/regions/SN.js
13907 silly gunzTarPerm extractEntry lang.js
13908 silly gunzTarPerm extractEntry fp/last.js
13909 silly gunzTarPerm extractEntry dist/esm/icons/git-merge.js
13910 silly gunzTarPerm extractEntry dist/esm/icons/git-pull-request-arrow.js
13911 silly gunzTarPerm extractEntry data/features/sni.js
13912 silly gunzTarPerm extractEntry last.js
13913 silly gunzTarPerm extractEntry fp/lastIndexOf.js
13914 silly gunzTarPerm extractEntry dist/esm/icons/git-pull-request-closed.js
13915 silly gunzTarPerm extractEntry dist/esm/icons/git-pull-request-create-arrow.js
13916 silly gunzTarPerm extractEntry data/regions/SO.js
13917 silly gunzTarPerm extractEntry data/features/spdy.js
13918 silly gunzTarPerm extractEntry lastIndexOf.js
13919 silly gunzTarPerm extractEntry fp/lastIndexOfFrom.js
13920 silly gunzTarPerm extractEntry dist/esm/icons/git-pull-request-create.js
13921 silly gunzTarPerm extractEntry dist/esm/icons/git-pull-request-draft.js
13922 silly gunzTarPerm extractEntry data/features/speech-recognition.js
13923 silly gunzTarPerm extractEntry data/features/speech-synthesis.js
13924 silly gunzTarPerm extractEntry lodash.js
13925 silly gunzTarPerm extractEntry lodash.min.js
13926 silly gunzTarPerm extractEntry dist/esm/icons/git-pull-request.js
13927 silly gunzTarPerm extractEntry dist/esm/icons/github.js
13928 silly gunzTarPerm extractEntry fp/lowerCase.js
13929 silly gunzTarPerm extractEntry lowerCase.js
13930 silly gunzTarPerm extractEntry data/features/spellcheck-attribute.js
13931 silly gunzTarPerm extractEntry data/features/sql-storage.js
13932 silly gunzTarPerm extractEntry dist/esm/icons/gitlab.js
13933 silly gunzTarPerm extractEntry dist/esm/icons/glass-water.js
13934 silly gunzTarPerm extractEntry data/regions/SR.js
13935 silly gunzTarPerm extractEntry data/features/srcset.js
13936 silly gunzTarPerm extractEntry fp/lowerFirst.js
13937 silly gunzTarPerm extractEntry lowerFirst.js
13938 silly gunzTarPerm extractEntry dist/esm/icons/glasses.js
13939 silly gunzTarPerm extractEntry dist/esm/icons/globe-2.js
13940 silly gunzTarPerm extractEntry data/regions/ST.js
13941 silly gunzTarPerm extractEntry dist/lib/statuses.js
13942 silly gunzTarPerm extractEntry fp/lt.js
13943 silly gunzTarPerm extractEntry lt.js
13944 silly gunzTarPerm extractEntry dist/esm/icons/globe.js
13945 silly gunzTarPerm extractEntry dist/esm/icons/goal.js
13946 silly gunzTarPerm extractEntry data/features/stream.js
13947 silly gunzTarPerm extractEntry data/features/streams.js
13948 silly gunzTarPerm extractEntry fp/lte.js
13949 silly gunzTarPerm extractEntry lte.js
13950 silly gunzTarPerm extractEntry dist/esm/icons/grab.js
13951 silly gunzTarPerm extractEntry dist/esm/icons/graduation-cap.js
13952 silly gunzTarPerm extractEntry fp/map.js
13953 silly gunzTarPerm extractEntry map.js
13954 silly gunzTarPerm extractEntry data/features/stricttransportsecurity.js
13955 silly gunzTarPerm extractEntry data/features/style-scoped.js
13956 silly gunzTarPerm extractEntry dist/esm/icons/grape.js
13957 silly gunzTarPerm extractEntry dist/esm/icons/grid-2-x-2.js
13958 silly gunzTarPerm extractEntry fp/mapKeys.js
13959 silly gunzTarPerm extractEntry mapKeys.js
13960 silly gunzTarPerm extractEntry data/features/subresource-bundling.js
13961 silly gunzTarPerm extractEntry data/features/subresource-integrity.js
13962 silly gunzTarPerm extractEntry dist/esm/icons/grid-2x2.js
13963 silly gunzTarPerm extractEntry dist/esm/icons/grid-3-x-3.js
13964 silly gunzTarPerm extractEntry fp/mapValues.js
13965 silly gunzTarPerm extractEntry mapValues.js
13966 silly gunzTarPerm extractEntry dist/lib/supported.js
13967 silly gunzTarPerm extractEntry data/regions/SV.js
13968 silly gunzTarPerm extractEntry dist/esm/icons/grid-3x3.js
13969 silly gunzTarPerm extractEntry dist/esm/icons/grid.js
13970 silly gunzTarPerm extractEntry data/features/svg-css.js
13971 silly gunzTarPerm extractEntry data/features/svg-filters.js
13972 silly gunzTarPerm extractEntry fp/matches.js
13973 silly gunzTarPerm extractEntry matches.js
13974 silly gunzTarPerm extractEntry data/features/svg-fonts.js
13975 silly gunzTarPerm extractEntry data/features/svg-fragment.js
13976 silly gunzTarPerm extractEntry fp/matchesProperty.js
13977 silly gunzTarPerm extractEntry matchesProperty.js
13978 silly gunzTarPerm extractEntry dist/esm/icons/grip-horizontal.js
13979 silly gunzTarPerm extractEntry dist/esm/icons/grip-vertical.js
13980 silly gunzTarPerm extractEntry data/features/svg-html.js
13981 silly gunzTarPerm extractEntry data/features/svg-html5.js
13982 silly gunzTarPerm extractEntry dist/esm/icons/grip.js
13983 silly gunzTarPerm extractEntry dist/esm/icons/group.js
13984 silly gunzTarPerm extractEntry fp/math.js
13985 silly gunzTarPerm extractEntry math.js
13986 silly gunzTarPerm extractEntry data/features/svg-img.js
13987 silly gunzTarPerm extractEntry data/features/svg-smil.js
13988 silly gunzTarPerm extractEntry fp/max.js
13989 silly gunzTarPerm extractEntry max.js
13990 silly gunzTarPerm extractEntry dist/esm/icons/guitar.js
13991 silly gunzTarPerm extractEntry dist/esm/icons/hammer.js
13992 silly gunzTarPerm extractEntry fp/maxBy.js
13993 silly gunzTarPerm extractEntry maxBy.js
13994 silly gunzTarPerm extractEntry fp/mean.js
13995 silly gunzTarPerm extractEntry mean.js
13996 silly gunzTarPerm extractEntry fp/meanBy.js
13997 silly gunzTarPerm extractEntry meanBy.js
13998 silly gunzTarPerm extractEntry fp/memoize.js
13999 silly gunzTarPerm extractEntry memoize.js
14000 silly gunzTarPerm extractEntry fp/merge.js
14001 silly gunzTarPerm extractEntry merge.js
14002 silly gunzTarPerm extractEntry fp/mergeAll.js
14003 silly gunzTarPerm extractEntry fp/mergeAllWith.js
14004 silly gunzTarPerm extractEntry fp/mergeWith.js
14005 silly gunzTarPerm extractEntry mergeWith.js
14006 silly gunzTarPerm extractEntry fp/method.js
14007 silly gunzTarPerm extractEntry method.js
14008 silly gunzTarPerm extractEntry fp/methodOf.js
14009 silly gunzTarPerm extractEntry methodOf.js
14010 silly gunzTarPerm extractEntry fp/min.js
14011 silly gunzTarPerm extractEntry min.js
14012 silly gunzTarPerm extractEntry fp/minBy.js
14013 silly gunzTarPerm extractEntry minBy.js
14014 silly gunzTarPerm extractEntry fp/mixin.js
14015 silly gunzTarPerm extractEntry mixin.js
14016 silly gunzTarPerm extractEntry fp/multiply.js
14017 silly gunzTarPerm extractEntry multiply.js
14018 silly gunzTarPerm extractEntry fp/nAry.js
14019 silly gunzTarPerm extractEntry fp/negate.js
14020 silly gunzTarPerm extractEntry negate.js
14021 silly gunzTarPerm extractEntry fp/next.js
14022 silly gunzTarPerm extractEntry next.js
14023 silly gunzTarPerm extractEntry fp/noop.js
14024 silly gunzTarPerm extractEntry noop.js
14025 silly gunzTarPerm extractEntry fp/now.js
14026 silly gunzTarPerm extractEntry now.js
14027 silly gunzTarPerm extractEntry fp/nth.js
14028 silly gunzTarPerm extractEntry nth.js
14029 silly gunzTarPerm extractEntry fp/nthArg.js
14030 silly gunzTarPerm extractEntry nthArg.js
14031 silly gunzTarPerm extractEntry fp/number.js
14032 silly gunzTarPerm extractEntry number.js
14033 silly gunzTarPerm extractEntry fp/object.js
14034 silly gunzTarPerm extractEntry object.js
14035 silly gunzTarPerm extractEntry fp/omit.js
14036 silly gunzTarPerm extractEntry omit.js
14037 silly gunzTarPerm extractEntry fp/omitAll.js
14038 silly gunzTarPerm extractEntry fp/omitBy.js
14039 silly gunzTarPerm extractEntry omitBy.js
14040 silly gunzTarPerm extractEntry fp/once.js
14041 silly gunzTarPerm extractEntry once.js
14042 silly gunzTarPerm extractEntry fp/orderBy.js
14043 silly gunzTarPerm extractEntry orderBy.js
14044 silly gunzTarPerm extractEntry fp/over.js
14045 silly gunzTarPerm extractEntry over.js
14046 silly gunzTarPerm extractEntry fp/overArgs.js
14047 silly gunzTarPerm extractEntry overArgs.js
14048 silly gunzTarPerm extractEntry fp/overEvery.js
14049 silly gunzTarPerm extractEntry overEvery.js
14050 silly gunzTarPerm extractEntry fp/overSome.js
14051 silly gunzTarPerm extractEntry overSome.js
14052 silly gunzTarPerm extractEntry fp/pad.js
14053 silly gunzTarPerm extractEntry pad.js
14054 silly gunzTarPerm extractEntry fp/padChars.js
14055 silly gunzTarPerm extractEntry fp/padCharsEnd.js
14056 silly gunzTarPerm extractEntry fp/padCharsStart.js
14057 silly gunzTarPerm extractEntry fp/padEnd.js
14058 silly gunzTarPerm extractEntry padEnd.js
14059 silly gunzTarPerm extractEntry fp/padStart.js
14060 silly gunzTarPerm extractEntry padStart.js
14061 silly gunzTarPerm extractEntry fp/parseInt.js
14062 silly gunzTarPerm extractEntry parseInt.js
14063 silly gunzTarPerm extractEntry fp/partial.js
14064 silly gunzTarPerm extractEntry partial.js
14065 silly gunzTarPerm extractEntry fp/partialRight.js
14066 silly gunzTarPerm extractEntry partialRight.js
14067 silly gunzTarPerm extractEntry fp/partition.js
14068 silly gunzTarPerm extractEntry partition.js
14069 silly gunzTarPerm extractEntry fp/path.js
14070 silly gunzTarPerm extractEntry fp/pathEq.js
14071 silly gunzTarPerm extractEntry fp/pathOr.js
14072 silly gunzTarPerm extractEntry fp/paths.js
14073 silly gunzTarPerm extractEntry fp/pick.js
14074 silly gunzTarPerm extractEntry pick.js
14075 silly gunzTarPerm extractEntry fp/pickAll.js
14076 silly gunzTarPerm extractEntry fp/pickBy.js
14077 silly gunzTarPerm extractEntry pickBy.js
14078 silly gunzTarPerm extractEntry fp/pipe.js
14079 silly gunzTarPerm extractEntry fp/placeholder.js
14080 silly gunzTarPerm extractEntry fp/plant.js
14081 silly gunzTarPerm extractEntry plant.js
14082 silly gunzTarPerm extractEntry fp/pluck.js
14083 silly gunzTarPerm extractEntry fp/prop.js
14084 silly gunzTarPerm extractEntry fp/propEq.js
14085 silly gunzTarPerm extractEntry fp/property.js
14086 silly gunzTarPerm extractEntry property.js
14087 silly gunzTarPerm extractEntry fp/propertyOf.js
14088 silly gunzTarPerm extractEntry propertyOf.js
14089 silly gunzTarPerm extractEntry fp/propOr.js
14090 silly gunzTarPerm extractEntry fp/props.js
14091 silly gunzTarPerm extractEntry fp/pull.js
14092 silly gunzTarPerm extractEntry pull.js
14093 silly gunzTarPerm extractEntry fp/pullAll.js
14094 silly gunzTarPerm extractEntry pullAll.js
14095 silly gunzTarPerm extractEntry fp/pullAllBy.js
14096 silly gunzTarPerm extractEntry pullAllBy.js
14097 silly gunzTarPerm extractEntry fp/pullAllWith.js
14098 silly gunzTarPerm extractEntry pullAllWith.js
14099 silly gunzTarPerm extractEntry fp/pullAt.js
14100 silly gunzTarPerm extractEntry pullAt.js
14101 silly gunzTarPerm extractEntry fp/random.js
14102 silly gunzTarPerm extractEntry random.js
14103 silly gunzTarPerm extractEntry fp/range.js
14104 silly gunzTarPerm extractEntry range.js
14105 silly gunzTarPerm extractEntry fp/rangeRight.js
14106 silly gunzTarPerm extractEntry rangeRight.js
14107 silly gunzTarPerm extractEntry fp/rangeStep.js
14108 silly gunzTarPerm extractEntry fp/rangeStepRight.js
14109 silly gunzTarPerm extractEntry fp/rearg.js
14110 silly gunzTarPerm extractEntry rearg.js
14111 silly gunzTarPerm extractEntry fp/reduce.js
14112 silly gunzTarPerm extractEntry reduce.js
14113 silly gunzTarPerm extractEntry fp/reduceRight.js
14114 silly gunzTarPerm extractEntry reduceRight.js
14115 silly gunzTarPerm extractEntry fp/reject.js
14116 silly gunzTarPerm extractEntry reject.js
14117 silly gunzTarPerm extractEntry fp/remove.js
14118 silly gunzTarPerm extractEntry remove.js
14119 silly gunzTarPerm extractEntry fp/repeat.js
14120 silly gunzTarPerm extractEntry repeat.js
14121 silly gunzTarPerm extractEntry fp/replace.js
14122 silly gunzTarPerm extractEntry replace.js
14123 silly gunzTarPerm extractEntry fp/rest.js
14124 silly gunzTarPerm extractEntry rest.js
14125 silly gunzTarPerm extractEntry fp/restFrom.js
14126 silly gunzTarPerm extractEntry fp/result.js
14127 silly gunzTarPerm extractEntry result.js
14128 silly gunzTarPerm extractEntry fp/reverse.js
14129 silly gunzTarPerm extractEntry reverse.js
14130 silly gunzTarPerm extractEntry fp/round.js
14131 silly gunzTarPerm extractEntry round.js
14132 silly gunzTarPerm extractEntry fp/sample.js
14133 silly gunzTarPerm extractEntry sample.js
14134 silly gunzTarPerm extractEntry fp/sampleSize.js
14135 silly gunzTarPerm extractEntry sampleSize.js
14136 silly gunzTarPerm extractEntry fp/seq.js
14137 silly gunzTarPerm extractEntry seq.js
14138 silly gunzTarPerm extractEntry fp/set.js
14139 silly gunzTarPerm extractEntry set.js
14140 silly gunzTarPerm extractEntry fp/setWith.js
14141 silly gunzTarPerm extractEntry setWith.js
14142 silly gunzTarPerm extractEntry fp/shuffle.js
14143 silly gunzTarPerm extractEntry shuffle.js
14144 silly gunzTarPerm extractEntry fp/size.js
14145 silly gunzTarPerm extractEntry size.js
14146 silly gunzTarPerm extractEntry fp/slice.js
14147 silly gunzTarPerm extractEntry slice.js
14148 silly gunzTarPerm extractEntry fp/snakeCase.js
14149 silly gunzTarPerm extractEntry snakeCase.js
14150 silly gunzTarPerm extractEntry fp/some.js
14151 silly gunzTarPerm extractEntry some.js
14152 silly gunzTarPerm extractEntry fp/sortBy.js
14153 silly gunzTarPerm extractEntry sortBy.js
14154 silly gunzTarPerm extractEntry fp/sortedIndex.js
14155 silly gunzTarPerm extractEntry sortedIndex.js
14156 silly gunzTarPerm extractEntry fp/sortedIndexBy.js
14157 silly gunzTarPerm extractEntry sortedIndexBy.js
14158 silly gunzTarPerm extractEntry fp/sortedIndexOf.js
14159 silly gunzTarPerm extractEntry sortedIndexOf.js
14160 silly gunzTarPerm extractEntry fp/sortedLastIndex.js
14161 silly gunzTarPerm extractEntry sortedLastIndex.js
14162 silly gunzTarPerm extractEntry fp/sortedLastIndexBy.js
14163 silly gunzTarPerm extractEntry sortedLastIndexBy.js
14164 silly gunzTarPerm extractEntry fp/sortedLastIndexOf.js
14165 silly gunzTarPerm extractEntry sortedLastIndexOf.js
14166 silly gunzTarPerm extractEntry fp/sortedUniq.js
14167 silly gunzTarPerm extractEntry sortedUniq.js
14168 silly gunzTarPerm extractEntry fp/sortedUniqBy.js
14169 silly gunzTarPerm extractEntry sortedUniqBy.js
14170 silly gunzTarPerm extractEntry fp/split.js
14171 silly gunzTarPerm extractEntry split.js
14172 silly gunzTarPerm extractEntry fp/spread.js
14173 silly gunzTarPerm extractEntry spread.js
14174 silly gunzTarPerm extractEntry fp/spreadFrom.js
14175 silly gunzTarPerm extractEntry fp/startCase.js
14176 silly gunzTarPerm extractEntry startCase.js
14177 silly gunzTarPerm extractEntry fp/startsWith.js
14178 silly gunzTarPerm extractEntry startsWith.js
14179 silly gunzTarPerm extractEntry fp/string.js
14180 silly gunzTarPerm extractEntry string.js
14181 silly gunzTarPerm extractEntry fp/stubArray.js
14182 silly gunzTarPerm extractEntry stubArray.js
14183 silly gunzTarPerm extractEntry fp/stubFalse.js
14184 silly gunzTarPerm extractEntry stubFalse.js
14185 silly gunzTarPerm extractEntry fp/stubObject.js
14186 silly gunzTarPerm extractEntry stubObject.js
14187 silly gunzTarPerm extractEntry fp/stubString.js
14188 silly gunzTarPerm extractEntry stubString.js
14189 silly gunzTarPerm extractEntry fp/stubTrue.js
14190 silly gunzTarPerm extractEntry stubTrue.js
14191 silly gunzTarPerm extractEntry fp/subtract.js
14192 silly gunzTarPerm extractEntry subtract.js
14193 silly gunzTarPerm extractEntry fp/sum.js
14194 silly gunzTarPerm extractEntry sum.js
14195 silly gunzTarPerm extractEntry fp/sumBy.js
14196 silly gunzTarPerm extractEntry sumBy.js
14197 silly gunzTarPerm extractEntry fp/symmetricDifference.js
14198 silly gunzTarPerm extractEntry fp/symmetricDifferenceBy.js
14199 silly gunzTarPerm extractEntry fp/symmetricDifferenceWith.js
14200 silly gunzTarPerm extractEntry fp/T.js
14201 silly gunzTarPerm extractEntry fp/tail.js
14202 silly gunzTarPerm extractEntry tail.js
14203 silly gunzTarPerm extractEntry fp/take.js
14204 silly gunzTarPerm extractEntry take.js
14205 silly gunzTarPerm extractEntry fp/takeLast.js
14206 silly gunzTarPerm extractEntry fp/takeLastWhile.js
14207 silly gunzTarPerm extractEntry fp/takeRight.js
14208 silly gunzTarPerm extractEntry takeRight.js
14209 silly gunzTarPerm extractEntry fp/takeRightWhile.js
14210 silly gunzTarPerm extractEntry takeRightWhile.js
14211 silly gunzTarPerm extractEntry fp/takeWhile.js
14212 silly gunzTarPerm extractEntry takeWhile.js
14213 silly gunzTarPerm extractEntry fp/tap.js
14214 silly gunzTarPerm extractEntry tap.js
14215 silly gunzTarPerm extractEntry fp/template.js
14216 silly gunzTarPerm extractEntry template.js
14217 silly gunzTarPerm extractEntry fp/templateSettings.js
14218 silly gunzTarPerm extractEntry templateSettings.js
14219 silly gunzTarPerm extractEntry fp/throttle.js
14220 silly gunzTarPerm extractEntry throttle.js
14221 silly gunzTarPerm extractEntry fp/thru.js
14222 silly gunzTarPerm extractEntry thru.js
14223 silly gunzTarPerm extractEntry fp/times.js
14224 silly gunzTarPerm extractEntry times.js
14225 silly gunzTarPerm extractEntry fp/toArray.js
14226 silly gunzTarPerm extractEntry toArray.js
14227 silly gunzTarPerm extractEntry fp/toFinite.js
14228 silly gunzTarPerm extractEntry toFinite.js
14229 silly gunzTarPerm extractEntry fp/toInteger.js
14230 silly gunzTarPerm extractEntry toInteger.js
14231 silly gunzTarPerm extractEntry fp/toIterator.js
14232 silly gunzTarPerm extractEntry toIterator.js
14233 silly gunzTarPerm extractEntry fp/toJSON.js
14234 silly gunzTarPerm extractEntry toJSON.js
14235 silly gunzTarPerm extractEntry fp/toLength.js
14236 silly gunzTarPerm extractEntry toLength.js
14237 silly gunzTarPerm extractEntry fp/toLower.js
14238 silly gunzTarPerm extractEntry toLower.js
14239 silly gunzTarPerm extractEntry fp/toNumber.js
14240 silly gunzTarPerm extractEntry toNumber.js
14241 silly gunzTarPerm extractEntry fp/toPairs.js
14242 silly gunzTarPerm extractEntry toPairs.js
14243 silly gunzTarPerm extractEntry fp/toPairsIn.js
14244 silly gunzTarPerm extractEntry toPairsIn.js
14245 silly gunzTarPerm extractEntry fp/toPath.js
14246 silly gunzTarPerm extractEntry toPath.js
14247 silly gunzTarPerm extractEntry fp/toPlainObject.js
14248 silly gunzTarPerm extractEntry toPlainObject.js
14249 silly gunzTarPerm extractEntry fp/toSafeInteger.js
14250 silly gunzTarPerm extractEntry toSafeInteger.js
14251 silly gunzTarPerm extractEntry fp/toString.js
14252 silly gunzTarPerm extractEntry toString.js
14253 silly gunzTarPerm extractEntry fp/toUpper.js
14254 silly gunzTarPerm extractEntry toUpper.js
14255 silly gunzTarPerm extractEntry fp/transform.js
14256 silly gunzTarPerm extractEntry transform.js
14257 silly gunzTarPerm extractEntry fp/trim.js
14258 silly gunzTarPerm extractEntry trim.js
14259 silly gunzTarPerm extractEntry fp/trimChars.js
14260 silly gunzTarPerm extractEntry fp/trimCharsEnd.js
14261 silly gunzTarPerm extractEntry fp/trimCharsStart.js
14262 silly gunzTarPerm extractEntry fp/trimEnd.js
14263 silly gunzTarPerm extractEntry trimEnd.js
14264 silly gunzTarPerm extractEntry fp/trimStart.js
14265 silly gunzTarPerm extractEntry trimStart.js
14266 silly gunzTarPerm extractEntry fp/truncate.js
14267 silly gunzTarPerm extractEntry truncate.js
14268 silly gunzTarPerm extractEntry fp/unapply.js
14269 silly gunzTarPerm extractEntry fp/unary.js
14270 silly gunzTarPerm extractEntry unary.js
14271 silly gunzTarPerm extractEntry fp/unescape.js
14272 silly gunzTarPerm extractEntry unescape.js
14273 silly gunzTarPerm extractEntry fp/union.js
14274 silly gunzTarPerm extractEntry union.js
14275 silly gunzTarPerm extractEntry fp/unionBy.js
14276 silly gunzTarPerm extractEntry unionBy.js
14277 silly gunzTarPerm extractEntry fp/unionWith.js
14278 silly gunzTarPerm extractEntry unionWith.js
14279 silly gunzTarPerm extractEntry fp/uniq.js
14280 silly gunzTarPerm extractEntry uniq.js
14281 silly gunzTarPerm extractEntry fp/uniqBy.js
14282 silly gunzTarPerm extractEntry uniqBy.js
14283 silly gunzTarPerm extractEntry fp/uniqueId.js
14284 silly gunzTarPerm extractEntry uniqueId.js
14285 silly gunzTarPerm extractEntry fp/uniqWith.js
14286 silly gunzTarPerm extractEntry uniqWith.js
14287 silly gunzTarPerm extractEntry fp/unnest.js
14288 silly gunzTarPerm extractEntry fp/unset.js
14289 silly gunzTarPerm extractEntry unset.js
14290 silly gunzTarPerm extractEntry fp/unzip.js
14291 silly gunzTarPerm extractEntry unzip.js
14292 silly gunzTarPerm extractEntry fp/unzipWith.js
14293 silly gunzTarPerm extractEntry unzipWith.js
14294 silly gunzTarPerm extractEntry fp/update.js
14295 silly gunzTarPerm extractEntry update.js
14296 silly gunzTarPerm extractEntry fp/updateWith.js
14297 silly gunzTarPerm extractEntry updateWith.js
14298 silly gunzTarPerm extractEntry fp/upperCase.js
14299 silly gunzTarPerm extractEntry upperCase.js
14300 silly gunzTarPerm extractEntry fp/upperFirst.js
14301 silly gunzTarPerm extractEntry upperFirst.js
14302 silly gunzTarPerm extractEntry fp/useWith.js
14303 silly gunzTarPerm extractEntry fp/util.js
14304 silly gunzTarPerm extractEntry util.js
14305 silly gunzTarPerm extractEntry fp/value.js
14306 silly gunzTarPerm extractEntry value.js
14307 silly gunzTarPerm extractEntry fp/valueOf.js
14308 silly gunzTarPerm extractEntry valueOf.js
14309 silly gunzTarPerm extractEntry fp/values.js
14310 silly gunzTarPerm extractEntry values.js
14311 silly gunzTarPerm extractEntry fp/valuesIn.js
14312 silly gunzTarPerm extractEntry valuesIn.js
14313 silly gunzTarPerm extractEntry fp/where.js
14314 silly gunzTarPerm extractEntry fp/whereEq.js
14315 silly gunzTarPerm extractEntry fp/without.js
14316 silly gunzTarPerm extractEntry without.js
14317 silly gunzTarPerm extractEntry fp/words.js
14318 silly gunzTarPerm extractEntry words.js
14319 silly gunzTarPerm extractEntry fp/wrap.js
14320 silly gunzTarPerm extractEntry wrap.js
14321 silly gunzTarPerm extractEntry fp/wrapperAt.js
14322 silly gunzTarPerm extractEntry wrapperAt.js
14323 silly gunzTarPerm extractEntry fp/wrapperChain.js
14324 silly gunzTarPerm extractEntry wrapperChain.js
14325 silly gunzTarPerm extractEntry fp/wrapperLodash.js
14326 silly gunzTarPerm extractEntry wrapperLodash.js
14327 silly gunzTarPerm extractEntry fp/wrapperReverse.js
14328 silly gunzTarPerm extractEntry wrapperReverse.js
14329 silly gunzTarPerm extractEntry fp/wrapperValue.js
14330 silly gunzTarPerm extractEntry wrapperValue.js
14331 silly gunzTarPerm extractEntry fp/xor.js
14332 silly gunzTarPerm extractEntry xor.js
14333 silly gunzTarPerm extractEntry fp/xorBy.js
14334 silly gunzTarPerm extractEntry xorBy.js
14335 silly gunzTarPerm extractEntry fp/xorWith.js
14336 silly gunzTarPerm extractEntry xorWith.js
14337 silly gunzTarPerm extractEntry fp/zip.js
14338 silly gunzTarPerm extractEntry zip.js
14339 silly gunzTarPerm extractEntry fp/zipAll.js
14340 silly gunzTarPerm extractEntry fp/zipObj.js
14341 silly gunzTarPerm extractEntry fp/zipObject.js
14342 silly gunzTarPerm extractEntry zipObject.js
14343 silly gunzTarPerm extractEntry fp/zipObjectDeep.js
14344 silly gunzTarPerm extractEntry zipObjectDeep.js
14345 silly gunzTarPerm extractEntry fp/zipWith.js
14346 silly gunzTarPerm extractEntry zipWith.js
14347 silly gunzTarPerm extractEntry package.json
14348 silly gunzTarPerm extractEntry README.md
14349 silly gunzTarPerm extractEntry dist/esm/icons/hand-metal.js
14350 silly gunzTarPerm extractEntry dist/esm/icons/hand.js
14351 silly gunzTarPerm extractEntry data/features/svg.js
14352 silly gunzTarPerm extractEntry data/features/sxg.js
14353 silly gunzTarPerm extractEntry data/regions/SY.js
14354 silly gunzTarPerm extractEntry data/regions/SZ.js
14355 silly gunzTarPerm extractEntry dist/esm/icons/hard-drive-download.js
14356 silly gunzTarPerm extractEntry dist/esm/icons/hard-drive-upload.js
14357 silly gunzTarPerm extractEntry data/features/tabindex-attr.js
14358 silly gunzTarPerm extractEntry data/regions/TC.js
14359 silly gunzTarPerm extractEntry dist/esm/icons/hard-drive.js
14360 silly gunzTarPerm extractEntry dist/esm/icons/hard-hat.js
14361 silly gunzTarPerm extractEntry data/regions/TD.js
14362 silly gunzTarPerm extractEntry data/features/template-literals.js
14363 silly gunzTarPerm extractEntry dist/esm/icons/hash.js
14364 silly gunzTarPerm extractEntry dist/esm/icons/haze.js
14365 silly gunzTarPerm extractEntry data/features/template.js
14366 silly gunzTarPerm extractEntry data/features/temporal.js
14367 silly gunzTarPerm extractEntry dist/esm/icons/hdmi-port.js
14368 silly gunzTarPerm extractEntry dist/esm/icons/heading-1.js
14369 silly gunzTarPerm extractEntry data/features/testfeat.js
14370 silly gunzTarPerm extractEntry data/features/text-decoration.js
14371 silly gunzTarPerm extractEntry dist/esm/icons/heading-2.js
14372 silly gunzTarPerm extractEntry dist/esm/icons/heading-3.js
14373 silly gunzTarPerm extractEntry data/features/text-emphasis.js
14374 silly gunzTarPerm extractEntry data/features/text-overflow.js
14375 silly gunzTarPerm extractEntry dist/esm/icons/heading-4.js
14376 silly gunzTarPerm extractEntry dist/esm/icons/heading-5.js
14377 silly gentlyRm /Users/hyypucs/work/Antigravity2/ai_pkt/frontend/node_modules/.staging/recharts-9905307e/node_modules is being purged
14378 verbose gentlyRm don't care about contents; nuking /Users/hyypucs/work/Antigravity2/ai_pkt/frontend/node_modules/.staging/recharts-9905307e/node_modules
14379 silly gunzTarPerm extractEntry data/features/text-size-adjust.js
14380 silly gunzTarPerm extractEntry data/features/text-stroke.js
14381 silly gunzTarPerm extractEntry dist/esm/icons/heading-6.js
14382 silly gunzTarPerm extractEntry dist/esm/icons/heading.js
14383 silly gunzTarPerm extractEntry data/features/textcontent.js
14384 silly gunzTarPerm extractEntry data/features/textencoder.js
14385 silly gunzTarPerm extractEntry dist/esm/icons/headphones.js
14386 silly gunzTarPerm extractEntry dist/esm/icons/heart-crack.js
14387 silly gunzTarPerm extractEntry data/regions/TG.js
14388 silly gunzTarPerm extractEntry data/regions/TH.js
14389 silly gunzTarPerm extractEntry dist/esm/icons/heart-handshake.js
14390 silly gunzTarPerm extractEntry dist/esm/icons/heart-off.js
14391 silly gunzTarPerm extractEntry data/regions/TJ.js
14392 silly gunzTarPerm extractEntry data/regions/TL.js
14393 silly gunzTarPerm extractEntry dist/esm/icons/heart-pulse.js
14394 silly gunzTarPerm extractEntry dist/esm/icons/heart.js
14395 silly gunzTarPerm extractEntry data/features/tls1-1.js
14396 silly gunzTarPerm extractEntry data/features/tls1-2.js
14397 silly gunzTarPerm extractEntry dist/esm/icons/help-circle.js
14398 silly gunzTarPerm extractEntry dist/esm/icons/helping-hand.js
14399 silly gunzTarPerm extractEntry data/features/tls1-3.js
14400 silly gunzTarPerm extractEntry data/regions/TM.js
14401 silly gunzTarPerm extractEntry dist/esm/icons/hexagon.js
14402 silly gunzTarPerm extractEntry dist/esm/icons/highlighter.js
14403 silly gunzTarPerm extractEntry data/regions/TN.js
14404 silly gunzTarPerm extractEntry data/regions/TO.js
14405 silly gunzTarPerm extractEntry dist/esm/icons/history.js
14406 silly gunzTarPerm extractEntry dist/esm/icons/home.js
14407 silly gunzTarPerm extractEntry data/features/touch.js
14408 silly gunzTarPerm extractEntry data/regions/TR.js
14409 silly gunzTarPerm extractEntry dist/esm/icons/hop-off.js
14410 silly gunzTarPerm extractEntry dist/esm/icons/hop.js
14411 silly gunzTarPerm extractEntry dist/esm/icons/hotel.js
14412 silly gunzTarPerm extractEntry dist/esm/icons/hourglass.js
14413 silly gunzTarPerm extractEntry data/features/transforms2d.js
14414 silly gunzTarPerm extractEntry data/features/transforms3d.js
14415 silly gunzTarPerm extractEntry dist/esm/icons/ice-cream-2.js
14416 silly gunzTarPerm extractEntry dist/esm/icons/ice-cream.js
14417 silly gunzTarPerm extractEntry data/features/trusted-types.js
14418 silly gunzTarPerm extractEntry data/regions/TT.js
14419 silly gunzTarPerm extractEntry dist/esm/icons/image-down.js
14420 silly gunzTarPerm extractEntry dist/esm/icons/image-minus.js
14421 silly gunzTarPerm extractEntry data/features/ttf.js
14422 silly gunzTarPerm extractEntry data/regions/TV.js
14423 silly gunzTarPerm extractEntry dist/esm/icons/image-off.js
14424 silly gunzTarPerm extractEntry dist/esm/icons/image-plus.js
14425 silly gunzTarPerm extractEntry data/regions/TW.js
14426 silly gunzTarPerm extractEntry data/features/typedarrays.js
14427 silly gunzTarPerm extractEntry dist/esm/icons/image.js
14428 silly gunzTarPerm extractEntry dist/esm/icons/import.js
14429 silly gunzTarPerm extractEntry data/regions/TZ.js
14430 silly gunzTarPerm extractEntry data/features/u2f.js
14431 silly gunzTarPerm extractEntry dist/esm/icons/inbox.js
14432 silly gunzTarPerm extractEntry dist/esm/icons/indent.js
14433 silly gunzTarPerm extractEntry data/regions/UA.js
14434 silly gunzTarPerm extractEntry data/regions/UG.js
14435 silly gunzTarPerm extractEntry dist/esm/icons/index.js
14436 silly gunzTarPerm extractEntry dist/esm/icons/indian-rupee.js
14437 silly gunzTarPerm extractEntry data/features/unhandledrejection.js
14438 silly gunzTarPerm extractEntry data/features/upgradeinsecurerequests.js
14439 silly gunzTarPerm extractEntry dist/esm/icons/infinity.js
14440 silly gunzTarPerm extractEntry dist/esm/icons/info.js
14441 silly gunzTarPerm extractEntry data/features/url-scroll-to-text-fragment.js
14442 silly gunzTarPerm extractEntry data/features/url.js
14443 silly gunzTarPerm extractEntry dist/esm/icons/inspect.js
14444 silly gunzTarPerm extractEntry dist/esm/icons/inspection-panel.js
14445 silly gunzTarPerm extractEntry data/features/urlsearchparams.js
14446 silly gunzTarPerm extractEntry data/regions/US.js
14447 silly gunzTarPerm extractEntry dist/esm/icons/instagram.js
14448 silly gunzTarPerm extractEntry dist/esm/icons/italic.js
14449 silly gunzTarPerm extractEntry data/features/use-strict.js
14450 silly gunzTarPerm extractEntry data/features/user-select-none.js
14451 silly gunzTarPerm extractEntry dist/esm/icons/iteration-ccw.js
14452 silly gunzTarPerm extractEntry dist/esm/icons/iteration-cw.js
14453 silly gunzTarPerm extractEntry data/features/user-timing.js
14454 silly gunzTarPerm extractEntry data/regions/UY.js
14455 silly gunzTarPerm extractEntry dist/esm/icons/japanese-yen.js
14456 silly gunzTarPerm extractEntry dist/esm/icons/joystick.js
14457 silly gunzTarPerm extractEntry data/regions/UZ.js
14458 silly gunzTarPerm extractEntry data/regions/VA.js
14459 silly gunzTarPerm extractEntry dist/esm/icons/kanban-square-dashed.js
14460 silly gunzTarPerm extractEntry dist/esm/icons/kanban-square.js
14461 silly gunzTarPerm extractEntry data/features/variable-fonts.js
14462 silly gunzTarPerm extractEntry data/regions/VC.js
14463 silly gunzTarPerm extractEntry dist/esm/icons/kanban.js
14464 silly gunzTarPerm extractEntry dist/esm/icons/key-round.js
14465 silly gunzTarPerm extractEntry data/regions/VE.js
14466 silly gunzTarPerm extractEntry data/features/vector-effect.js
14467 silly gunzTarPerm extractEntry dist/esm/icons/key-square.js
14468 silly gunzTarPerm extractEntry dist/esm/icons/key.js
14469 silly gunzTarPerm extractEntry dist/esm/icons/keyboard-music.js
14470 silly gunzTarPerm extractEntry dist/esm/icons/keyboard.js
14471 silly gunzTarPerm extractEntry data/versionGroups.js
14472 silly gunzTarPerm extractEntry dist/unpacker/versionGroups.js
14473 silly gunzTarPerm extractEntry dist/esm/icons/lamp-ceiling.js
14474 silly gunzTarPerm extractEntry dist/esm/icons/lamp-desk.js
14475 silly gunzTarPerm extractEntry data/regions/VG.js
14476 silly gunzTarPerm extractEntry data/regions/VI.js
14477 silly gunzTarPerm extractEntry dist/esm/icons/lamp-floor.js
14478 silly gunzTarPerm extractEntry dist/esm/icons/lamp-wall-down.js
14479 silly gunzTarPerm extractEntry data/features/vibration.js
14480 silly gunzTarPerm extractEntry data/features/video.js
14481 silly gunzTarPerm extractEntry dist/esm/icons/lamp-wall-up.js
14482 silly gunzTarPerm extractEntry dist/esm/icons/lamp.js
14483 silly gunzTarPerm extractEntry data/features/videotracks.js
14484 silly gunzTarPerm extractEntry data/features/view-transitions.js
14485 silly gunzTarPerm extractEntry dist/esm/icons/land-plot.js
14486 silly gunzTarPerm extractEntry dist/esm/icons/landmark.js
14487 silly gunzTarPerm extractEntry data/features/viewport-unit-variants.js
14488 silly gunzTarPerm extractEntry data/features/viewport-units.js
14489 silly gunzTarPerm extractEntry dist/esm/icons/languages.js
14490 silly gunzTarPerm extractEntry dist/esm/icons/laptop-2.js
14491 silly gunzTarPerm extractEntry data/regions/VN.js
14492 silly gunzTarPerm extractEntry data/regions/VU.js
14493 silly gunzTarPerm extractEntry dist/esm/icons/laptop.js
14494 silly gunzTarPerm extractEntry dist/esm/icons/lasso-select.js
14495 silly gunzTarPerm extractEntry data/features/wai-aria.js
14496 silly gunzTarPerm extractEntry data/features/wake-lock.js
14497 silly gunzTarPerm extractEntry dist/esm/icons/lasso.js
14498 silly gunzTarPerm extractEntry dist/esm/icons/laugh.js
14499 silly gunzTarPerm extractEntry data/features/wasm-bigint.js
14500 silly gunzTarPerm extractEntry data/features/wasm-bulk-memory.js
14501 silly gunzTarPerm extractEntry dist/esm/icons/layers-2.js
14502 silly gunzTarPerm extractEntry dist/esm/icons/layers-3.js
14503 silly gunzTarPerm extractEntry data/features/wasm-extended-const.js
14504 silly gunzTarPerm extractEntry data/features/wasm-gc.js
14505 silly gunzTarPerm extractEntry dist/esm/icons/layers.js
14506 silly gunzTarPerm extractEntry dist/esm/icons/layout-dashboard.js
14507 silly gunzTarPerm extractEntry data/features/wasm-multi-memory.js
14508 silly gunzTarPerm extractEntry data/features/wasm-multi-value.js
14509 silly gunzTarPerm extractEntry dist/esm/icons/layout-grid.js
14510 silly gunzTarPerm extractEntry dist/esm/icons/layout-list.js
14511 silly gunzTarPerm extractEntry data/features/wasm-mutable-globals.js
14512 silly gunzTarPerm extractEntry data/features/wasm-nontrapping-fptoint.js
14513 silly gunzTarPerm extractEntry dist/esm/icons/layout-panel-left.js
14514 silly gunzTarPerm extractEntry dist/esm/icons/layout-panel-top.js
14515 silly gunzTarPerm extractEntry data/features/wasm-reference-types.js
14516 silly gunzTarPerm extractEntry data/features/wasm-relaxed-simd.js
14517 silly gunzTarPerm extractEntry dist/esm/icons/layout-template.js
14518 silly gunzTarPerm extractEntry dist/esm/icons/layout.js
14519 silly gunzTarPerm extractEntry data/features/wasm-signext.js
14520 silly gunzTarPerm extractEntry data/features/wasm-simd.js
14521 silly gunzTarPerm extractEntry data/features/wasm-tail-calls.js
14522 silly gunzTarPerm extractEntry data/features/wasm-threads.js
14523 silly gunzTarPerm extractEntry dist/esm/icons/leaf.js
14524 silly gunzTarPerm extractEntry dist/esm/icons/leafy-green.js
14525 silly gunzTarPerm extractEntry data/features/wasm.js
14526 silly gunzTarPerm extractEntry data/features/wav.js
14527 silly gunzTarPerm extractEntry dist/esm/icons/library-big.js
14528 silly gunzTarPerm extractEntry dist/esm/icons/library-square.js
14529 silly gunzTarPerm extractEntry data/features/wbr-element.js
14530 silly gunzTarPerm extractEntry data/features/web-animation.js
14531 silly gunzTarPerm extractEntry dist/esm/icons/library.js
14532 silly gunzTarPerm extractEntry dist/esm/icons/life-buoy.js
14533 silly gunzTarPerm extractEntry dist/esm/icons/ligature.js
14534 silly gunzTarPerm extractEntry dist/esm/icons/lightbulb-off.js
14535 silly gunzTarPerm extractEntry data/features/web-app-manifest.js
14536 silly gunzTarPerm extractEntry data/features/web-bluetooth.js
14537 silly gunzTarPerm extractEntry dist/esm/icons/lightbulb.js
14538 silly gunzTarPerm extractEntry dist/esm/icons/line-chart.js
14539 silly gunzTarPerm extractEntry data/features/web-serial.js
14540 silly gunzTarPerm extractEntry data/features/web-share.js
14541 silly gunzTarPerm extractEntry dist/esm/icons/link-2-off.js
14542 silly gunzTarPerm extractEntry dist/esm/icons/link-2.js
14543 silly gunzTarPerm extractEntry data/features/webauthn.js
14544 silly gunzTarPerm extractEntry data/features/webcodecs.js
14545 silly gunzTarPerm extractEntry dist/esm/icons/link.js
14546 silly gunzTarPerm extractEntry dist/esm/icons/linkedin.js
14547 silly gunzTarPerm extractEntry data/features/webgl.js
14548 silly gunzTarPerm extractEntry data/features/webgl2.js
14549 silly gunzTarPerm extractEntry dist/esm/icons/list-checks.js
14550 silly gunzTarPerm extractEntry dist/esm/icons/list-end.js
14551 silly gunzTarPerm extractEntry data/features/webgpu.js
14552 silly gunzTarPerm extractEntry data/features/webhid.js
14553 silly gunzTarPerm extractEntry dist/esm/icons/list-filter.js
14554 silly gunzTarPerm extractEntry dist/esm/icons/list-minus.js
14555 silly gunzTarPerm extractEntry data/features/webkit-user-drag.js
14556 silly gunzTarPerm extractEntry data/features/webm.js
14557 silly gunzTarPerm extractEntry dist/esm/icons/list-music.js
14558 silly gunzTarPerm extractEntry dist/esm/icons/list-ordered.js
14559 silly gunzTarPerm extractEntry data/features/webnfc.js
14560 silly gunzTarPerm extractEntry data/features/webp.js
14561 silly gunzTarPerm extractEntry dist/esm/icons/list-plus.js
14562 silly gunzTarPerm extractEntry dist/esm/icons/list-restart.js
14563 silly gunzTarPerm extractEntry data/features/websockets.js
14564 silly gunzTarPerm extractEntry data/features/webtransport.js
14565 silly gunzTarPerm extractEntry dist/esm/icons/list-start.js
14566 silly gunzTarPerm extractEntry dist/esm/icons/list-todo.js
14567 silly gunzTarPerm extractEntry data/features/webusb.js
14568 silly gunzTarPerm extractEntry data/features/webvr.js
14569 silly gunzTarPerm extractEntry dist/esm/icons/list-tree.js
14570 silly gunzTarPerm extractEntry dist/esm/icons/list-video.js
14571 silly gunzTarPerm extractEntry data/features/webvtt.js
14572 silly gunzTarPerm extractEntry data/features/webworkers.js
14573 silly gunzTarPerm extractEntry dist/esm/icons/list-x.js
14574 silly gunzTarPerm extractEntry dist/esm/icons/list.js
14575 silly gunzTarPerm extractEntry data/features/webxr.js
14576 silly gunzTarPerm extractEntry data/regions/WF.js
14577 silly gunzTarPerm extractEntry data/features/will-change.js
14578 silly gunzTarPerm extractEntry data/features/woff.js
14579 silly gunzTarPerm extractEntry dist/esm/icons/loader-2.js
14580 silly gunzTarPerm extractEntry dist/esm/icons/loader.js
14581 silly gunzTarPerm extractEntry data/features/woff2.js
14582 silly gunzTarPerm extractEntry data/features/word-break.js
14583 silly gunzTarPerm extractEntry dist/esm/icons/locate-fixed.js
14584 silly gunzTarPerm extractEntry dist/esm/icons/locate-off.js
14585 silly gunzTarPerm extractEntry data/features/wordwrap.js
14586 silly gunzTarPerm extractEntry data/regions/WS.js
14587 silly gunzTarPerm extractEntry dist/esm/icons/locate.js
14588 silly gunzTarPerm extractEntry dist/esm/icons/lock-keyhole.js
14589 silly gunzTarPerm extractEntry data/features/x-doc-messaging.js
14590 silly gunzTarPerm extractEntry data/features/x-frame-options.js
14591 silly gunzTarPerm extractEntry dist/esm/icons/lock.js
14592 silly gunzTarPerm extractEntry dist/esm/icons/log-in.js
14593 silly gunzTarPerm extractEntry data/features/xhr2.js
14594 silly gunzTarPerm extractEntry data/features/xhtml.js
14595 silly gunzTarPerm extractEntry dist/esm/icons/log-out.js
14596 silly gunzTarPerm extractEntry dist/esm/icons/lollipop.js
14597 silly gunzTarPerm extractEntry data/features/xhtmlsmil.js
14598 silly gunzTarPerm extractEntry data/features/xml-serializer.js
14599 silly gunzTarPerm extractEntry dist/cjs/lucide-react.js
14600 silly gunzTarPerm extractEntry data/regions/YE.js
14601 silly gunzTarPerm extractEntry data/regions/YT.js
14602 silly gunzTarPerm extractEntry data/regions/ZA.js
14603 silly gunzTarPerm extractEntry data/regions/ZM.js
14604 silly gunzTarPerm extractEntry dist/esm/lucide-react.js
14605 silly gunzTarPerm extractEntry data/features/zstd.js
14606 silly gunzTarPerm extractEntry data/regions/ZW.js
14607 silly gunzTarPerm extractEntry dist/umd/lucide-react.js
14608 silly gunzTarPerm extractEntry package.json
14609 silly gunzTarPerm extractEntry README.md
14610 silly gunzTarPerm extractEntry dist/umd/lucide-react.min.js
14611 silly gunzTarPerm extractEntry dist/esm/icons/luggage.js
14612 silly gunzTarPerm extractEntry dist/esm/icons/m-square.js
14613 silly gunzTarPerm extractEntry dist/esm/icons/magnet.js
14614 silly gunzTarPerm extractEntry dist/esm/icons/mail-check.js
14615 silly gunzTarPerm extractEntry dist/esm/icons/mail-minus.js
14616 silly gunzTarPerm extractEntry dist/esm/icons/mail-open.js
14617 silly gunzTarPerm extractEntry dist/esm/icons/mail-plus.js
14618 silly gunzTarPerm extractEntry dist/esm/icons/mail-question.js
14619 silly gunzTarPerm extractEntry dist/esm/icons/mail-search.js
14620 silly gunzTarPerm extractEntry dist/esm/icons/mail-warning.js
14621 silly gunzTarPerm extractEntry dist/esm/icons/mail-x.js
14622 silly gunzTarPerm extractEntry dist/esm/icons/mail.js
14623 silly gunzTarPerm extractEntry dist/esm/icons/mailbox.js
14624 silly gunzTarPerm extractEntry dist/esm/icons/mails.js
14625 silly gunzTarPerm extractEntry dist/esm/icons/map-pin-off.js
14626 silly gunzTarPerm extractEntry dist/esm/icons/map-pin.js
14627 silly gunzTarPerm extractEntry dist/esm/icons/map-pinned.js
14628 silly gunzTarPerm extractEntry dist/esm/icons/map.js
14629 silly gunzTarPerm extractEntry dist/esm/icons/martini.js
14630 silly gunzTarPerm extractEntry dist/esm/icons/maximize-2.js
14631 silly gunzTarPerm extractEntry dist/esm/icons/maximize.js
14632 silly gunzTarPerm extractEntry dist/esm/icons/medal.js
14633 silly gunzTarPerm extractEntry dist/esm/icons/megaphone-off.js
14634 silly gunzTarPerm extractEntry dist/esm/icons/megaphone.js
14635 silly gunzTarPerm extractEntry dist/esm/icons/meh.js
14636 silly gunzTarPerm extractEntry dist/esm/icons/memory-stick.js
14637 silly gunzTarPerm extractEntry dist/esm/icons/menu-square.js
14638 silly gunzTarPerm extractEntry dist/esm/icons/menu.js
14639 silly gunzTarPerm extractEntry dist/esm/icons/merge.js
14640 silly gunzTarPerm extractEntry dist/esm/icons/message-circle-code.js
14641 silly gunzTarPerm extractEntry dist/esm/icons/message-circle-dashed.js
14642 silly gunzTarPerm extractEntry dist/esm/icons/message-circle-heart.js
14643 silly gunzTarPerm extractEntry dist/esm/icons/message-circle-more.js
14644 silly gunzTarPerm extractEntry dist/esm/icons/message-circle-off.js
14645 silly gunzTarPerm extractEntry dist/esm/icons/message-circle-plus.js
14646 silly gunzTarPerm extractEntry dist/esm/icons/message-circle-question.js
14647 silly gunzTarPerm extractEntry dist/esm/icons/message-circle-reply.js
14648 silly gunzTarPerm extractEntry dist/esm/icons/message-circle-warning.js
14649 silly gunzTarPerm extractEntry dist/esm/icons/message-circle-x.js
14650 silly gunzTarPerm extractEntry dist/esm/icons/message-circle.js
14651 silly gunzTarPerm extractEntry dist/esm/icons/message-square-code.js
14652 silly gunzTarPerm extractEntry dist/esm/icons/message-square-dashed.js
14653 silly gunzTarPerm extractEntry dist/esm/icons/message-square-diff.js
14654 silly gunzTarPerm extractEntry dist/esm/icons/message-square-dot.js
14655 silly gunzTarPerm extractEntry dist/esm/icons/message-square-heart.js
14656 silly gunzTarPerm extractEntry dist/esm/icons/message-square-more.js
14657 silly gunzTarPerm extractEntry dist/esm/icons/message-square-off.js
14658 silly gunzTarPerm extractEntry dist/esm/icons/message-square-plus.js
14659 silly gunzTarPerm extractEntry dist/esm/icons/message-square-quote.js
14660 silly gunzTarPerm extractEntry dist/esm/icons/message-square-reply.js
14661 silly gunzTarPerm extractEntry dist/esm/icons/message-square-share.js
14662 silly gunzTarPerm extractEntry dist/esm/icons/message-square-text.js
14663 silly gunzTarPerm extractEntry dist/esm/icons/message-square-warning.js
14664 silly gunzTarPerm extractEntry dist/esm/icons/message-square-x.js
14665 silly gunzTarPerm extractEntry dist/esm/icons/message-square.js
14666 silly gunzTarPerm extractEntry dist/esm/icons/messages-square.js
14667 silly gunzTarPerm extractEntry dist/esm/icons/mic-2.js
14668 silly gunzTarPerm extractEntry dist/esm/icons/mic-off.js
14669 silly gunzTarPerm extractEntry dist/esm/icons/mic.js
14670 silly gunzTarPerm extractEntry dist/esm/icons/microscope.js
14671 silly gunzTarPerm extractEntry dist/esm/icons/microwave.js
14672 silly gunzTarPerm extractEntry dist/esm/icons/milestone.js
14673 silly gunzTarPerm extractEntry dist/esm/icons/milk-off.js
14674 silly gunzTarPerm extractEntry dist/esm/icons/milk.js
14675 silly gunzTarPerm extractEntry dist/esm/icons/minimize-2.js
14676 silly gunzTarPerm extractEntry dist/esm/icons/minimize.js
14677 silly gunzTarPerm extractEntry dist/esm/icons/minus-circle.js
14678 silly gunzTarPerm extractEntry dist/esm/icons/minus-square.js
14679 silly gunzTarPerm extractEntry dist/esm/icons/minus.js
14680 silly gunzTarPerm extractEntry dist/esm/icons/monitor-check.js
14681 silly gunzTarPerm extractEntry dist/esm/icons/monitor-dot.js
14682 silly gunzTarPerm extractEntry dist/esm/icons/monitor-down.js
14683 silly gunzTarPerm extractEntry dist/esm/icons/monitor-off.js
14684 silly gunzTarPerm extractEntry dist/esm/icons/monitor-pause.js
14685 silly gunzTarPerm extractEntry dist/esm/icons/monitor-play.js
14686 silly gunzTarPerm extractEntry dist/esm/icons/monitor-smartphone.js
14687 silly gunzTarPerm extractEntry dist/esm/icons/monitor-speaker.js
14688 silly gunzTarPerm extractEntry dist/esm/icons/monitor-stop.js
14689 silly gunzTarPerm extractEntry dist/esm/icons/monitor-up.js
14690 silly gunzTarPerm extractEntry dist/esm/icons/monitor-x.js
14691 silly gunzTarPerm extractEntry dist/esm/icons/monitor.js
14692 silly gunzTarPerm extractEntry dist/esm/icons/moon-star.js
14693 silly gunzTarPerm extractEntry dist/esm/icons/moon.js
14694 silly gunzTarPerm extractEntry dist/esm/icons/more-horizontal.js
14695 silly gunzTarPerm extractEntry dist/esm/icons/more-vertical.js
14696 silly gunzTarPerm extractEntry dist/esm/icons/mountain-snow.js
14697 silly gunzTarPerm extractEntry dist/esm/icons/mountain.js
14698 silly gunzTarPerm extractEntry dist/esm/icons/mouse-pointer-2.js
14699 silly gunzTarPerm extractEntry dist/esm/icons/mouse-pointer-click.js
14700 silly gunzTarPerm extractEntry dist/esm/icons/mouse-pointer-square-dashed.js
14701 silly gunzTarPerm extractEntry dist/esm/icons/mouse-pointer-square.js
14702 silly gunzTarPerm extractEntry dist/esm/icons/mouse-pointer.js
14703 silly gunzTarPerm extractEntry dist/esm/icons/mouse.js
14704 silly gunzTarPerm extractEntry dist/esm/icons/move-3-d.js
14705 silly gunzTarPerm extractEntry dist/esm/icons/move-3d.js
14706 silly gunzTarPerm extractEntry dist/esm/icons/move-diagonal-2.js
14707 silly gunzTarPerm extractEntry dist/esm/icons/move-diagonal.js
14708 silly gunzTarPerm extractEntry dist/esm/icons/move-down-left.js
14709 silly gunzTarPerm extractEntry dist/esm/icons/move-down-right.js
14710 silly gunzTarPerm extractEntry dist/esm/icons/move-down.js
14711 silly gunzTarPerm extractEntry dist/esm/icons/move-horizontal.js
14712 silly gunzTarPerm extractEntry dist/esm/icons/move-left.js
14713 silly gunzTarPerm extractEntry dist/esm/icons/move-right.js
14714 silly gunzTarPerm extractEntry dist/esm/icons/move-up-left.js
14715 silly gunzTarPerm extractEntry dist/esm/icons/move-up-right.js
14716 silly gunzTarPerm extractEntry dist/esm/icons/move-up.js
14717 silly gunzTarPerm extractEntry dist/esm/icons/move-vertical.js
14718 silly gunzTarPerm extractEntry dist/esm/icons/move.js
14719 silly gunzTarPerm extractEntry dist/esm/icons/music-2.js
14720 silly gunzTarPerm extractEntry dist/esm/icons/music-3.js
14721 silly gunzTarPerm extractEntry dist/esm/icons/music-4.js
14722 silly gunzTarPerm extractEntry dist/esm/icons/music.js
14723 silly gunzTarPerm extractEntry dist/esm/icons/navigation-2-off.js
14724 silly gunzTarPerm extractEntry dist/esm/icons/navigation-2.js
14725 silly gunzTarPerm extractEntry dist/esm/icons/navigation-off.js
14726 silly gunzTarPerm extractEntry dist/esm/icons/navigation.js
14727 silly gunzTarPerm extractEntry dist/esm/icons/network.js
14728 silly gunzTarPerm extractEntry dist/esm/icons/newspaper.js
14729 silly gunzTarPerm extractEntry dist/esm/icons/nfc.js
14730 silly gunzTarPerm extractEntry dist/esm/icons/nut-off.js
14731 silly gunzTarPerm extractEntry dist/esm/icons/nut.js
14732 silly gunzTarPerm extractEntry dist/esm/icons/octagon.js
14733 silly gunzTarPerm extractEntry dist/esm/icons/option.js
14734 silly gunzTarPerm extractEntry dist/esm/icons/orbit.js
14735 silly gunzTarPerm extractEntry dist/esm/icons/outdent.js
14736 silly gunzTarPerm extractEntry dist/esm/icons/package-2.js
14737 silly gunzTarPerm extractEntry dist/esm/icons/package-check.js
14738 silly gunzTarPerm extractEntry dist/esm/icons/package-minus.js
14739 silly gunzTarPerm extractEntry dist/esm/icons/package-open.js
14740 silly gunzTarPerm extractEntry dist/esm/icons/package-plus.js
14741 silly gunzTarPerm extractEntry dist/esm/icons/package-search.js
14742 silly gunzTarPerm extractEntry dist/esm/icons/package-x.js
14743 silly gunzTarPerm extractEntry dist/esm/icons/package.js
14744 silly gunzTarPerm extractEntry dist/esm/icons/paint-bucket.js
14745 silly gunzTarPerm extractEntry dist/esm/icons/paintbrush-2.js
14746 silly gunzTarPerm extractEntry dist/esm/icons/paintbrush.js
14747 silly gunzTarPerm extractEntry dist/esm/icons/palette.js
14748 silly gunzTarPerm extractEntry dist/esm/icons/palmtree.js
14749 silly gunzTarPerm extractEntry dist/esm/icons/panel-bottom-close.js
14750 silly gunzTarPerm extractEntry dist/esm/icons/panel-bottom-inactive.js
14751 silly gunzTarPerm extractEntry dist/esm/icons/panel-bottom-open.js
14752 silly gunzTarPerm extractEntry dist/esm/icons/panel-bottom.js
14753 silly gunzTarPerm extractEntry dist/esm/icons/panel-left-close.js
14754 silly gunzTarPerm extractEntry dist/esm/icons/panel-left-inactive.js
14755 silly gunzTarPerm extractEntry dist/esm/icons/panel-left-open.js
14756 silly gunzTarPerm extractEntry dist/esm/icons/panel-left.js
14757 silly gunzTarPerm extractEntry dist/esm/icons/panel-right-close.js
14758 silly gunzTarPerm extractEntry dist/esm/icons/panel-right-inactive.js
14759 silly gunzTarPerm extractEntry dist/esm/icons/panel-right-open.js
14760 silly gunzTarPerm extractEntry dist/esm/icons/panel-right.js
14761 silly gunzTarPerm extractEntry dist/esm/icons/panel-top-close.js
14762 silly gunzTarPerm extractEntry dist/esm/icons/panel-top-inactive.js
14763 silly gunzTarPerm extractEntry dist/esm/icons/panel-top-open.js
14764 silly gunzTarPerm extractEntry dist/esm/icons/panel-top.js
14765 silly gunzTarPerm extractEntry dist/esm/icons/paperclip.js
14766 silly gunzTarPerm extractEntry dist/esm/icons/parentheses.js
14767 silly gunzTarPerm extractEntry dist/esm/icons/parking-circle-off.js
14768 silly gunzTarPerm extractEntry dist/esm/icons/parking-circle.js
14769 silly gunzTarPerm extractEntry dist/esm/icons/parking-meter.js
14770 silly gunzTarPerm extractEntry dist/esm/icons/parking-square-off.js
14771 silly gunzTarPerm extractEntry dist/esm/icons/parking-square.js
14772 silly gunzTarPerm extractEntry dist/esm/icons/party-popper.js
14773 silly gunzTarPerm extractEntry dist/esm/icons/pause-circle.js
14774 silly gunzTarPerm extractEntry dist/esm/icons/pause-octagon.js
14775 silly gunzTarPerm extractEntry dist/esm/icons/pause.js
14776 silly gunzTarPerm extractEntry dist/esm/icons/paw-print.js
14777 silly gunzTarPerm extractEntry dist/esm/icons/pc-case.js
14778 silly gunzTarPerm extractEntry dist/esm/icons/pen-box.js
14779 silly gunzTarPerm extractEntry dist/esm/icons/pen-line.js
14780 silly gunzTarPerm extractEntry dist/esm/icons/pen-square.js
14781 silly gunzTarPerm extractEntry dist/esm/icons/pen-tool.js
14782 silly gunzTarPerm extractEntry dist/esm/icons/pen.js
14783 silly gunzTarPerm extractEntry dist/esm/icons/pencil-line.js
14784 silly gunzTarPerm extractEntry dist/esm/icons/pencil-ruler.js
14785 silly gunzTarPerm extractEntry dist/esm/icons/pencil.js
14786 silly gunzTarPerm extractEntry dist/esm/icons/pentagon.js
14787 silly gunzTarPerm extractEntry dist/esm/icons/percent-circle.js
14788 silly gunzTarPerm extractEntry dist/esm/icons/percent-diamond.js
14789 silly gunzTarPerm extractEntry dist/esm/icons/percent-square.js
14790 silly gunzTarPerm extractEntry dist/esm/icons/percent.js
14791 silly gunzTarPerm extractEntry dist/esm/icons/person-standing.js
14792 silly gunzTarPerm extractEntry dist/esm/icons/phone-call.js
14793 silly gunzTarPerm extractEntry dist/esm/icons/phone-forwarded.js
14794 silly gunzTarPerm extractEntry dist/esm/icons/phone-incoming.js
14795 silly gunzTarPerm extractEntry dist/esm/icons/phone-missed.js
14796 silly gunzTarPerm extractEntry dist/esm/icons/phone-off.js
14797 silly gunzTarPerm extractEntry dist/esm/icons/phone-outgoing.js
14798 silly gunzTarPerm extractEntry dist/esm/icons/phone.js
14799 silly gunzTarPerm extractEntry dist/esm/icons/pi-square.js
14800 silly gunzTarPerm extractEntry dist/esm/icons/pi.js
14801 silly gunzTarPerm extractEntry dist/esm/icons/piano.js
14802 silly gunzTarPerm extractEntry dist/esm/icons/picture-in-picture-2.js
14803 silly gunzTarPerm extractEntry dist/esm/icons/picture-in-picture.js
14804 silly gunzTarPerm extractEntry dist/esm/icons/pie-chart.js
14805 silly gunzTarPerm extractEntry dist/esm/icons/piggy-bank.js
14806 silly gunzTarPerm extractEntry dist/esm/icons/pilcrow-square.js
14807 silly gunzTarPerm extractEntry dist/esm/icons/pilcrow.js
14808 silly gunzTarPerm extractEntry dist/esm/icons/pill.js
14809 silly gunzTarPerm extractEntry dist/esm/icons/pin-off.js
14810 silly gunzTarPerm extractEntry dist/esm/icons/pin.js
14811 silly gunzTarPerm extractEntry dist/esm/icons/pipette.js
14812 silly gunzTarPerm extractEntry dist/esm/icons/pizza.js
14813 silly gunzTarPerm extractEntry dist/esm/icons/plane-landing.js
14814 silly gunzTarPerm extractEntry dist/esm/icons/plane-takeoff.js
14815 silly gunzTarPerm extractEntry dist/esm/icons/plane.js
14816 silly gunzTarPerm extractEntry dist/esm/icons/play-circle.js
14817 silly gunzTarPerm extractEntry dist/esm/icons/play-square.js
14818 silly gunzTarPerm extractEntry dist/esm/icons/play.js
14819 silly gunzTarPerm extractEntry dist/esm/icons/plug-2.js
14820 silly gunzTarPerm extractEntry dist/esm/icons/plug-zap-2.js
14821 silly gunzTarPerm extractEntry dist/esm/icons/plug-zap.js
14822 silly gunzTarPerm extractEntry dist/esm/icons/plug.js
14823 silly gunzTarPerm extractEntry dist/esm/icons/plus-circle.js
14824 silly gunzTarPerm extractEntry dist/esm/icons/plus-square.js
14825 silly gunzTarPerm extractEntry dist/esm/icons/plus.js
14826 silly gunzTarPerm extractEntry dist/esm/icons/pocket-knife.js
14827 silly gunzTarPerm extractEntry dist/esm/icons/pocket.js
14828 silly gunzTarPerm extractEntry dist/esm/icons/podcast.js
14829 silly gunzTarPerm extractEntry dist/esm/icons/pointer-off.js
14830 silly gunzTarPerm extractEntry dist/esm/icons/pointer.js
14831 silly gunzTarPerm extractEntry dist/esm/icons/popcorn.js
14832 silly gunzTarPerm extractEntry dist/esm/icons/popsicle.js
14833 silly gunzTarPerm extractEntry dist/esm/icons/pound-sterling.js
14834 silly gunzTarPerm extractEntry dist/esm/icons/power-circle.js
14835 silly gunzTarPerm extractEntry dist/esm/icons/power-off.js
14836 silly gunzTarPerm extractEntry dist/esm/icons/power-square.js
14837 silly gunzTarPerm extractEntry dist/esm/icons/power.js
14838 silly gunzTarPerm extractEntry dist/esm/icons/presentation.js
14839 silly gunzTarPerm extractEntry dist/esm/icons/printer.js
14840 silly gunzTarPerm extractEntry dist/esm/icons/projector.js
14841 silly gunzTarPerm extractEntry dist/esm/icons/puzzle.js
14842 silly gunzTarPerm extractEntry dist/esm/icons/pyramid.js
14843 silly gunzTarPerm extractEntry dist/esm/icons/qr-code.js
14844 silly gunzTarPerm extractEntry dist/esm/icons/quote.js
14845 silly gunzTarPerm extractEntry dist/esm/icons/rabbit.js
14846 silly gunzTarPerm extractEntry dist/esm/icons/radar.js
14847 silly gunzTarPerm extractEntry dist/esm/icons/radiation.js
14848 silly gunzTarPerm extractEntry dist/esm/icons/radio-receiver.js
14849 silly gunzTarPerm extractEntry dist/esm/icons/radio-tower.js
14850 silly gunzTarPerm extractEntry dist/esm/icons/radio.js
14851 silly gunzTarPerm extractEntry dist/esm/icons/radius.js
14852 silly gunzTarPerm extractEntry dist/esm/icons/rail-symbol.js
14853 silly gunzTarPerm extractEntry dist/esm/icons/rainbow.js
14854 silly gunzTarPerm extractEntry dist/esm/icons/rat.js
14855 silly gunzTarPerm extractEntry dist/esm/icons/ratio.js
14856 silly gunzTarPerm extractEntry dist/esm/icons/receipt.js
14857 silly gunzTarPerm extractEntry dist/esm/icons/rectangle-horizontal.js
14858 silly gunzTarPerm extractEntry dist/esm/icons/rectangle-vertical.js
14859 silly gunzTarPerm extractEntry dist/esm/icons/recycle.js
14860 silly gunzTarPerm extractEntry dist/esm/icons/redo-2.js
14861 silly gunzTarPerm extractEntry dist/esm/icons/redo-dot.js
14862 silly gunzTarPerm extractEntry dist/esm/icons/redo.js
14863 silly gunzTarPerm extractEntry dist/esm/icons/refresh-ccw-dot.js
14864 silly gunzTarPerm extractEntry dist/esm/icons/refresh-ccw.js
14865 silly gunzTarPerm extractEntry dist/esm/icons/refresh-cw-off.js
14866 silly gunzTarPerm extractEntry dist/esm/icons/refresh-cw.js
14867 silly gunzTarPerm extractEntry dist/esm/icons/refrigerator.js
14868 silly gunzTarPerm extractEntry dist/esm/icons/regex.js
14869 silly gunzTarPerm extractEntry dist/esm/icons/remove-formatting.js
14870 silly gunzTarPerm extractEntry dist/esm/icons/repeat-1.js
14871 silly gunzTarPerm extractEntry dist/esm/icons/repeat-2.js
14872 silly gunzTarPerm extractEntry dist/esm/icons/repeat.js
14873 silly gunzTarPerm extractEntry dist/esm/icons/replace-all.js
14874 silly gunzTarPerm extractEntry dist/esm/icons/replace.js
14875 silly gunzTarPerm extractEntry dist/esm/icons/reply-all.js
14876 silly gunzTarPerm extractEntry dist/esm/icons/reply.js
14877 silly gunzTarPerm extractEntry dist/esm/icons/rewind.js
14878 silly gunzTarPerm extractEntry dist/esm/icons/ribbon.js
14879 silly gunzTarPerm extractEntry dist/esm/icons/rocket.js
14880 silly gunzTarPerm extractEntry dist/esm/icons/rocking-chair.js
14881 silly gunzTarPerm extractEntry dist/esm/icons/roller-coaster.js
14882 silly gunzTarPerm extractEntry dist/esm/icons/rotate-3-d.js
14883 silly gunzTarPerm extractEntry dist/esm/icons/rotate-3d.js
14884 silly gunzTarPerm extractEntry dist/esm/icons/rotate-ccw.js
14885 silly gunzTarPerm extractEntry dist/esm/icons/rotate-cw.js
14886 silly gunzTarPerm extractEntry dist/esm/icons/route-off.js
14887 silly gunzTarPerm extractEntry dist/esm/icons/route.js
14888 silly gunzTarPerm extractEntry dist/esm/icons/router.js
14889 silly gunzTarPerm extractEntry dist/esm/icons/rows.js
14890 silly gunzTarPerm extractEntry dist/esm/icons/rss.js
14891 silly gunzTarPerm extractEntry dist/esm/icons/ruler.js
14892 silly gunzTarPerm extractEntry dist/esm/icons/russian-ruble.js
14893 silly gunzTarPerm extractEntry dist/esm/icons/sailboat.js
14894 silly gunzTarPerm extractEntry dist/esm/icons/salad.js
14895 silly gunzTarPerm extractEntry dist/esm/icons/sandwich.js
14896 silly gunzTarPerm extractEntry dist/esm/icons/satellite-dish.js
14897 silly gunzTarPerm extractEntry dist/esm/icons/satellite.js
14898 silly gunzTarPerm extractEntry dist/esm/icons/save-all.js
14899 silly gunzTarPerm extractEntry dist/esm/icons/save.js
14900 silly gunzTarPerm extractEntry dist/esm/icons/scale-3-d.js
14901 silly gunzTarPerm extractEntry dist/esm/icons/scale-3d.js
14902 silly gunzTarPerm extractEntry dist/esm/icons/scale.js
14903 silly gunzTarPerm extractEntry dist/esm/icons/scaling.js
14904 silly gunzTarPerm extractEntry dist/esm/icons/scan-barcode.js
14905 silly gunzTarPerm extractEntry dist/esm/icons/scan-eye.js
14906 silly gunzTarPerm extractEntry dist/esm/icons/scan-face.js
14907 silly gunzTarPerm extractEntry dist/esm/icons/scan-line.js
14908 silly gunzTarPerm extractEntry dist/esm/icons/scan-search.js
14909 silly gunzTarPerm extractEntry dist/esm/icons/scan-text.js
14910 silly gunzTarPerm extractEntry dist/esm/icons/scan.js
14911 silly gunzTarPerm extractEntry dist/esm/icons/scatter-chart.js
14912 silly gunzTarPerm extractEntry dist/esm/icons/school-2.js
14913 silly gunzTarPerm extractEntry dist/esm/icons/school.js
14914 silly gunzTarPerm extractEntry dist/esm/icons/scissors-line-dashed.js
14915 silly gunzTarPerm extractEntry dist/esm/icons/scissors-square-dashed-bottom.js
14916 silly gunzTarPerm extractEntry dist/esm/icons/scissors-square.js
14917 silly gunzTarPerm extractEntry dist/esm/icons/scissors.js
14918 silly gunzTarPerm extractEntry dist/esm/icons/screen-share-off.js
14919 silly gunzTarPerm extractEntry dist/esm/icons/screen-share.js
14920 silly gunzTarPerm extractEntry dist/esm/icons/scroll-text.js
14921 silly gunzTarPerm extractEntry dist/esm/icons/scroll.js
14922 silly gunzTarPerm extractEntry dist/esm/icons/search-check.js
14923 silly gunzTarPerm extractEntry dist/esm/icons/search-code.js
14924 silly gunzTarPerm extractEntry dist/esm/icons/search-slash.js
14925 silly gunzTarPerm extractEntry dist/esm/icons/search-x.js
14926 silly gunzTarPerm extractEntry dist/esm/icons/search.js
14927 silly gunzTarPerm extractEntry dist/esm/icons/send-horizonal.js
14928 silly gunzTarPerm extractEntry dist/esm/icons/send-horizontal.js
14929 silly gunzTarPerm extractEntry dist/esm/icons/send-to-back.js
14930 silly gunzTarPerm extractEntry dist/esm/icons/send.js
14931 silly gunzTarPerm extractEntry dist/esm/icons/separator-horizontal.js
14932 silly gunzTarPerm extractEntry dist/esm/icons/separator-vertical.js
14933 silly gunzTarPerm extractEntry dist/esm/icons/server-cog.js
14934 silly gunzTarPerm extractEntry dist/esm/icons/server-crash.js
14935 silly gunzTarPerm extractEntry dist/esm/icons/server-off.js
14936 silly gunzTarPerm extractEntry dist/esm/icons/server.js
14937 silly gunzTarPerm extractEntry dist/esm/icons/settings-2.js
14938 silly gunzTarPerm extractEntry dist/esm/icons/settings.js
14939 silly gunzTarPerm extractEntry dist/esm/icons/shapes.js
14940 silly gunzTarPerm extractEntry dist/esm/icons/share-2.js
14941 silly gunzTarPerm extractEntry dist/esm/icons/share.js
14942 silly gunzTarPerm extractEntry dist/esm/icons/sheet.js
14943 silly gunzTarPerm extractEntry dist/esm/icons/shell.js
14944 silly gunzTarPerm extractEntry dist/esm/icons/shield-alert.js
14945 silly gunzTarPerm extractEntry dist/esm/icons/shield-ban.js
14946 silly gunzTarPerm extractEntry dist/esm/icons/shield-check.js
14947 silly gunzTarPerm extractEntry dist/esm/icons/shield-close.js
14948 silly gunzTarPerm extractEntry dist/esm/icons/shield-ellipsis.js
14949 silly gunzTarPerm extractEntry dist/esm/icons/shield-half.js
14950 silly gunzTarPerm extractEntry dist/esm/icons/shield-minus.js
14951 silly gunzTarPerm extractEntry dist/esm/icons/shield-off.js
14952 silly gunzTarPerm extractEntry dist/esm/icons/shield-plus.js
14953 silly gunzTarPerm extractEntry dist/esm/icons/shield-question.js
14954 silly gunzTarPerm extractEntry dist/esm/icons/shield-x.js
14955 silly gunzTarPerm extractEntry dist/esm/icons/shield.js
14956 silly gunzTarPerm extractEntry dist/esm/icons/ship-wheel.js
14957 silly gunzTarPerm extractEntry dist/esm/icons/ship.js
14958 silly gunzTarPerm extractEntry dist/esm/icons/shirt.js
14959 silly gunzTarPerm extractEntry dist/esm/icons/shopping-bag.js
14960 silly gunzTarPerm extractEntry dist/esm/icons/shopping-basket.js
14961 silly gunzTarPerm extractEntry dist/esm/icons/shopping-cart.js
14962 silly gunzTarPerm extractEntry dist/esm/icons/shovel.js
14963 silly gunzTarPerm extractEntry dist/esm/icons/shower-head.js
14964 silly gunzTarPerm extractEntry dist/esm/icons/shrink.js
14965 silly gunzTarPerm extractEntry dist/esm/icons/shrub.js
14966 silly gunzTarPerm extractEntry dist/esm/icons/shuffle.js
14967 silly gunzTarPerm extractEntry dist/esm/icons/sidebar-close.js
14968 silly gunzTarPerm extractEntry dist/esm/icons/sidebar-open.js
14969 silly gunzTarPerm extractEntry dist/esm/icons/sidebar.js
14970 silly gunzTarPerm extractEntry dist/esm/icons/sigma-square.js
14971 silly gunzTarPerm extractEntry dist/esm/icons/sigma.js
14972 silly gunzTarPerm extractEntry dist/esm/icons/signal-high.js
14973 silly gunzTarPerm extractEntry dist/esm/icons/signal-low.js
14974 silly gunzTarPerm extractEntry dist/esm/icons/signal-medium.js
14975 silly gunzTarPerm extractEntry dist/esm/icons/signal-zero.js
14976 silly gunzTarPerm extractEntry dist/esm/icons/signal.js
14977 silly gunzTarPerm extractEntry dist/esm/icons/signpost-big.js
14978 silly gunzTarPerm extractEntry dist/esm/icons/signpost.js
14979 silly gunzTarPerm extractEntry dist/esm/icons/siren.js
14980 silly gunzTarPerm extractEntry dist/esm/icons/skip-back.js
14981 silly gunzTarPerm extractEntry dist/esm/icons/skip-forward.js
14982 silly gunzTarPerm extractEntry dist/esm/icons/skull.js
14983 silly gunzTarPerm extractEntry dist/esm/icons/slack.js
14984 silly gunzTarPerm extractEntry dist/esm/icons/slash.js
14985 silly gunzTarPerm extractEntry dist/esm/icons/slice.js
14986 silly gunzTarPerm extractEntry dist/esm/icons/sliders-horizontal.js
14987 silly gunzTarPerm extractEntry dist/esm/icons/sliders.js
14988 silly gunzTarPerm extractEntry dist/esm/icons/smartphone-charging.js
14989 silly gunzTarPerm extractEntry dist/esm/icons/smartphone-nfc.js
14990 silly gunzTarPerm extractEntry dist/esm/icons/smartphone.js
14991 silly gunzTarPerm extractEntry dist/esm/icons/smile-plus.js
14992 silly gunzTarPerm extractEntry dist/esm/icons/smile.js
14993 silly gunzTarPerm extractEntry dist/esm/icons/snail.js
14994 silly gunzTarPerm extractEntry dist/esm/icons/snowflake.js
14995 silly gunzTarPerm extractEntry dist/esm/icons/sofa.js
14996 silly gunzTarPerm extractEntry dist/esm/icons/sort-asc.js
14997 silly gunzTarPerm extractEntry dist/esm/icons/sort-desc.js
14998 silly gunzTarPerm extractEntry dist/esm/icons/soup.js
14999 silly gunzTarPerm extractEntry dist/esm/icons/space.js
15000 silly gunzTarPerm extractEntry dist/esm/icons/spade.js
15001 silly gunzTarPerm extractEntry dist/esm/icons/sparkle.js
15002 silly gunzTarPerm extractEntry dist/esm/icons/sparkles.js
15003 silly gunzTarPerm extractEntry dist/esm/icons/speaker.js
15004 silly gunzTarPerm extractEntry dist/esm/icons/speech.js
15005 silly gunzTarPerm extractEntry dist/esm/icons/spell-check-2.js
15006 silly gunzTarPerm extractEntry dist/esm/icons/spell-check.js
15007 silly gunzTarPerm extractEntry dist/esm/icons/spline.js
15008 silly gunzTarPerm extractEntry dist/esm/icons/split-square-horizontal.js
15009 silly gunzTarPerm extractEntry dist/esm/icons/split-square-vertical.js
15010 silly gunzTarPerm extractEntry dist/esm/icons/split.js
15011 silly gunzTarPerm extractEntry dist/esm/icons/spray-can.js
15012 silly gunzTarPerm extractEntry dist/esm/icons/sprout.js
15013 silly gunzTarPerm extractEntry dist/esm/icons/square-asterisk.js
15014 silly gunzTarPerm extractEntry dist/esm/icons/square-code.js
15015 silly gunzTarPerm extractEntry dist/esm/icons/square-dashed-bottom-code.js
15016 silly gunzTarPerm extractEntry dist/esm/icons/square-dashed-bottom.js
15017 silly gunzTarPerm extractEntry dist/esm/icons/square-dot.js
15018 silly gunzTarPerm extractEntry dist/esm/icons/square-equal.js
15019 silly gunzTarPerm extractEntry dist/esm/icons/square-gantt.js
15020 silly gunzTarPerm extractEntry dist/esm/icons/square-kanban-dashed.js
15021 silly gunzTarPerm extractEntry dist/esm/icons/square-kanban.js
15022 silly gunzTarPerm extractEntry dist/esm/icons/square-slash.js
15023 silly gunzTarPerm extractEntry dist/esm/icons/square-stack.js
15024 silly gunzTarPerm extractEntry dist/esm/icons/square-user-round.js
15025 silly gunzTarPerm extractEntry dist/esm/icons/square-user.js
15026 silly gunzTarPerm extractEntry dist/esm/icons/square.js
15027 silly gunzTarPerm extractEntry dist/esm/icons/squircle.js
15028 silly gunzTarPerm extractEntry dist/esm/icons/squirrel.js
15029 silly gunzTarPerm extractEntry dist/esm/icons/stamp.js
15030 silly gunzTarPerm extractEntry dist/esm/icons/star-half.js
15031 silly gunzTarPerm extractEntry dist/esm/icons/star-off.js
15032 silly gunzTarPerm extractEntry dist/esm/icons/star.js
15033 silly gunzTarPerm extractEntry dist/esm/icons/stars.js
15034 silly gunzTarPerm extractEntry dist/esm/icons/step-back.js
15035 silly gunzTarPerm extractEntry dist/esm/icons/step-forward.js
15036 silly gunzTarPerm extractEntry dist/esm/icons/stethoscope.js
15037 silly gunzTarPerm extractEntry dist/esm/icons/sticker.js
15038 silly gunzTarPerm extractEntry dist/esm/icons/sticky-note.js
15039 silly gunzTarPerm extractEntry dist/esm/icons/stop-circle.js
15040 silly gunzTarPerm extractEntry dist/esm/icons/store.js
15041 silly gunzTarPerm extractEntry dist/esm/icons/stretch-horizontal.js
15042 silly gunzTarPerm extractEntry dist/esm/icons/stretch-vertical.js
15043 silly gunzTarPerm extractEntry dist/esm/icons/strikethrough.js
15044 silly gunzTarPerm extractEntry dist/esm/icons/subscript.js
15045 silly gunzTarPerm extractEntry dist/esm/icons/subtitles.js
15046 silly gunzTarPerm extractEntry dist/esm/icons/sun-dim.js
15047 silly gunzTarPerm extractEntry dist/esm/icons/sun-medium.js
15048 silly gunzTarPerm extractEntry dist/esm/icons/sun-moon.js
15049 silly gunzTarPerm extractEntry dist/esm/icons/sun-snow.js
15050 silly gunzTarPerm extractEntry dist/esm/icons/sun.js
15051 silly gunzTarPerm extractEntry dist/esm/icons/sunrise.js
15052 silly gunzTarPerm extractEntry dist/esm/icons/sunset.js
15053 silly gunzTarPerm extractEntry dist/esm/icons/superscript.js
15054 silly gunzTarPerm extractEntry dist/esm/icons/swiss-franc.js
15055 silly gunzTarPerm extractEntry dist/esm/icons/switch-camera.js
15056 silly gunzTarPerm extractEntry dist/esm/icons/sword.js
15057 silly gunzTarPerm extractEntry dist/esm/icons/swords.js
15058 silly gunzTarPerm extractEntry dist/esm/icons/syringe.js
15059 silly gunzTarPerm extractEntry dist/esm/icons/table-2.js
15060 silly gunzTarPerm extractEntry dist/esm/icons/table-properties.js
15061 silly gunzTarPerm extractEntry dist/esm/icons/table.js
15062 silly gunzTarPerm extractEntry dist/esm/icons/tablet-smartphone.js
15063 silly gunzTarPerm extractEntry dist/esm/icons/tablet.js
15064 silly gunzTarPerm extractEntry dist/esm/icons/tablets.js
15065 silly gunzTarPerm extractEntry dist/esm/icons/tag.js
15066 silly gunzTarPerm extractEntry dist/esm/icons/tags.js
15067 silly gunzTarPerm extractEntry dist/esm/icons/tally-1.js
15068 silly gunzTarPerm extractEntry dist/esm/icons/tally-2.js
15069 silly gunzTarPerm extractEntry dist/esm/icons/tally-3.js
15070 silly gunzTarPerm extractEntry dist/esm/icons/tally-4.js
15071 silly gunzTarPerm extractEntry dist/esm/icons/tally-5.js
15072 silly gunzTarPerm extractEntry dist/esm/icons/tangent.js
15073 silly gunzTarPerm extractEntry dist/esm/icons/target.js
15074 silly gunzTarPerm extractEntry dist/esm/icons/tent-tree.js
15075 silly gunzTarPerm extractEntry dist/esm/icons/tent.js
15076 silly gunzTarPerm extractEntry dist/esm/icons/terminal-square.js
15077 silly gunzTarPerm extractEntry dist/esm/icons/terminal.js
15078 silly gunzTarPerm extractEntry dist/esm/icons/test-tube-2.js
15079 silly gunzTarPerm extractEntry dist/esm/icons/test-tube.js
15080 silly gunzTarPerm extractEntry dist/esm/icons/test-tubes.js
15081 silly gunzTarPerm extractEntry dist/esm/icons/text-cursor-input.js
15082 silly gunzTarPerm extractEntry dist/esm/icons/text-cursor.js
15083 silly gunzTarPerm extractEntry dist/esm/icons/text-quote.js
15084 silly gunzTarPerm extractEntry dist/esm/icons/text-select.js
15085 silly gunzTarPerm extractEntry dist/esm/icons/text-selection.js
15086 silly gunzTarPerm extractEntry dist/esm/icons/text.js
15087 silly gunzTarPerm extractEntry dist/esm/icons/theater.js
15088 silly gunzTarPerm extractEntry dist/esm/icons/thermometer-snowflake.js
15089 silly gunzTarPerm extractEntry dist/esm/icons/thermometer-sun.js
15090 silly gunzTarPerm extractEntry dist/esm/icons/thermometer.js
15091 silly gunzTarPerm extractEntry dist/esm/icons/thumbs-down.js
15092 silly gunzTarPerm extractEntry dist/esm/icons/thumbs-up.js
15093 silly gunzTarPerm extractEntry dist/esm/icons/ticket.js
15094 silly gunzTarPerm extractEntry dist/esm/icons/timer-off.js
15095 silly gunzTarPerm extractEntry dist/esm/icons/timer-reset.js
15096 silly gunzTarPerm extractEntry dist/esm/icons/timer.js
15097 silly gunzTarPerm extractEntry dist/esm/icons/toggle-left.js
15098 silly gunzTarPerm extractEntry dist/esm/icons/toggle-right.js
15099 silly gunzTarPerm extractEntry dist/esm/icons/tornado.js
15100 silly gunzTarPerm extractEntry dist/esm/icons/torus.js
15101 silly gunzTarPerm extractEntry dist/esm/icons/touchpad-off.js
15102 silly gunzTarPerm extractEntry dist/esm/icons/touchpad.js
15103 silly gunzTarPerm extractEntry dist/esm/icons/tower-control.js
15104 silly gunzTarPerm extractEntry dist/esm/icons/toy-brick.js
15105 silly gunzTarPerm extractEntry dist/esm/icons/tractor.js
15106 silly gunzTarPerm extractEntry dist/esm/icons/traffic-cone.js
15107 silly gunzTarPerm extractEntry dist/esm/icons/train-front-tunnel.js
15108 silly gunzTarPerm extractEntry dist/esm/icons/train-front.js
15109 silly gunzTarPerm extractEntry dist/esm/icons/train-track.js
15110 silly gunzTarPerm extractEntry dist/esm/icons/train.js
15111 silly gunzTarPerm extractEntry dist/esm/icons/tram-front.js
15112 silly gunzTarPerm extractEntry dist/esm/icons/trash-2.js
15113 silly gunzTarPerm extractEntry dist/esm/icons/trash.js
15114 silly gunzTarPerm extractEntry dist/esm/icons/tree-deciduous.js
15115 silly gunzTarPerm extractEntry dist/esm/icons/tree-pine.js
15116 silly gunzTarPerm extractEntry dist/esm/icons/trees.js
15117 silly gunzTarPerm extractEntry dist/esm/icons/trello.js
15118 silly gunzTarPerm extractEntry dist/esm/icons/trending-down.js
15119 silly gunzTarPerm extractEntry dist/esm/icons/trending-up.js
15120 silly gunzTarPerm extractEntry dist/esm/icons/triangle-right.js
15121 silly gunzTarPerm extractEntry dist/esm/icons/triangle.js
15122 silly gunzTarPerm extractEntry dist/esm/icons/trophy.js
15123 silly gunzTarPerm extractEntry dist/esm/icons/truck.js
15124 silly gunzTarPerm extractEntry dist/esm/icons/turtle.js
15125 silly gunzTarPerm extractEntry dist/esm/icons/tv-2.js
15126 silly gunzTarPerm extractEntry dist/esm/icons/tv.js
15127 silly gunzTarPerm extractEntry dist/esm/icons/twitch.js
15128 silly gunzTarPerm extractEntry dist/esm/icons/twitter.js
15129 silly gunzTarPerm extractEntry dist/esm/icons/type.js
15130 silly gunzTarPerm extractEntry dist/esm/icons/umbrella-off.js
15131 silly gunzTarPerm extractEntry dist/esm/icons/umbrella.js
15132 silly gunzTarPerm extractEntry dist/esm/icons/underline.js
15133 silly gunzTarPerm extractEntry dist/esm/icons/undo-2.js
15134 silly gunzTarPerm extractEntry dist/esm/icons/undo-dot.js
15135 silly gunzTarPerm extractEntry dist/esm/icons/undo.js
15136 silly gunzTarPerm extractEntry dist/esm/icons/unfold-horizontal.js
15137 silly gunzTarPerm extractEntry dist/esm/icons/unfold-vertical.js
15138 silly gunzTarPerm extractEntry dist/esm/icons/ungroup.js
15139 silly gunzTarPerm extractEntry dist/esm/icons/unlink-2.js
15140 silly gunzTarPerm extractEntry dist/esm/icons/unlink.js
15141 silly gunzTarPerm extractEntry dist/esm/icons/unlock-keyhole.js
15142 silly gunzTarPerm extractEntry dist/esm/icons/unlock.js
15143 silly gunzTarPerm extractEntry dist/esm/icons/unplug.js
15144 silly gunzTarPerm extractEntry dist/esm/icons/upload-cloud.js
15145 silly gunzTarPerm extractEntry dist/esm/icons/upload.js
15146 silly gunzTarPerm extractEntry dist/esm/icons/usb.js
15147 silly gunzTarPerm extractEntry dist/esm/icons/user-2.js
15148 silly gunzTarPerm extractEntry dist/esm/icons/user-check-2.js
15149 silly gunzTarPerm extractEntry dist/esm/icons/user-check.js
15150 silly gunzTarPerm extractEntry dist/esm/icons/user-circle-2.js
15151 silly gunzTarPerm extractEntry dist/esm/icons/user-circle.js
15152 silly gunzTarPerm extractEntry dist/esm/icons/user-cog-2.js
15153 silly gunzTarPerm extractEntry dist/esm/icons/user-cog.js
15154 silly gunzTarPerm extractEntry dist/esm/icons/user-minus-2.js
15155 silly gunzTarPerm extractEntry dist/esm/icons/user-minus.js
15156 silly gunzTarPerm extractEntry dist/esm/icons/user-plus-2.js
15157 silly gunzTarPerm extractEntry dist/esm/icons/user-plus.js
15158 silly gunzTarPerm extractEntry dist/esm/icons/user-round-check.js
15159 silly gunzTarPerm extractEntry dist/esm/icons/user-round-cog.js
15160 silly gunzTarPerm extractEntry dist/esm/icons/user-round-minus.js
15161 silly gunzTarPerm extractEntry dist/esm/icons/user-round-plus.js
15162 silly gunzTarPerm extractEntry dist/esm/icons/user-round-search.js
15163 silly gunzTarPerm extractEntry dist/esm/icons/user-round-x.js
15164 silly gunzTarPerm extractEntry dist/esm/icons/user-round.js
15165 silly gunzTarPerm extractEntry dist/esm/icons/user-search.js
15166 silly gunzTarPerm extractEntry dist/esm/icons/user-square-2.js
15167 silly gunzTarPerm extractEntry dist/esm/icons/user-square.js
15168 silly gunzTarPerm extractEntry dist/esm/icons/user-x-2.js
15169 silly gunzTarPerm extractEntry dist/esm/icons/user-x.js
15170 silly gunzTarPerm extractEntry dist/esm/icons/user.js
15171 silly gunzTarPerm extractEntry dist/esm/icons/users-2.js
15172 silly gunzTarPerm extractEntry dist/esm/icons/users-round.js
15173 silly gunzTarPerm extractEntry dist/esm/icons/users.js
15174 silly gunzTarPerm extractEntry dist/esm/icons/utensils-crossed.js
15175 silly gunzTarPerm extractEntry dist/esm/icons/utensils.js
15176 silly gunzTarPerm extractEntry dist/esm/icons/utility-pole.js
15177 silly gunzTarPerm extractEntry dist/esm/icons/variable.js
15178 silly gunzTarPerm extractEntry dist/esm/icons/vegan.js
15179 silly gunzTarPerm extractEntry dist/esm/icons/venetian-mask.js
15180 silly gunzTarPerm extractEntry dist/esm/icons/verified.js
15181 silly gunzTarPerm extractEntry dist/esm/icons/vibrate-off.js
15182 silly gunzTarPerm extractEntry dist/esm/icons/vibrate.js
15183 silly gunzTarPerm extractEntry dist/esm/icons/video-off.js
15184 silly gunzTarPerm extractEntry dist/esm/icons/video.js
15185 silly gunzTarPerm extractEntry dist/esm/icons/videotape.js
15186 silly gunzTarPerm extractEntry dist/esm/icons/view.js
15187 silly gunzTarPerm extractEntry dist/esm/icons/voicemail.js
15188 silly gunzTarPerm extractEntry dist/esm/icons/volume-1.js
15189 silly gunzTarPerm extractEntry dist/esm/icons/volume-2.js
15190 silly gunzTarPerm extractEntry dist/esm/icons/volume-x.js
15191 silly gunzTarPerm extractEntry dist/esm/icons/volume.js
15192 silly gunzTarPerm extractEntry dist/esm/icons/vote.js
15193 silly gunzTarPerm extractEntry dist/esm/icons/wallet-2.js
15194 silly gunzTarPerm extractEntry dist/esm/icons/wallet-cards.js
15195 silly gunzTarPerm extractEntry dist/esm/icons/wallet.js
15196 silly gunzTarPerm extractEntry dist/esm/icons/wallpaper.js
15197 silly gunzTarPerm extractEntry dist/esm/icons/wand-2.js
15198 silly gunzTarPerm extractEntry dist/esm/icons/wand.js
15199 silly gunzTarPerm extractEntry dist/esm/icons/warehouse.js
15200 silly gunzTarPerm extractEntry dist/esm/icons/watch.js
15201 silly gunzTarPerm extractEntry dist/esm/icons/waves.js
15202 silly gunzTarPerm extractEntry dist/esm/icons/waypoints.js
15203 silly gunzTarPerm extractEntry dist/esm/icons/webcam.js
15204 silly gunzTarPerm extractEntry dist/esm/icons/webhook.js
15205 silly gunzTarPerm extractEntry dist/esm/icons/weight.js
15206 silly gunzTarPerm extractEntry dist/esm/icons/wheat-off.js
15207 silly gunzTarPerm extractEntry dist/esm/icons/wheat.js
15208 silly gunzTarPerm extractEntry dist/esm/icons/whole-word.js
15209 silly gunzTarPerm extractEntry dist/esm/icons/wifi-off.js
15210 silly gunzTarPerm extractEntry dist/esm/icons/wifi.js
15211 silly gunzTarPerm extractEntry dist/esm/icons/wind.js
15212 silly gunzTarPerm extractEntry dist/esm/icons/wine-off.js
15213 silly gunzTarPerm extractEntry dist/esm/icons/wine.js
15214 silly gunzTarPerm extractEntry dist/esm/icons/workflow.js
15215 silly gunzTarPerm extractEntry dist/esm/icons/wrap-text.js
15216 silly gunzTarPerm extractEntry dist/esm/icons/wrench.js
15217 silly gunzTarPerm extractEntry dist/esm/icons/x-circle.js
15218 silly gunzTarPerm extractEntry dist/esm/icons/x-octagon.js
15219 silly gunzTarPerm extractEntry dist/esm/icons/x-square.js
15220 silly gunzTarPerm extractEntry dist/esm/icons/x.js
15221 silly gunzTarPerm extractEntry dist/esm/icons/youtube.js
15222 silly gunzTarPerm extractEntry dist/esm/icons/zap-off.js
15223 silly gunzTarPerm extractEntry dist/esm/icons/zap.js
15224 silly gunzTarPerm extractEntry dist/esm/icons/zoom-in.js
15225 silly gunzTarPerm extractEntry dist/esm/icons/zoom-out.js
15226 silly gunzTarPerm extractEntry dist/esm/icons/accessibility.js.map
15227 silly gunzTarPerm extractEntry dist/esm/icons/activity-square.js.map
15228 silly gunzTarPerm extractEntry dist/esm/icons/activity.js.map
15229 silly gunzTarPerm extractEntry dist/esm/icons/air-vent.js.map
15230 silly gunzTarPerm extractEntry dist/esm/icons/airplay.js.map
15231 silly gunzTarPerm extractEntry dist/esm/icons/alarm-check.js.map
15232 silly gunzTarPerm extractEntry dist/esm/icons/alarm-clock-check.js.map
15233 silly gunzTarPerm extractEntry dist/esm/icons/alarm-clock-off.js.map
15234 silly gunzTarPerm extractEntry dist/esm/icons/alarm-clock.js.map
15235 silly gunzTarPerm extractEntry dist/esm/icons/alarm-minus.js.map
15236 silly gunzTarPerm extractEntry dist/esm/icons/alarm-plus.js.map
15237 silly gunzTarPerm extractEntry dist/esm/icons/alarm-smoke.js.map
15238 silly gunzTarPerm extractEntry dist/esm/icons/album.js.map
15239 silly gunzTarPerm extractEntry dist/esm/icons/alert-circle.js.map
15240 silly gunzTarPerm extractEntry dist/esm/icons/alert-octagon.js.map
15241 silly gunzTarPerm extractEntry dist/esm/icons/alert-triangle.js.map
15242 silly gunzTarPerm extractEntry dist/esm/icons/align-center-horizontal.js.map
15243 silly gunzTarPerm extractEntry dist/esm/icons/align-center-vertical.js.map
15244 silly gunzTarPerm extractEntry dist/esm/icons/align-center.js.map
15245 silly gunzTarPerm extractEntry dist/esm/icons/align-end-horizontal.js.map
15246 silly gunzTarPerm extractEntry dist/esm/icons/align-end-vertical.js.map
15247 silly gunzTarPerm extractEntry dist/esm/icons/align-horizontal-distribute-center.js.map
15248 silly gunzTarPerm extractEntry dist/esm/icons/align-horizontal-distribute-end.js.map
15249 silly gunzTarPerm extractEntry dist/esm/icons/align-horizontal-distribute-start.js.map
15250 silly gunzTarPerm extractEntry dist/esm/icons/align-horizontal-justify-center.js.map
15251 silly gunzTarPerm extractEntry dist/esm/icons/align-horizontal-justify-end.js.map
15252 silly gunzTarPerm extractEntry dist/esm/icons/align-horizontal-justify-start.js.map
15253 silly gunzTarPerm extractEntry dist/esm/icons/align-horizontal-space-around.js.map
15254 silly gunzTarPerm extractEntry dist/esm/icons/align-horizontal-space-between.js.map
15255 silly gunzTarPerm extractEntry dist/esm/icons/align-justify.js.map
15256 silly gunzTarPerm extractEntry dist/esm/icons/align-left.js.map
15257 silly gunzTarPerm extractEntry dist/esm/icons/align-right.js.map
15258 silly gunzTarPerm extractEntry dist/esm/icons/align-start-horizontal.js.map
15259 silly gunzTarPerm extractEntry dist/esm/icons/align-start-vertical.js.map
15260 silly gunzTarPerm extractEntry dist/esm/icons/align-vertical-distribute-center.js.map
15261 silly gunzTarPerm extractEntry dist/esm/icons/align-vertical-distribute-end.js.map
15262 silly gunzTarPerm extractEntry dist/esm/icons/align-vertical-distribute-start.js.map
15263 silly gunzTarPerm extractEntry dist/esm/icons/align-vertical-justify-center.js.map
15264 silly gunzTarPerm extractEntry dist/esm/icons/align-vertical-justify-end.js.map
15265 silly gunzTarPerm extractEntry dist/esm/icons/align-vertical-justify-start.js.map
15266 silly gunzTarPerm extractEntry dist/esm/icons/align-vertical-space-around.js.map
15267 silly gunzTarPerm extractEntry dist/esm/icons/align-vertical-space-between.js.map
15268 silly gunzTarPerm extractEntry dist/esm/icons/ampersand.js.map
15269 silly gunzTarPerm extractEntry dist/esm/icons/ampersands.js.map
15270 silly gunzTarPerm extractEntry dist/esm/icons/anchor.js.map
15271 silly gunzTarPerm extractEntry dist/esm/icons/angry.js.map
15272 silly gunzTarPerm extractEntry dist/esm/icons/annoyed.js.map
15273 silly gunzTarPerm extractEntry dist/esm/icons/antenna.js.map
15274 silly gunzTarPerm extractEntry dist/esm/icons/anvil.js.map
15275 silly gunzTarPerm extractEntry dist/esm/icons/aperture.js.map
15276 silly gunzTarPerm extractEntry dist/esm/icons/app-window.js.map
15277 silly gunzTarPerm extractEntry dist/esm/icons/apple.js.map
15278 silly gunzTarPerm extractEntry dist/esm/icons/archive-restore.js.map
15279 silly gunzTarPerm extractEntry dist/esm/icons/archive-x.js.map
15280 silly gunzTarPerm extractEntry dist/esm/icons/archive.js.map
15281 silly gunzTarPerm extractEntry dist/esm/icons/area-chart.js.map
15282 silly gunzTarPerm extractEntry dist/esm/icons/armchair.js.map
15283 silly gunzTarPerm extractEntry dist/esm/icons/arrow-big-down-dash.js.map
15284 silly gunzTarPerm extractEntry dist/esm/icons/arrow-big-down.js.map
15285 silly gunzTarPerm extractEntry dist/esm/icons/arrow-big-left-dash.js.map
15286 silly gunzTarPerm extractEntry dist/esm/icons/arrow-big-left.js.map
15287 silly gunzTarPerm extractEntry dist/esm/icons/arrow-big-right-dash.js.map
15288 silly gunzTarPerm extractEntry dist/esm/icons/arrow-big-right.js.map
15289 silly gunzTarPerm extractEntry dist/esm/icons/arrow-big-up-dash.js.map
15290 silly gunzTarPerm extractEntry dist/esm/icons/arrow-big-up.js.map
15291 silly gunzTarPerm extractEntry dist/esm/icons/arrow-down-0-1.js.map
15292 silly gunzTarPerm extractEntry dist/esm/icons/arrow-down-01.js.map
15293 silly gunzTarPerm extractEntry dist/esm/icons/arrow-down-1-0.js.map
15294 silly gunzTarPerm extractEntry dist/esm/icons/arrow-down-10.js.map
15295 silly gunzTarPerm extractEntry dist/esm/icons/arrow-down-a-z.js.map
15296 silly gunzTarPerm extractEntry dist/esm/icons/arrow-down-az.js.map
15297 silly gunzTarPerm extractEntry dist/esm/icons/arrow-down-circle.js.map
15298 silly gunzTarPerm extractEntry dist/esm/icons/arrow-down-from-line.js.map
15299 silly gunzTarPerm extractEntry dist/esm/icons/arrow-down-left-from-circle.js.map
15300 silly gunzTarPerm extractEntry dist/esm/icons/arrow-down-left-square.js.map
15301 silly gunzTarPerm extractEntry dist/esm/icons/arrow-down-left.js.map
15302 silly gunzTarPerm extractEntry dist/esm/icons/arrow-down-narrow-wide.js.map
15303 silly gunzTarPerm extractEntry dist/esm/icons/arrow-down-right-from-circle.js.map
15304 silly gunzTarPerm extractEntry dist/esm/icons/arrow-down-right-square.js.map
15305 silly gunzTarPerm extractEntry dist/esm/icons/arrow-down-right.js.map
15306 silly gunzTarPerm extractEntry dist/esm/icons/arrow-down-square.js.map
15307 silly gunzTarPerm extractEntry dist/esm/icons/arrow-down-to-dot.js.map
15308 silly gunzTarPerm extractEntry dist/esm/icons/arrow-down-to-line.js.map
15309 silly gunzTarPerm extractEntry dist/esm/icons/arrow-down-up.js.map
15310 silly gunzTarPerm extractEntry dist/esm/icons/arrow-down-wide-narrow.js.map
15311 silly gunzTarPerm extractEntry dist/esm/icons/arrow-down-z-a.js.map
15312 silly gunzTarPerm extractEntry dist/esm/icons/arrow-down-za.js.map
15313 silly gunzTarPerm extractEntry dist/esm/icons/arrow-down.js.map
15314 silly gunzTarPerm extractEntry dist/esm/icons/arrow-left-circle.js.map
15315 silly gunzTarPerm extractEntry dist/esm/icons/arrow-left-from-line.js.map
15316 silly gunzTarPerm extractEntry dist/esm/icons/arrow-left-right.js.map
15317 silly gunzTarPerm extractEntry dist/esm/icons/arrow-left-square.js.map
15318 silly gunzTarPerm extractEntry dist/esm/icons/arrow-left-to-line.js.map
15319 silly gunzTarPerm extractEntry dist/esm/icons/arrow-left.js.map
15320 silly gunzTarPerm extractEntry dist/esm/icons/arrow-right-circle.js.map
15321 silly gunzTarPerm extractEntry dist/esm/icons/arrow-right-from-line.js.map
15322 silly gunzTarPerm extractEntry dist/esm/icons/arrow-right-left.js.map
15323 silly gunzTarPerm extractEntry dist/esm/icons/arrow-right-square.js.map
15324 silly gunzTarPerm extractEntry dist/esm/icons/arrow-right-to-line.js.map
15325 silly gunzTarPerm extractEntry dist/esm/icons/arrow-right.js.map
15326 silly gunzTarPerm extractEntry dist/esm/icons/arrow-up-0-1.js.map
15327 silly gunzTarPerm extractEntry dist/esm/icons/arrow-up-01.js.map
15328 silly gunzTarPerm extractEntry dist/esm/icons/arrow-up-1-0.js.map
15329 silly gunzTarPerm extractEntry dist/esm/icons/arrow-up-10.js.map
15330 silly gunzTarPerm extractEntry dist/esm/icons/arrow-up-a-z.js.map
15331 silly gunzTarPerm extractEntry dist/esm/icons/arrow-up-az.js.map
15332 silly gunzTarPerm extractEntry dist/esm/icons/arrow-up-circle.js.map
15333 silly gunzTarPerm extractEntry dist/esm/icons/arrow-up-down.js.map
15334 silly gunzTarPerm extractEntry dist/esm/icons/arrow-up-from-dot.js.map
15335 silly gunzTarPerm extractEntry dist/esm/icons/arrow-up-from-line.js.map
15336 silly gunzTarPerm extractEntry dist/esm/icons/arrow-up-left-from-circle.js.map
15337 silly gunzTarPerm extractEntry dist/esm/icons/arrow-up-left-square.js.map
15338 silly gunzTarPerm extractEntry dist/esm/icons/arrow-up-left.js.map
15339 silly gunzTarPerm extractEntry dist/esm/icons/arrow-up-narrow-wide.js.map
15340 silly gunzTarPerm extractEntry dist/esm/icons/arrow-up-right-from-circle.js.map
15341 silly gunzTarPerm extractEntry dist/esm/icons/arrow-up-right-square.js.map
15342 silly gunzTarPerm extractEntry dist/esm/icons/arrow-up-right.js.map
15343 silly gunzTarPerm extractEntry dist/esm/icons/arrow-up-square.js.map
15344 silly gunzTarPerm extractEntry dist/esm/icons/arrow-up-to-line.js.map
15345 silly gunzTarPerm extractEntry dist/esm/icons/arrow-up-wide-narrow.js.map
15346 silly gunzTarPerm extractEntry dist/esm/icons/arrow-up-z-a.js.map
15347 silly gunzTarPerm extractEntry dist/esm/icons/arrow-up-za.js.map
15348 silly gunzTarPerm extractEntry dist/esm/icons/arrow-up.js.map
15349 silly gunzTarPerm extractEntry dist/esm/icons/arrows-up-from-line.js.map
15350 silly gunzTarPerm extractEntry dist/esm/icons/asterisk.js.map
15351 silly gunzTarPerm extractEntry dist/esm/icons/at-sign.js.map
15352 silly gunzTarPerm extractEntry dist/esm/icons/atom.js.map
15353 silly gunzTarPerm extractEntry dist/esm/icons/audio-lines.js.map
15354 silly gunzTarPerm extractEntry dist/esm/icons/audio-waveform.js.map
15355 silly gunzTarPerm extractEntry dist/esm/icons/award.js.map
15356 silly gunzTarPerm extractEntry dist/esm/icons/axe.js.map
15357 silly gunzTarPerm extractEntry dist/esm/icons/axis-3-d.js.map
15358 silly gunzTarPerm extractEntry dist/esm/icons/axis-3d.js.map
15359 silly gunzTarPerm extractEntry dist/esm/icons/baby.js.map
15360 silly gunzTarPerm extractEntry dist/esm/icons/backpack.js.map
15361 silly gunzTarPerm extractEntry dist/esm/icons/badge-alert.js.map
15362 silly gunzTarPerm extractEntry dist/esm/icons/badge-cent.js.map
15363 silly gunzTarPerm extractEntry dist/esm/icons/badge-check.js.map
15364 silly gunzTarPerm extractEntry dist/esm/icons/badge-dollar-sign.js.map
15365 silly gunzTarPerm extractEntry dist/esm/icons/badge-euro.js.map
15366 silly gunzTarPerm extractEntry dist/esm/icons/badge-help.js.map
15367 silly gunzTarPerm extractEntry dist/esm/icons/badge-indian-rupee.js.map
15368 silly gunzTarPerm extractEntry dist/esm/icons/badge-info.js.map
15369 silly gunzTarPerm extractEntry dist/esm/icons/badge-japanese-yen.js.map
15370 silly gunzTarPerm extractEntry dist/esm/icons/badge-minus.js.map
15371 silly gunzTarPerm extractEntry dist/esm/icons/badge-percent.js.map
15372 silly gunzTarPerm extractEntry dist/esm/icons/badge-plus.js.map
15373 silly gunzTarPerm extractEntry dist/esm/icons/badge-pound-sterling.js.map
15374 silly gunzTarPerm extractEntry dist/esm/icons/badge-russian-ruble.js.map
15375 silly gunzTarPerm extractEntry dist/esm/icons/badge-swiss-franc.js.map
15376 silly gunzTarPerm extractEntry dist/esm/icons/badge-x.js.map
15377 silly gunzTarPerm extractEntry dist/esm/icons/badge.js.map
15378 silly gunzTarPerm extractEntry dist/esm/icons/baggage-claim.js.map
15379 silly gunzTarPerm extractEntry dist/esm/icons/ban.js.map
15380 silly gunzTarPerm extractEntry dist/esm/icons/banana.js.map
15381 silly gunzTarPerm extractEntry dist/esm/icons/banknote.js.map
15382 silly gunzTarPerm extractEntry dist/esm/icons/bar-chart-2.js.map
15383 silly gunzTarPerm extractEntry dist/esm/icons/bar-chart-3.js.map
15384 silly gunzTarPerm extractEntry dist/esm/icons/bar-chart-4.js.map
15385 silly gunzTarPerm extractEntry dist/esm/icons/bar-chart-big.js.map
15386 silly gunzTarPerm extractEntry dist/esm/icons/bar-chart-horizontal-big.js.map
15387 silly gunzTarPerm extractEntry dist/esm/icons/bar-chart-horizontal.js.map
15388 silly gunzTarPerm extractEntry dist/esm/icons/bar-chart.js.map
15389 silly gunzTarPerm extractEntry dist/esm/icons/barcode.js.map
15390 silly gunzTarPerm extractEntry dist/esm/icons/baseline.js.map
15391 silly gunzTarPerm extractEntry dist/esm/icons/bath.js.map
15392 silly gunzTarPerm extractEntry dist/esm/icons/battery-charging.js.map
15393 silly gunzTarPerm extractEntry dist/esm/icons/battery-full.js.map
15394 silly gunzTarPerm extractEntry dist/esm/icons/battery-low.js.map
15395 silly gunzTarPerm extractEntry dist/esm/icons/battery-medium.js.map
15396 silly gunzTarPerm extractEntry dist/esm/icons/battery-warning.js.map
15397 silly gunzTarPerm extractEntry dist/esm/icons/battery.js.map
15398 silly gunzTarPerm extractEntry dist/esm/icons/beaker.js.map
15399 silly gunzTarPerm extractEntry dist/esm/icons/bean-off.js.map
15400 silly gunzTarPerm extractEntry dist/esm/icons/bean.js.map
15401 silly gunzTarPerm extractEntry dist/esm/icons/bed-double.js.map
15402 silly gunzTarPerm extractEntry dist/esm/icons/bed-single.js.map
15403 silly gunzTarPerm extractEntry dist/esm/icons/bed.js.map
15404 silly gunzTarPerm extractEntry dist/esm/icons/beef.js.map
15405 silly gunzTarPerm extractEntry dist/esm/icons/beer.js.map
15406 silly gunzTarPerm extractEntry dist/esm/icons/bell-dot.js.map
15407 silly gunzTarPerm extractEntry dist/esm/icons/bell-electric.js.map
15408 silly gunzTarPerm extractEntry dist/esm/icons/bell-minus.js.map
15409 silly gunzTarPerm extractEntry dist/esm/icons/bell-off.js.map
15410 silly gunzTarPerm extractEntry dist/esm/icons/bell-plus.js.map
15411 silly gunzTarPerm extractEntry dist/esm/icons/bell-ring.js.map
15412 silly gunzTarPerm extractEntry dist/esm/icons/bell.js.map
15413 silly gunzTarPerm extractEntry dist/esm/icons/bike.js.map
15414 silly gunzTarPerm extractEntry dist/esm/icons/binary.js.map
15415 silly gunzTarPerm extractEntry dist/esm/icons/biohazard.js.map
15416 silly gunzTarPerm extractEntry dist/esm/icons/bird.js.map
15417 silly gunzTarPerm extractEntry dist/esm/icons/bitcoin.js.map
15418 silly gunzTarPerm extractEntry dist/esm/icons/blinds.js.map
15419 silly gunzTarPerm extractEntry dist/esm/icons/blocks.js.map
15420 silly gunzTarPerm extractEntry dist/esm/icons/bluetooth-connected.js.map
15421 silly gunzTarPerm extractEntry dist/esm/icons/bluetooth-off.js.map
15422 silly gunzTarPerm extractEntry dist/esm/icons/bluetooth-searching.js.map
15423 silly gunzTarPerm extractEntry dist/esm/icons/bluetooth.js.map
15424 silly gunzTarPerm extractEntry dist/esm/icons/bold.js.map
15425 silly gunzTarPerm extractEntry dist/esm/icons/bomb.js.map
15426 silly gunzTarPerm extractEntry dist/esm/icons/bone.js.map
15427 silly gunzTarPerm extractEntry dist/esm/icons/book-a.js.map
15428 silly gunzTarPerm extractEntry dist/esm/icons/book-audio.js.map
15429 silly gunzTarPerm extractEntry dist/esm/icons/book-check.js.map
15430 silly gunzTarPerm extractEntry dist/esm/icons/book-copy.js.map
15431 silly gunzTarPerm extractEntry dist/esm/icons/book-dashed.js.map
15432 silly gunzTarPerm extractEntry dist/esm/icons/book-down.js.map
15433 silly gunzTarPerm extractEntry dist/esm/icons/book-headphones.js.map
15434 silly gunzTarPerm extractEntry dist/esm/icons/book-heart.js.map
15435 silly gunzTarPerm extractEntry dist/esm/icons/book-image.js.map
15436 silly gunzTarPerm extractEntry dist/esm/icons/book-key.js.map
15437 silly gunzTarPerm extractEntry dist/esm/icons/book-lock.js.map
15438 silly gunzTarPerm extractEntry dist/esm/icons/book-marked.js.map
15439 silly gunzTarPerm extractEntry dist/esm/icons/book-minus.js.map
15440 silly gunzTarPerm extractEntry dist/esm/icons/book-open-check.js.map
15441 silly gunzTarPerm extractEntry dist/esm/icons/book-open-text.js.map
15442 silly gunzTarPerm extractEntry dist/esm/icons/book-open.js.map
15443 silly gunzTarPerm extractEntry dist/esm/icons/book-plus.js.map
15444 silly gunzTarPerm extractEntry dist/esm/icons/book-template.js.map
15445 silly gentlyRm /Users/hyypucs/work/Antigravity2/ai_pkt/frontend/node_modules/.staging/caniuse-lite-9cac5b6d/node_modules is being purged
15446 verbose gentlyRm don't care about contents; nuking /Users/hyypucs/work/Antigravity2/ai_pkt/frontend/node_modules/.staging/caniuse-lite-9cac5b6d/node_modules
15447 silly gunzTarPerm extractEntry dist/esm/icons/book-text.js.map
15448 silly gunzTarPerm extractEntry dist/esm/icons/book-type.js.map
15449 silly gunzTarPerm extractEntry dist/esm/icons/book-up-2.js.map
15450 silly gunzTarPerm extractEntry dist/esm/icons/book-up.js.map
15451 silly gunzTarPerm extractEntry dist/esm/icons/book-user.js.map
15452 silly gunzTarPerm extractEntry dist/esm/icons/book-x.js.map
15453 silly gunzTarPerm extractEntry dist/esm/icons/book.js.map
15454 silly gunzTarPerm extractEntry dist/esm/icons/bookmark-check.js.map
15455 silly gunzTarPerm extractEntry dist/esm/icons/bookmark-minus.js.map
15456 silly gunzTarPerm extractEntry dist/esm/icons/bookmark-plus.js.map
15457 silly gunzTarPerm extractEntry dist/esm/icons/bookmark-x.js.map
15458 silly gunzTarPerm extractEntry dist/esm/icons/bookmark.js.map
15459 silly gunzTarPerm extractEntry dist/esm/icons/boom-box.js.map
15460 silly gunzTarPerm extractEntry dist/esm/icons/bot.js.map
15461 silly gunzTarPerm extractEntry dist/esm/icons/box-select.js.map
15462 silly gunzTarPerm extractEntry dist/esm/icons/box.js.map
15463 silly gunzTarPerm extractEntry dist/esm/icons/boxes.js.map
15464 silly gunzTarPerm extractEntry dist/esm/icons/braces.js.map
15465 silly gunzTarPerm extractEntry dist/esm/icons/brackets.js.map
15466 silly gunzTarPerm extractEntry dist/esm/icons/brain-circuit.js.map
15467 silly gunzTarPerm extractEntry dist/esm/icons/brain-cog.js.map
15468 silly gunzTarPerm extractEntry dist/esm/icons/brain.js.map
15469 silly gunzTarPerm extractEntry dist/esm/icons/brick-wall.js.map
15470 silly gunzTarPerm extractEntry dist/esm/icons/briefcase.js.map
15471 silly gunzTarPerm extractEntry dist/esm/icons/bring-to-front.js.map
15472 silly gunzTarPerm extractEntry dist/esm/icons/brush.js.map
15473 silly gunzTarPerm extractEntry dist/esm/icons/bug-off.js.map
15474 silly gunzTarPerm extractEntry dist/esm/icons/bug-play.js.map
15475 silly gunzTarPerm extractEntry dist/esm/icons/bug.js.map
15476 silly gunzTarPerm extractEntry dist/esm/icons/building-2.js.map
15477 silly gunzTarPerm extractEntry dist/esm/icons/building.js.map
15478 silly gunzTarPerm extractEntry dist/esm/icons/bus-front.js.map
15479 silly gunzTarPerm extractEntry dist/esm/icons/bus.js.map
15480 silly gunzTarPerm extractEntry dist/esm/icons/cable-car.js.map
15481 silly gunzTarPerm extractEntry dist/esm/icons/cable.js.map
15482 silly gunzTarPerm extractEntry dist/esm/icons/cake-slice.js.map
15483 silly gunzTarPerm extractEntry dist/esm/icons/cake.js.map
15484 silly gunzTarPerm extractEntry dist/esm/icons/calculator.js.map
15485 silly gunzTarPerm extractEntry dist/esm/icons/calendar-check-2.js.map
15486 silly gunzTarPerm extractEntry dist/esm/icons/calendar-check.js.map
15487 silly gunzTarPerm extractEntry dist/esm/icons/calendar-clock.js.map
15488 silly gunzTarPerm extractEntry dist/esm/icons/calendar-days.js.map
15489 silly gunzTarPerm extractEntry dist/esm/icons/calendar-heart.js.map
15490 silly gunzTarPerm extractEntry dist/esm/icons/calendar-minus.js.map
15491 silly gunzTarPerm extractEntry dist/esm/icons/calendar-off.js.map
15492 silly gunzTarPerm extractEntry dist/esm/icons/calendar-plus.js.map
15493 silly gunzTarPerm extractEntry dist/esm/icons/calendar-range.js.map
15494 silly gunzTarPerm extractEntry dist/esm/icons/calendar-search.js.map
15495 silly gunzTarPerm extractEntry dist/esm/icons/calendar-x-2.js.map
15496 silly gunzTarPerm extractEntry dist/esm/icons/calendar-x.js.map
15497 silly gunzTarPerm extractEntry dist/esm/icons/calendar.js.map
15498 silly gunzTarPerm extractEntry dist/esm/icons/camera-off.js.map
15499 silly gunzTarPerm extractEntry dist/esm/icons/camera.js.map
15500 silly gunzTarPerm extractEntry dist/esm/icons/candlestick-chart.js.map
15501 silly gunzTarPerm extractEntry dist/esm/icons/candy-cane.js.map
15502 silly gunzTarPerm extractEntry dist/esm/icons/candy-off.js.map
15503 silly gunzTarPerm extractEntry dist/esm/icons/candy.js.map
15504 silly gunzTarPerm extractEntry dist/esm/icons/car-front.js.map
15505 silly gunzTarPerm extractEntry dist/esm/icons/car-taxi-front.js.map
15506 silly gunzTarPerm extractEntry dist/esm/icons/car.js.map
15507 silly gunzTarPerm extractEntry dist/esm/icons/caravan.js.map
15508 silly gunzTarPerm extractEntry dist/esm/icons/carrot.js.map
15509 silly gunzTarPerm extractEntry dist/esm/icons/case-lower.js.map
15510 silly gunzTarPerm extractEntry dist/esm/icons/case-sensitive.js.map
15511 silly gunzTarPerm extractEntry dist/esm/icons/case-upper.js.map
15512 silly gunzTarPerm extractEntry dist/esm/icons/cassette-tape.js.map
15513 silly gunzTarPerm extractEntry dist/esm/icons/cast.js.map
15514 silly gunzTarPerm extractEntry dist/esm/icons/castle.js.map
15515 silly gunzTarPerm extractEntry dist/esm/icons/cat.js.map
15516 silly gunzTarPerm extractEntry dist/esm/icons/cctv.js.map
15517 silly gunzTarPerm extractEntry dist/esm/icons/check-check.js.map
15518 silly gunzTarPerm extractEntry dist/esm/icons/check-circle-2.js.map
15519 silly gunzTarPerm extractEntry dist/esm/icons/check-circle.js.map
15520 silly gunzTarPerm extractEntry dist/esm/icons/check-square-2.js.map
15521 silly gunzTarPerm extractEntry dist/esm/icons/check-square.js.map
15522 silly gunzTarPerm extractEntry dist/esm/icons/check.js.map
15523 silly gunzTarPerm extractEntry dist/esm/icons/chef-hat.js.map
15524 silly gunzTarPerm extractEntry dist/esm/icons/cherry.js.map
15525 silly gunzTarPerm extractEntry dist/esm/icons/chevron-down-circle.js.map
15526 silly gunzTarPerm extractEntry dist/esm/icons/chevron-down-square.js.map
15527 silly gunzTarPerm extractEntry dist/esm/icons/chevron-down.js.map
15528 silly gunzTarPerm extractEntry dist/esm/icons/chevron-first.js.map
15529 silly gunzTarPerm extractEntry dist/esm/icons/chevron-last.js.map
15530 silly gunzTarPerm extractEntry dist/esm/icons/chevron-left-circle.js.map
15531 silly gunzTarPerm extractEntry dist/esm/icons/chevron-left-square.js.map
15532 silly gunzTarPerm extractEntry dist/esm/icons/chevron-left.js.map
15533 silly gunzTarPerm extractEntry dist/esm/icons/chevron-right-circle.js.map
15534 silly gunzTarPerm extractEntry dist/esm/icons/chevron-right-square.js.map
15535 silly gunzTarPerm extractEntry dist/esm/icons/chevron-right.js.map
15536 silly gunzTarPerm extractEntry dist/esm/icons/chevron-up-circle.js.map
15537 silly gunzTarPerm extractEntry dist/esm/icons/chevron-up-square.js.map
15538 silly gunzTarPerm extractEntry dist/esm/icons/chevron-up.js.map
15539 silly gunzTarPerm extractEntry dist/esm/icons/chevrons-down-up.js.map
15540 silly gunzTarPerm extractEntry dist/esm/icons/chevrons-down.js.map
15541 silly gunzTarPerm extractEntry dist/esm/icons/chevrons-left-right.js.map
15542 silly gunzTarPerm extractEntry dist/esm/icons/chevrons-left.js.map
15543 silly gunzTarPerm extractEntry dist/esm/icons/chevrons-right-left.js.map
15544 silly gunzTarPerm extractEntry dist/esm/icons/chevrons-right.js.map
15545 silly gunzTarPerm extractEntry dist/esm/icons/chevrons-up-down.js.map
15546 silly gunzTarPerm extractEntry dist/esm/icons/chevrons-up.js.map
15547 silly gunzTarPerm extractEntry dist/esm/icons/chrome.js.map
15548 silly gunzTarPerm extractEntry dist/esm/icons/church.js.map
15549 silly gunzTarPerm extractEntry dist/esm/icons/cigarette-off.js.map
15550 silly gunzTarPerm extractEntry dist/esm/icons/cigarette.js.map
15551 silly gunzTarPerm extractEntry dist/esm/icons/circle-dashed.js.map
15552 silly gunzTarPerm extractEntry dist/esm/icons/circle-dollar-sign.js.map
15553 silly gunzTarPerm extractEntry dist/esm/icons/circle-dot-dashed.js.map
15554 silly gunzTarPerm extractEntry dist/esm/icons/circle-dot.js.map
15555 silly gunzTarPerm extractEntry dist/esm/icons/circle-ellipsis.js.map
15556 silly gunzTarPerm extractEntry dist/esm/icons/circle-equal.js.map
15557 silly gunzTarPerm extractEntry dist/esm/icons/circle-off.js.map
15558 silly gunzTarPerm extractEntry dist/esm/icons/circle-slash-2.js.map
15559 silly gunzTarPerm extractEntry dist/esm/icons/circle-slash.js.map
15560 silly gunzTarPerm extractEntry dist/esm/icons/circle-slashed.js.map
15561 silly gunzTarPerm extractEntry dist/esm/icons/circle-user-round.js.map
15562 silly gunzTarPerm extractEntry dist/esm/icons/circle-user.js.map
15563 silly gunzTarPerm extractEntry dist/esm/icons/circle.js.map
15564 silly gunzTarPerm extractEntry dist/esm/icons/circuit-board.js.map
15565 silly gunzTarPerm extractEntry dist/esm/icons/citrus.js.map
15566 silly gunzTarPerm extractEntry dist/esm/icons/clapperboard.js.map
15567 silly gunzTarPerm extractEntry dist/esm/icons/clipboard-check.js.map
15568 silly gunzTarPerm extractEntry dist/esm/icons/clipboard-copy.js.map
15569 silly gunzTarPerm extractEntry dist/esm/icons/clipboard-edit.js.map
15570 silly gunzTarPerm extractEntry dist/esm/icons/clipboard-list.js.map
15571 silly gunzTarPerm extractEntry dist/esm/icons/clipboard-paste.js.map
15572 silly gunzTarPerm extractEntry dist/esm/icons/clipboard-signature.js.map
15573 silly gunzTarPerm extractEntry dist/esm/icons/clipboard-type.js.map
15574 silly gunzTarPerm extractEntry dist/esm/icons/clipboard-x.js.map
15575 silly gunzTarPerm extractEntry dist/esm/icons/clipboard.js.map
15576 silly gunzTarPerm extractEntry dist/esm/icons/clock-1.js.map
15577 silly gunzTarPerm extractEntry dist/esm/icons/clock-10.js.map
15578 silly gunzTarPerm extractEntry dist/esm/icons/clock-11.js.map
15579 silly gunzTarPerm extractEntry dist/esm/icons/clock-12.js.map
15580 silly gunzTarPerm extractEntry dist/esm/icons/clock-2.js.map
15581 silly gunzTarPerm extractEntry dist/esm/icons/clock-3.js.map
15582 silly gunzTarPerm extractEntry dist/esm/icons/clock-4.js.map
15583 silly gunzTarPerm extractEntry dist/esm/icons/clock-5.js.map
15584 silly gunzTarPerm extractEntry dist/esm/icons/clock-6.js.map
15585 silly gunzTarPerm extractEntry dist/esm/icons/clock-7.js.map
15586 silly gunzTarPerm extractEntry dist/esm/icons/clock-8.js.map
15587 silly gunzTarPerm extractEntry dist/esm/icons/clock-9.js.map
15588 silly gunzTarPerm extractEntry dist/esm/icons/clock.js.map
15589 silly gunzTarPerm extractEntry dist/esm/icons/cloud-cog.js.map
15590 silly gunzTarPerm extractEntry dist/esm/icons/cloud-drizzle.js.map
15591 silly gunzTarPerm extractEntry dist/esm/icons/cloud-fog.js.map
15592 silly gunzTarPerm extractEntry dist/esm/icons/cloud-hail.js.map
15593 silly gunzTarPerm extractEntry dist/esm/icons/cloud-lightning.js.map
15594 silly gunzTarPerm extractEntry dist/esm/icons/cloud-moon-rain.js.map
15595 silly gunzTarPerm extractEntry dist/esm/icons/cloud-moon.js.map
15596 silly gunzTarPerm extractEntry dist/esm/icons/cloud-off.js.map
15597 silly gunzTarPerm extractEntry dist/esm/icons/cloud-rain-wind.js.map
15598 silly gunzTarPerm extractEntry dist/esm/icons/cloud-rain.js.map
15599 silly gunzTarPerm extractEntry dist/esm/icons/cloud-snow.js.map
15600 silly gunzTarPerm extractEntry dist/esm/icons/cloud-sun-rain.js.map
15601 silly gunzTarPerm extractEntry dist/esm/icons/cloud-sun.js.map
15602 silly gunzTarPerm extractEntry dist/esm/icons/cloud.js.map
15603 silly gunzTarPerm extractEntry dist/esm/icons/cloudy.js.map
15604 silly gunzTarPerm extractEntry dist/esm/icons/clover.js.map
15605 silly gunzTarPerm extractEntry dist/esm/icons/club.js.map
15606 silly gunzTarPerm extractEntry dist/esm/icons/code-2.js.map
15607 silly gunzTarPerm extractEntry dist/esm/icons/code.js.map
15608 silly gunzTarPerm extractEntry dist/esm/icons/codepen.js.map
15609 silly gunzTarPerm extractEntry dist/esm/icons/codesandbox.js.map
15610 silly gunzTarPerm extractEntry dist/esm/icons/coffee.js.map
15611 silly gunzTarPerm extractEntry dist/esm/icons/cog.js.map
15612 silly gunzTarPerm extractEntry dist/esm/icons/coins.js.map
15613 silly gunzTarPerm extractEntry dist/esm/icons/columns.js.map
15614 silly gunzTarPerm extractEntry dist/esm/icons/combine.js.map
15615 silly gunzTarPerm extractEntry dist/esm/icons/command.js.map
15616 silly gunzTarPerm extractEntry dist/esm/icons/compass.js.map
15617 silly gunzTarPerm extractEntry dist/esm/icons/component.js.map
15618 silly gunzTarPerm extractEntry dist/esm/icons/computer.js.map
15619 silly gunzTarPerm extractEntry dist/esm/icons/concierge-bell.js.map
15620 silly gunzTarPerm extractEntry dist/esm/icons/cone.js.map
15621 silly gunzTarPerm extractEntry dist/esm/icons/construction.js.map
15622 silly gunzTarPerm extractEntry dist/esm/icons/contact-2.js.map
15623 silly gunzTarPerm extractEntry dist/esm/icons/contact.js.map
15624 silly gunzTarPerm extractEntry dist/esm/icons/container.js.map
15625 silly gunzTarPerm extractEntry dist/esm/icons/contrast.js.map
15626 silly gunzTarPerm extractEntry dist/esm/icons/cookie.js.map
15627 silly gunzTarPerm extractEntry dist/esm/icons/cooking-pot.js.map
15628 silly gunzTarPerm extractEntry dist/esm/icons/copy-check.js.map
15629 silly gunzTarPerm extractEntry dist/esm/icons/copy-minus.js.map
15630 silly gunzTarPerm extractEntry dist/esm/icons/copy-plus.js.map
15631 silly gunzTarPerm extractEntry dist/esm/icons/copy-slash.js.map
15632 silly gunzTarPerm extractEntry dist/esm/icons/copy-x.js.map
15633 silly gunzTarPerm extractEntry dist/esm/icons/copy.js.map
15634 silly gunzTarPerm extractEntry dist/esm/icons/copyleft.js.map
15635 silly gunzTarPerm extractEntry dist/esm/icons/copyright.js.map
15636 silly gunzTarPerm extractEntry dist/esm/icons/corner-down-left.js.map
15637 silly gunzTarPerm extractEntry dist/esm/icons/corner-down-right.js.map
15638 silly gunzTarPerm extractEntry dist/esm/icons/corner-left-down.js.map
15639 silly gunzTarPerm extractEntry dist/esm/icons/corner-left-up.js.map
15640 silly gunzTarPerm extractEntry dist/esm/icons/corner-right-down.js.map
15641 silly gunzTarPerm extractEntry dist/esm/icons/corner-right-up.js.map
15642 silly gunzTarPerm extractEntry dist/esm/icons/corner-up-left.js.map
15643 silly gunzTarPerm extractEntry dist/esm/icons/corner-up-right.js.map
15644 silly gunzTarPerm extractEntry dist/esm/icons/cpu.js.map
15645 silly gunzTarPerm extractEntry dist/esm/createLucideIcon.js.map
15646 silly gunzTarPerm extractEntry dist/esm/icons/creative-commons.js.map
15647 silly gunzTarPerm extractEntry dist/esm/icons/credit-card.js.map
15648 silly gunzTarPerm extractEntry dist/esm/icons/croissant.js.map
15649 silly gunzTarPerm extractEntry dist/esm/icons/crop.js.map
15650 silly gunzTarPerm extractEntry dist/esm/icons/cross.js.map
15651 silly gunzTarPerm extractEntry dist/esm/icons/crosshair.js.map
15652 silly gunzTarPerm extractEntry dist/esm/icons/crown.js.map
15653 silly gunzTarPerm extractEntry dist/esm/icons/cuboid.js.map
15654 silly gunzTarPerm extractEntry dist/esm/icons/cup-soda.js.map
15655 silly gunzTarPerm extractEntry dist/esm/icons/curly-braces.js.map
15656 silly gunzTarPerm extractEntry dist/esm/icons/currency.js.map
15657 silly gunzTarPerm extractEntry dist/esm/icons/cylinder.js.map
15658 silly gunzTarPerm extractEntry dist/esm/icons/database-backup.js.map
15659 silly gunzTarPerm extractEntry dist/esm/icons/database-zap.js.map
15660 silly gunzTarPerm extractEntry dist/esm/icons/database.js.map
15661 silly gunzTarPerm extractEntry dist/esm/defaultAttributes.js.map
15662 silly gunzTarPerm extractEntry dist/esm/icons/delete.js.map
15663 silly gunzTarPerm extractEntry dist/esm/icons/dessert.js.map
15664 silly gunzTarPerm extractEntry dist/esm/icons/diameter.js.map
15665 silly gunzTarPerm extractEntry dist/esm/icons/diamond.js.map
15666 silly gunzTarPerm extractEntry dist/esm/icons/dice-1.js.map
15667 silly gunzTarPerm extractEntry dist/esm/icons/dice-2.js.map
15668 silly gunzTarPerm extractEntry dist/esm/icons/dice-3.js.map
15669 silly gunzTarPerm extractEntry dist/esm/icons/dice-4.js.map
15670 silly gunzTarPerm extractEntry dist/esm/icons/dice-5.js.map
15671 silly gunzTarPerm extractEntry dist/esm/icons/dice-6.js.map
15672 silly gunzTarPerm extractEntry dist/esm/icons/dices.js.map
15673 silly gunzTarPerm extractEntry dist/esm/icons/diff.js.map
15674 silly gunzTarPerm extractEntry dist/esm/icons/disc-2.js.map
15675 silly gunzTarPerm extractEntry dist/esm/icons/disc-3.js.map
15676 silly gunzTarPerm extractEntry dist/esm/icons/disc-album.js.map
15677 silly gunzTarPerm extractEntry dist/esm/icons/disc.js.map
15678 silly gunzTarPerm extractEntry dist/esm/icons/divide-circle.js.map
15679 silly gunzTarPerm extractEntry dist/esm/icons/divide-square.js.map
15680 silly gunzTarPerm extractEntry dist/esm/icons/divide.js.map
15681 silly gunzTarPerm extractEntry dist/esm/icons/dna-off.js.map
15682 silly gunzTarPerm extractEntry dist/esm/icons/dna.js.map
15683 silly gunzTarPerm extractEntry dist/esm/icons/dog.js.map
15684 silly gunzTarPerm extractEntry dist/esm/icons/dollar-sign.js.map
15685 silly gunzTarPerm extractEntry dist/esm/icons/donut.js.map
15686 silly gunzTarPerm extractEntry dist/esm/icons/door-closed.js.map
15687 silly gunzTarPerm extractEntry dist/esm/icons/door-open.js.map
15688 silly gunzTarPerm extractEntry dist/esm/icons/dot.js.map
15689 silly gunzTarPerm extractEntry dist/esm/icons/download-cloud.js.map
15690 silly gunzTarPerm extractEntry dist/esm/icons/download.js.map
15691 silly gunzTarPerm extractEntry dist/esm/icons/drafting-compass.js.map
15692 silly gunzTarPerm extractEntry dist/esm/icons/drama.js.map
15693 silly gunzTarPerm extractEntry dist/esm/icons/dribbble.js.map
15694 silly gunzTarPerm extractEntry dist/esm/icons/droplet.js.map
15695 silly gunzTarPerm extractEntry dist/esm/icons/droplets.js.map
15696 silly gunzTarPerm extractEntry dist/esm/icons/drum.js.map
15697 silly gunzTarPerm extractEntry dist/esm/icons/drumstick.js.map
15698 silly gunzTarPerm extractEntry dist/esm/icons/dumbbell.js.map
15699 silly gunzTarPerm extractEntry dynamicIconImports.js.map
15700 silly gunzTarPerm extractEntry dist/esm/icons/ear-off.js.map
15701 silly gunzTarPerm extractEntry dist/esm/icons/ear.js.map
15702 silly gunzTarPerm extractEntry dist/esm/icons/edit-2.js.map
15703 silly gunzTarPerm extractEntry dist/esm/icons/edit-3.js.map
15704 silly gunzTarPerm extractEntry dist/esm/icons/edit.js.map
15705 silly gunzTarPerm extractEntry dist/esm/icons/egg-fried.js.map
15706 silly gunzTarPerm extractEntry dist/esm/icons/egg-off.js.map
15707 silly gunzTarPerm extractEntry dist/esm/icons/egg.js.map
15708 silly gunzTarPerm extractEntry dist/esm/icons/equal-not.js.map
15709 silly gunzTarPerm extractEntry dist/esm/icons/equal.js.map
15710 silly gunzTarPerm extractEntry dist/esm/icons/eraser.js.map
15711 silly gunzTarPerm extractEntry dist/esm/icons/euro.js.map
15712 silly gunzTarPerm extractEntry dist/esm/icons/expand.js.map
15713 silly gunzTarPerm extractEntry dist/esm/icons/external-link.js.map
15714 silly gunzTarPerm extractEntry dist/esm/icons/eye-off.js.map
15715 silly gunzTarPerm extractEntry dist/esm/icons/eye.js.map
15716 silly gunzTarPerm extractEntry dist/esm/icons/facebook.js.map
15717 silly gunzTarPerm extractEntry dist/esm/icons/factory.js.map
15718 silly gunzTarPerm extractEntry dist/esm/icons/fan.js.map
15719 silly gunzTarPerm extractEntry dist/esm/icons/fast-forward.js.map
15720 silly gunzTarPerm extractEntry dist/esm/icons/feather.js.map
15721 silly gunzTarPerm extractEntry dist/esm/icons/fence.js.map
15722 silly gunzTarPerm extractEntry dist/esm/icons/ferris-wheel.js.map
15723 silly gunzTarPerm extractEntry dist/esm/icons/figma.js.map
15724 silly gunzTarPerm extractEntry dist/esm/icons/file-archive.js.map
15725 silly gunzTarPerm extractEntry dist/esm/icons/file-audio-2.js.map
15726 silly gunzTarPerm extractEntry dist/esm/icons/file-audio.js.map
15727 silly gunzTarPerm extractEntry dist/esm/icons/file-axis-3-d.js.map
15728 silly gunzTarPerm extractEntry dist/esm/icons/file-axis-3d.js.map
15729 silly gunzTarPerm extractEntry dist/esm/icons/file-badge-2.js.map
15730 silly gunzTarPerm extractEntry dist/esm/icons/file-badge.js.map
15731 silly gunzTarPerm extractEntry dist/esm/icons/file-bar-chart-2.js.map
15732 silly gunzTarPerm extractEntry dist/esm/icons/file-bar-chart.js.map
15733 silly gunzTarPerm extractEntry dist/esm/icons/file-box.js.map
15734 silly gunzTarPerm extractEntry dist/esm/icons/file-check-2.js.map
15735 silly gunzTarPerm extractEntry dist/esm/icons/file-check.js.map
15736 silly gunzTarPerm extractEntry dist/esm/icons/file-clock.js.map
15737 silly gunzTarPerm extractEntry dist/esm/icons/file-code-2.js.map
15738 silly gunzTarPerm extractEntry dist/esm/icons/file-code.js.map
15739 silly gunzTarPerm extractEntry dist/esm/icons/file-cog-2.js.map
15740 silly gunzTarPerm extractEntry dist/esm/icons/file-cog.js.map
15741 silly gunzTarPerm extractEntry dist/esm/icons/file-diff.js.map
15742 silly gunzTarPerm extractEntry dist/esm/icons/file-digit.js.map
15743 silly gunzTarPerm extractEntry dist/esm/icons/file-down.js.map
15744 silly gunzTarPerm extractEntry dist/esm/icons/file-edit.js.map
15745 silly gunzTarPerm extractEntry dist/esm/icons/file-heart.js.map
15746 silly gunzTarPerm extractEntry dist/esm/icons/file-image.js.map
15747 silly gunzTarPerm extractEntry dist/esm/icons/file-input.js.map
15748 silly gunzTarPerm extractEntry dist/esm/icons/file-json-2.js.map
15749 silly gunzTarPerm extractEntry dist/esm/icons/file-json.js.map
15750 silly gunzTarPerm extractEntry dist/esm/icons/file-key-2.js.map
15751 silly gunzTarPerm extractEntry dist/esm/icons/file-key.js.map
15752 silly gunzTarPerm extractEntry dist/esm/icons/file-line-chart.js.map
15753 silly gunzTarPerm extractEntry dist/esm/icons/file-lock-2.js.map
15754 silly gunzTarPerm extractEntry dist/esm/icons/file-lock.js.map
15755 silly gunzTarPerm extractEntry dist/esm/icons/file-minus-2.js.map
15756 silly gunzTarPerm extractEntry dist/esm/icons/file-minus.js.map
15757 silly gunzTarPerm extractEntry dist/esm/icons/file-music.js.map
15758 silly gunzTarPerm extractEntry dist/esm/icons/file-output.js.map
15759 silly gunzTarPerm extractEntry dist/esm/icons/file-pie-chart.js.map
15760 silly gunzTarPerm extractEntry dist/esm/icons/file-plus-2.js.map
15761 silly gunzTarPerm extractEntry dist/esm/icons/file-plus.js.map
15762 silly gunzTarPerm extractEntry dist/esm/icons/file-question.js.map
15763 silly gunzTarPerm extractEntry dist/esm/icons/file-scan.js.map
15764 silly gunzTarPerm extractEntry dist/esm/icons/file-search-2.js.map
15765 silly gunzTarPerm extractEntry dist/esm/icons/file-search.js.map
15766 silly gunzTarPerm extractEntry dist/esm/icons/file-signature.js.map
15767 silly gunzTarPerm extractEntry dist/esm/icons/file-spreadsheet.js.map
15768 silly gunzTarPerm extractEntry dist/esm/icons/file-stack.js.map
15769 silly gunzTarPerm extractEntry dist/esm/icons/file-symlink.js.map
15770 silly gunzTarPerm extractEntry dist/esm/icons/file-terminal.js.map
15771 silly gunzTarPerm extractEntry dist/esm/icons/file-text.js.map
15772 silly gunzTarPerm extractEntry dist/esm/icons/file-type-2.js.map
15773 silly gunzTarPerm extractEntry dist/esm/icons/file-type.js.map
15774 silly gunzTarPerm extractEntry dist/esm/icons/file-up.js.map
15775 silly gunzTarPerm extractEntry dist/esm/icons/file-video-2.js.map
15776 silly gunzTarPerm extractEntry dist/esm/icons/file-video.js.map
15777 silly gunzTarPerm extractEntry dist/esm/icons/file-volume-2.js.map
15778 silly gunzTarPerm extractEntry dist/esm/icons/file-volume.js.map
15779 silly gunzTarPerm extractEntry dist/esm/icons/file-warning.js.map
15780 silly gunzTarPerm extractEntry dist/esm/icons/file-x-2.js.map
15781 silly gunzTarPerm extractEntry dist/esm/icons/file-x.js.map
15782 silly gunzTarPerm extractEntry dist/esm/icons/file.js.map
15783 silly gunzTarPerm extractEntry dist/esm/icons/files.js.map
15784 silly gunzTarPerm extractEntry dist/esm/icons/film.js.map
15785 silly gunzTarPerm extractEntry dist/esm/icons/filter-x.js.map
15786 silly gunzTarPerm extractEntry dist/esm/icons/filter.js.map
15787 silly gunzTarPerm extractEntry dist/esm/icons/fingerprint.js.map
15788 silly gunzTarPerm extractEntry dist/esm/icons/fire-extinguisher.js.map
15789 silly gunzTarPerm extractEntry dist/esm/icons/fish-off.js.map
15790 silly gunzTarPerm extractEntry dist/esm/icons/fish-symbol.js.map
15791 silly gunzTarPerm extractEntry dist/esm/icons/fish.js.map
15792 silly gunzTarPerm extractEntry dist/esm/icons/flag-off.js.map
15793 silly gunzTarPerm extractEntry dist/esm/icons/flag-triangle-left.js.map
15794 silly gunzTarPerm extractEntry dist/esm/icons/flag-triangle-right.js.map
15795 silly gunzTarPerm extractEntry dist/esm/icons/flag.js.map
15796 silly gunzTarPerm extractEntry dist/esm/icons/flame-kindling.js.map
15797 silly gunzTarPerm extractEntry dist/esm/icons/flame.js.map
15798 silly gunzTarPerm extractEntry dist/esm/icons/flashlight-off.js.map
15799 silly gunzTarPerm extractEntry dist/esm/icons/flashlight.js.map
15800 silly gunzTarPerm extractEntry dist/esm/icons/flask-conical-off.js.map
15801 silly gunzTarPerm extractEntry dist/esm/icons/flask-conical.js.map
15802 silly gunzTarPerm extractEntry dist/esm/icons/flask-round.js.map
15803 silly gunzTarPerm extractEntry dist/esm/icons/flip-horizontal-2.js.map
15804 silly gunzTarPerm extractEntry dist/esm/icons/flip-horizontal.js.map
15805 silly gunzTarPerm extractEntry dist/esm/icons/flip-vertical-2.js.map
15806 silly gunzTarPerm extractEntry dist/esm/icons/flip-vertical.js.map
15807 silly gunzTarPerm extractEntry dist/esm/icons/flower-2.js.map
15808 silly gunzTarPerm extractEntry dist/esm/icons/flower.js.map
15809 silly gunzTarPerm extractEntry dist/esm/icons/focus.js.map
15810 silly gunzTarPerm extractEntry dist/esm/icons/fold-horizontal.js.map
15811 silly gunzTarPerm extractEntry dist/esm/icons/fold-vertical.js.map
15812 silly gunzTarPerm extractEntry dist/esm/icons/folder-archive.js.map
15813 silly gunzTarPerm extractEntry dist/esm/icons/folder-check.js.map
15814 silly gunzTarPerm extractEntry dist/esm/icons/folder-clock.js.map
15815 silly gunzTarPerm extractEntry dist/esm/icons/folder-closed.js.map
15816 silly gunzTarPerm extractEntry dist/esm/icons/folder-cog-2.js.map
15817 silly gunzTarPerm extractEntry dist/esm/icons/folder-cog.js.map
15818 silly gunzTarPerm extractEntry dist/esm/icons/folder-dot.js.map
15819 silly gunzTarPerm extractEntry dist/esm/icons/folder-down.js.map
15820 silly gunzTarPerm extractEntry dist/esm/icons/folder-edit.js.map
15821 silly gunzTarPerm extractEntry dist/esm/icons/folder-git-2.js.map
15822 silly gunzTarPerm extractEntry dist/esm/icons/folder-git.js.map
15823 silly gunzTarPerm extractEntry dist/esm/icons/folder-heart.js.map
15824 silly gunzTarPerm extractEntry dist/esm/icons/folder-input.js.map
15825 silly gunzTarPerm extractEntry dist/esm/icons/folder-kanban.js.map
15826 silly gunzTarPerm extractEntry dist/esm/icons/folder-key.js.map
15827 silly gunzTarPerm extractEntry dist/esm/icons/folder-lock.js.map
15828 silly gunzTarPerm extractEntry dist/esm/icons/folder-minus.js.map
15829 silly gunzTarPerm extractEntry dist/esm/icons/folder-open-dot.js.map
15830 silly gunzTarPerm extractEntry dist/esm/icons/folder-open.js.map
15831 silly gunzTarPerm extractEntry dist/esm/icons/folder-output.js.map
15832 silly gunzTarPerm extractEntry dist/esm/icons/folder-plus.js.map
15833 silly gunzTarPerm extractEntry dist/esm/icons/folder-root.js.map
15834 silly gunzTarPerm extractEntry dist/esm/icons/folder-search-2.js.map
15835 silly gunzTarPerm extractEntry dist/esm/icons/folder-search.js.map
15836 silly gunzTarPerm extractEntry dist/esm/icons/folder-symlink.js.map
15837 silly gunzTarPerm extractEntry dist/esm/icons/folder-sync.js.map
15838 silly gunzTarPerm extractEntry dist/esm/icons/folder-tree.js.map
15839 silly gunzTarPerm extractEntry dist/esm/icons/folder-up.js.map
15840 silly gunzTarPerm extractEntry dist/esm/icons/folder-x.js.map
15841 silly gunzTarPerm extractEntry dist/esm/icons/folder.js.map
15842 silly gunzTarPerm extractEntry dist/esm/icons/folders.js.map
15843 silly gunzTarPerm extractEntry dist/esm/icons/footprints.js.map
15844 silly gunzTarPerm extractEntry dist/esm/icons/forklift.js.map
15845 silly gunzTarPerm extractEntry dist/esm/icons/form-input.js.map
15846 silly gunzTarPerm extractEntry dist/esm/icons/forward.js.map
15847 silly gunzTarPerm extractEntry dist/esm/icons/frame.js.map
15848 silly gunzTarPerm extractEntry dist/esm/icons/framer.js.map
15849 silly gunzTarPerm extractEntry dist/esm/icons/frown.js.map
15850 silly gunzTarPerm extractEntry dist/esm/icons/fuel.js.map
15851 silly gunzTarPerm extractEntry dist/esm/icons/fullscreen.js.map
15852 silly gunzTarPerm extractEntry dist/esm/icons/function-square.js.map
15853 silly gunzTarPerm extractEntry dist/esm/icons/gallery-horizontal-end.js.map
15854 silly gunzTarPerm extractEntry dist/esm/icons/gallery-horizontal.js.map
15855 silly gunzTarPerm extractEntry dist/esm/icons/gallery-thumbnails.js.map
15856 silly gunzTarPerm extractEntry dist/esm/icons/gallery-vertical-end.js.map
15857 silly gunzTarPerm extractEntry dist/esm/icons/gallery-vertical.js.map
15858 silly gunzTarPerm extractEntry dist/esm/icons/gamepad-2.js.map
15859 silly gunzTarPerm extractEntry dist/esm/icons/gamepad.js.map
15860 silly gunzTarPerm extractEntry dist/esm/icons/gantt-chart-square.js.map
15861 silly gunzTarPerm extractEntry dist/esm/icons/gantt-chart.js.map
15862 silly gunzTarPerm extractEntry dist/esm/icons/gauge-circle.js.map
15863 silly gunzTarPerm extractEntry dist/esm/icons/gauge.js.map
15864 silly gunzTarPerm extractEntry dist/esm/icons/gavel.js.map
15865 silly gunzTarPerm extractEntry dist/esm/icons/gem.js.map
15866 silly gunzTarPerm extractEntry dist/esm/icons/ghost.js.map
15867 silly gunzTarPerm extractEntry dist/esm/icons/gift.js.map
15868 silly gunzTarPerm extractEntry dist/esm/icons/git-branch-plus.js.map
15869 silly gunzTarPerm extractEntry dist/esm/icons/git-branch.js.map
15870 silly gunzTarPerm extractEntry dist/esm/icons/git-commit-horizontal.js.map
15871 silly gunzTarPerm extractEntry dist/esm/icons/git-commit-vertical.js.map
15872 silly gunzTarPerm extractEntry dist/esm/icons/git-commit.js.map
15873 silly gunzTarPerm extractEntry dist/esm/icons/git-compare-arrows.js.map
15874 silly gunzTarPerm extractEntry dist/esm/icons/git-compare.js.map
15875 silly gunzTarPerm extractEntry dist/esm/icons/git-fork.js.map
15876 silly gunzTarPerm extractEntry dist/esm/icons/git-graph.js.map
15877 silly gunzTarPerm extractEntry dist/esm/icons/git-merge.js.map
15878 silly gunzTarPerm extractEntry dist/esm/icons/git-pull-request-arrow.js.map
15879 silly gunzTarPerm extractEntry dist/esm/icons/git-pull-request-closed.js.map
15880 silly gunzTarPerm extractEntry dist/esm/icons/git-pull-request-create-arrow.js.map
15881 silly gunzTarPerm extractEntry dist/esm/icons/git-pull-request-create.js.map
15882 silly gunzTarPerm extractEntry dist/esm/icons/git-pull-request-draft.js.map
15883 silly gunzTarPerm extractEntry dist/esm/icons/git-pull-request.js.map
15884 silly gunzTarPerm extractEntry dist/esm/icons/github.js.map
15885 silly gunzTarPerm extractEntry dist/esm/icons/gitlab.js.map
15886 silly gunzTarPerm extractEntry dist/esm/icons/glass-water.js.map
15887 silly gunzTarPerm extractEntry dist/esm/icons/glasses.js.map
15888 silly gunzTarPerm extractEntry dist/esm/icons/globe-2.js.map
15889 silly gunzTarPerm extractEntry dist/esm/icons/globe.js.map
15890 silly gunzTarPerm extractEntry dist/esm/icons/goal.js.map
15891 silly gunzTarPerm extractEntry dist/esm/icons/grab.js.map
15892 silly gunzTarPerm extractEntry dist/esm/icons/graduation-cap.js.map
15893 silly gunzTarPerm extractEntry dist/esm/icons/grape.js.map
15894 silly gunzTarPerm extractEntry dist/esm/icons/grid-2-x-2.js.map
15895 silly gunzTarPerm extractEntry dist/esm/icons/grid-2x2.js.map
15896 silly gunzTarPerm extractEntry dist/esm/icons/grid-3-x-3.js.map
15897 silly gunzTarPerm extractEntry dist/esm/icons/grid-3x3.js.map
15898 silly gunzTarPerm extractEntry dist/esm/icons/grid.js.map
15899 silly gunzTarPerm extractEntry dist/esm/icons/grip-horizontal.js.map
15900 silly gunzTarPerm extractEntry dist/esm/icons/grip-vertical.js.map
15901 silly gunzTarPerm extractEntry dist/esm/icons/grip.js.map
15902 silly gunzTarPerm extractEntry dist/esm/icons/group.js.map
15903 silly gentlyRm /Users/hyypucs/work/Antigravity2/ai_pkt/frontend/node_modules/.staging/lodash-ce69daf0/node_modules is being purged
15904 verbose gentlyRm don't care about contents; nuking /Users/hyypucs/work/Antigravity2/ai_pkt/frontend/node_modules/.staging/lodash-ce69daf0/node_modules
15905 silly gunzTarPerm extractEntry dist/esm/icons/guitar.js.map
15906 silly gunzTarPerm extractEntry dist/esm/icons/hammer.js.map
15907 silly gunzTarPerm extractEntry dist/esm/icons/hand-metal.js.map
15908 silly gunzTarPerm extractEntry dist/esm/icons/hand.js.map
15909 silly gunzTarPerm extractEntry dist/esm/icons/hard-drive-download.js.map
15910 silly gunzTarPerm extractEntry dist/esm/icons/hard-drive-upload.js.map
15911 silly gunzTarPerm extractEntry dist/esm/icons/hard-drive.js.map
15912 silly gunzTarPerm extractEntry dist/esm/icons/hard-hat.js.map
15913 silly gunzTarPerm extractEntry dist/esm/icons/hash.js.map
15914 silly gunzTarPerm extractEntry dist/esm/icons/haze.js.map
15915 silly gunzTarPerm extractEntry dist/esm/icons/hdmi-port.js.map
15916 silly gunzTarPerm extractEntry dist/esm/icons/heading-1.js.map
15917 silly gunzTarPerm extractEntry dist/esm/icons/heading-2.js.map
15918 silly gunzTarPerm extractEntry dist/esm/icons/heading-3.js.map
15919 silly gunzTarPerm extractEntry dist/esm/icons/heading-4.js.map
15920 silly gunzTarPerm extractEntry dist/esm/icons/heading-5.js.map
15921 silly gunzTarPerm extractEntry dist/esm/icons/heading-6.js.map
15922 silly gunzTarPerm extractEntry dist/esm/icons/heading.js.map
15923 silly gunzTarPerm extractEntry dist/esm/icons/headphones.js.map
15924 silly gunzTarPerm extractEntry dist/esm/icons/heart-crack.js.map
15925 silly gunzTarPerm extractEntry dist/esm/icons/heart-handshake.js.map
15926 silly gunzTarPerm extractEntry dist/esm/icons/heart-off.js.map
15927 silly gunzTarPerm extractEntry dist/esm/icons/heart-pulse.js.map
15928 silly gunzTarPerm extractEntry dist/esm/icons/heart.js.map
15929 silly gunzTarPerm extractEntry dist/esm/icons/help-circle.js.map
15930 silly gunzTarPerm extractEntry dist/esm/icons/helping-hand.js.map
15931 silly gunzTarPerm extractEntry dist/esm/icons/hexagon.js.map
15932 silly gunzTarPerm extractEntry dist/esm/icons/highlighter.js.map
15933 silly gunzTarPerm extractEntry dist/esm/icons/history.js.map
15934 silly gunzTarPerm extractEntry dist/esm/icons/home.js.map
15935 silly gunzTarPerm extractEntry dist/esm/icons/hop-off.js.map
15936 silly gunzTarPerm extractEntry dist/esm/icons/hop.js.map
15937 silly gunzTarPerm extractEntry dist/esm/icons/hotel.js.map
15938 silly gunzTarPerm extractEntry dist/esm/icons/hourglass.js.map
15939 silly gunzTarPerm extractEntry dist/esm/icons/ice-cream-2.js.map
15940 silly gunzTarPerm extractEntry dist/esm/icons/ice-cream.js.map
15941 silly gunzTarPerm extractEntry dist/esm/icons/image-down.js.map
15942 silly gunzTarPerm extractEntry dist/esm/icons/image-minus.js.map
15943 silly gunzTarPerm extractEntry dist/esm/icons/image-off.js.map
15944 silly gunzTarPerm extractEntry dist/esm/icons/image-plus.js.map
15945 silly gunzTarPerm extractEntry dist/esm/icons/image.js.map
15946 silly gunzTarPerm extractEntry dist/esm/icons/import.js.map
15947 silly gunzTarPerm extractEntry dist/esm/icons/inbox.js.map
15948 silly gunzTarPerm extractEntry dist/esm/icons/indent.js.map
15949 silly gunzTarPerm extractEntry dist/esm/icons/index.js.map
15950 silly gunzTarPerm extractEntry dist/esm/icons/indian-rupee.js.map
15951 silly gunzTarPerm extractEntry dist/esm/icons/infinity.js.map
15952 silly gunzTarPerm extractEntry dist/esm/icons/info.js.map
15953 silly gunzTarPerm extractEntry dist/esm/icons/inspect.js.map
15954 silly gunzTarPerm extractEntry dist/esm/icons/inspection-panel.js.map
15955 silly gunzTarPerm extractEntry dist/esm/icons/instagram.js.map
15956 silly gunzTarPerm extractEntry dist/esm/icons/italic.js.map
15957 silly gunzTarPerm extractEntry dist/esm/icons/iteration-ccw.js.map
15958 silly gunzTarPerm extractEntry dist/esm/icons/iteration-cw.js.map
15959 silly gunzTarPerm extractEntry dist/esm/icons/japanese-yen.js.map
15960 silly gunzTarPerm extractEntry dist/esm/icons/joystick.js.map
15961 silly gunzTarPerm extractEntry dist/esm/icons/kanban-square-dashed.js.map
15962 silly gunzTarPerm extractEntry dist/esm/icons/kanban-square.js.map
15963 silly gunzTarPerm extractEntry dist/esm/icons/kanban.js.map
15964 silly gunzTarPerm extractEntry dist/esm/icons/key-round.js.map
15965 silly gunzTarPerm extractEntry dist/esm/icons/key-square.js.map
15966 silly gunzTarPerm extractEntry dist/esm/icons/key.js.map
15967 silly gunzTarPerm extractEntry dist/esm/icons/keyboard-music.js.map
15968 silly gunzTarPerm extractEntry dist/esm/icons/keyboard.js.map
15969 silly gunzTarPerm extractEntry dist/esm/icons/lamp-ceiling.js.map
15970 silly gunzTarPerm extractEntry dist/esm/icons/lamp-desk.js.map
15971 silly gunzTarPerm extractEntry dist/esm/icons/lamp-floor.js.map
15972 silly gunzTarPerm extractEntry dist/esm/icons/lamp-wall-down.js.map
15973 silly gunzTarPerm extractEntry dist/esm/icons/lamp-wall-up.js.map
15974 silly gunzTarPerm extractEntry dist/esm/icons/lamp.js.map
15975 silly gunzTarPerm extractEntry dist/esm/icons/land-plot.js.map
15976 silly gunzTarPerm extractEntry dist/esm/icons/landmark.js.map
15977 silly gunzTarPerm extractEntry dist/esm/icons/languages.js.map
15978 silly gunzTarPerm extractEntry dist/esm/icons/laptop-2.js.map
15979 silly gunzTarPerm extractEntry dist/esm/icons/laptop.js.map
15980 silly gunzTarPerm extractEntry dist/esm/icons/lasso-select.js.map
15981 silly gunzTarPerm extractEntry dist/esm/icons/lasso.js.map
15982 silly gunzTarPerm extractEntry dist/esm/icons/laugh.js.map
15983 silly gunzTarPerm extractEntry dist/esm/icons/layers-2.js.map
15984 silly gunzTarPerm extractEntry dist/esm/icons/layers-3.js.map
15985 silly gunzTarPerm extractEntry dist/esm/icons/layers.js.map
15986 silly gunzTarPerm extractEntry dist/esm/icons/layout-dashboard.js.map
15987 silly gunzTarPerm extractEntry dist/esm/icons/layout-grid.js.map
15988 silly gunzTarPerm extractEntry dist/esm/icons/layout-list.js.map
15989 silly gunzTarPerm extractEntry dist/esm/icons/layout-panel-left.js.map
15990 silly gunzTarPerm extractEntry dist/esm/icons/layout-panel-top.js.map
15991 silly gunzTarPerm extractEntry dist/esm/icons/layout-template.js.map
15992 silly gunzTarPerm extractEntry dist/esm/icons/layout.js.map
15993 silly gunzTarPerm extractEntry dist/esm/icons/leaf.js.map
15994 silly gunzTarPerm extractEntry dist/esm/icons/leafy-green.js.map
15995 silly gunzTarPerm extractEntry dist/esm/icons/library-big.js.map
15996 silly gunzTarPerm extractEntry dist/esm/icons/library-square.js.map
15997 silly gunzTarPerm extractEntry dist/esm/icons/library.js.map
15998 silly gunzTarPerm extractEntry dist/esm/icons/life-buoy.js.map
15999 silly gunzTarPerm extractEntry dist/esm/icons/ligature.js.map
16000 silly gunzTarPerm extractEntry dist/esm/icons/lightbulb-off.js.map
16001 silly gunzTarPerm extractEntry dist/esm/icons/lightbulb.js.map
16002 silly gunzTarPerm extractEntry dist/esm/icons/line-chart.js.map
16003 silly gunzTarPerm extractEntry dist/esm/icons/link-2-off.js.map
16004 silly gunzTarPerm extractEntry dist/esm/icons/link-2.js.map
16005 silly gunzTarPerm extractEntry dist/esm/icons/link.js.map
16006 silly gunzTarPerm extractEntry dist/esm/icons/linkedin.js.map
16007 silly gunzTarPerm extractEntry dist/esm/icons/list-checks.js.map
16008 silly gunzTarPerm extractEntry dist/esm/icons/list-end.js.map
16009 silly gunzTarPerm extractEntry dist/esm/icons/list-filter.js.map
16010 silly gunzTarPerm extractEntry dist/esm/icons/list-minus.js.map
16011 silly gunzTarPerm extractEntry dist/esm/icons/list-music.js.map
16012 silly gunzTarPerm extractEntry dist/esm/icons/list-ordered.js.map
16013 silly gunzTarPerm extractEntry dist/esm/icons/list-plus.js.map
16014 silly gunzTarPerm extractEntry dist/esm/icons/list-restart.js.map
16015 silly gunzTarPerm extractEntry dist/esm/icons/list-start.js.map
16016 silly gunzTarPerm extractEntry dist/esm/icons/list-todo.js.map
16017 silly gunzTarPerm extractEntry dist/esm/icons/list-tree.js.map
16018 silly gunzTarPerm extractEntry dist/esm/icons/list-video.js.map
16019 silly gunzTarPerm extractEntry dist/esm/icons/list-x.js.map
16020 silly gunzTarPerm extractEntry dist/esm/icons/list.js.map
16021 silly gunzTarPerm extractEntry dist/esm/icons/loader-2.js.map
16022 silly gunzTarPerm extractEntry dist/esm/icons/loader.js.map
16023 silly gunzTarPerm extractEntry dist/esm/icons/locate-fixed.js.map
16024 silly gunzTarPerm extractEntry dist/esm/icons/locate-off.js.map
16025 silly gunzTarPerm extractEntry dist/esm/icons/locate.js.map
16026 silly gunzTarPerm extractEntry dist/esm/icons/lock-keyhole.js.map
16027 silly gunzTarPerm extractEntry dist/esm/icons/lock.js.map
16028 silly gunzTarPerm extractEntry dist/esm/icons/log-in.js.map
16029 silly gunzTarPerm extractEntry dist/esm/icons/log-out.js.map
16030 silly gunzTarPerm extractEntry dist/esm/icons/lollipop.js.map
16031 silly gunzTarPerm extractEntry dist/cjs/lucide-react.js.map
16032 silly gunzTarPerm extractEntry dist/esm/lucide-react.js.map
16033 silly gunzTarPerm extractEntry dist/umd/lucide-react.js.map
16034 silly gunzTarPerm extractEntry dist/umd/lucide-react.min.js.map
16035 silly gunzTarPerm extractEntry dist/esm/icons/luggage.js.map
16036 silly gunzTarPerm extractEntry dist/esm/icons/m-square.js.map
16037 silly gunzTarPerm extractEntry dist/esm/icons/magnet.js.map
16038 silly gunzTarPerm extractEntry dist/esm/icons/mail-check.js.map
16039 silly gunzTarPerm extractEntry dist/esm/icons/mail-minus.js.map
16040 silly gunzTarPerm extractEntry dist/esm/icons/mail-open.js.map
16041 silly gunzTarPerm extractEntry dist/esm/icons/mail-plus.js.map
16042 silly gunzTarPerm extractEntry dist/esm/icons/mail-question.js.map
16043 silly gunzTarPerm extractEntry dist/esm/icons/mail-search.js.map
16044 silly gunzTarPerm extractEntry dist/esm/icons/mail-warning.js.map
16045 silly gunzTarPerm extractEntry dist/esm/icons/mail-x.js.map
16046 silly gunzTarPerm extractEntry dist/esm/icons/mail.js.map
16047 silly gunzTarPerm extractEntry dist/esm/icons/mailbox.js.map
16048 silly gunzTarPerm extractEntry dist/esm/icons/mails.js.map
16049 silly gunzTarPerm extractEntry dist/esm/icons/map-pin-off.js.map
16050 silly gunzTarPerm extractEntry dist/esm/icons/map-pin.js.map
16051 silly gunzTarPerm extractEntry dist/esm/icons/map-pinned.js.map
16052 silly gunzTarPerm extractEntry dist/esm/icons/map.js.map
16053 silly gunzTarPerm extractEntry dist/esm/icons/martini.js.map
16054 silly gunzTarPerm extractEntry dist/esm/icons/maximize-2.js.map
16055 silly gunzTarPerm extractEntry dist/esm/icons/maximize.js.map
16056 silly gunzTarPerm extractEntry dist/esm/icons/medal.js.map
16057 silly gunzTarPerm extractEntry dist/esm/icons/megaphone-off.js.map
16058 silly gunzTarPerm extractEntry dist/esm/icons/megaphone.js.map
16059 silly gunzTarPerm extractEntry dist/esm/icons/meh.js.map
16060 silly gunzTarPerm extractEntry dist/esm/icons/memory-stick.js.map
16061 silly gunzTarPerm extractEntry dist/esm/icons/menu-square.js.map
16062 silly gunzTarPerm extractEntry dist/esm/icons/menu.js.map
16063 silly gunzTarPerm extractEntry dist/esm/icons/merge.js.map
16064 silly gunzTarPerm extractEntry dist/esm/icons/message-circle-code.js.map
16065 silly gunzTarPerm extractEntry dist/esm/icons/message-circle-dashed.js.map
16066 silly gunzTarPerm extractEntry dist/esm/icons/message-circle-heart.js.map
16067 silly gunzTarPerm extractEntry dist/esm/icons/message-circle-more.js.map
16068 silly gunzTarPerm extractEntry dist/esm/icons/message-circle-off.js.map
16069 silly gunzTarPerm extractEntry dist/esm/icons/message-circle-plus.js.map
16070 silly gunzTarPerm extractEntry dist/esm/icons/message-circle-question.js.map
16071 silly gunzTarPerm extractEntry dist/esm/icons/message-circle-reply.js.map
16072 silly gunzTarPerm extractEntry dist/esm/icons/message-circle-warning.js.map
16073 silly gunzTarPerm extractEntry dist/esm/icons/message-circle-x.js.map
16074 silly gunzTarPerm extractEntry dist/esm/icons/message-circle.js.map
16075 silly gunzTarPerm extractEntry dist/esm/icons/message-square-code.js.map
16076 silly gunzTarPerm extractEntry dist/esm/icons/message-square-dashed.js.map
16077 silly gunzTarPerm extractEntry dist/esm/icons/message-square-diff.js.map
16078 silly gunzTarPerm extractEntry dist/esm/icons/message-square-dot.js.map
16079 silly gunzTarPerm extractEntry dist/esm/icons/message-square-heart.js.map
16080 silly gunzTarPerm extractEntry dist/esm/icons/message-square-more.js.map
16081 silly gunzTarPerm extractEntry dist/esm/icons/message-square-off.js.map
16082 silly gunzTarPerm extractEntry dist/esm/icons/message-square-plus.js.map
16083 silly gunzTarPerm extractEntry dist/esm/icons/message-square-quote.js.map
16084 silly gunzTarPerm extractEntry dist/esm/icons/message-square-reply.js.map
16085 silly gunzTarPerm extractEntry dist/esm/icons/message-square-share.js.map
16086 silly gunzTarPerm extractEntry dist/esm/icons/message-square-text.js.map
16087 silly gunzTarPerm extractEntry dist/esm/icons/message-square-warning.js.map
16088 silly gunzTarPerm extractEntry dist/esm/icons/message-square-x.js.map
16089 silly gunzTarPerm extractEntry dist/esm/icons/message-square.js.map
16090 silly gunzTarPerm extractEntry dist/esm/icons/messages-square.js.map
16091 silly gunzTarPerm extractEntry dist/esm/icons/mic-2.js.map
16092 silly gunzTarPerm extractEntry dist/esm/icons/mic-off.js.map
16093 silly gunzTarPerm extractEntry dist/esm/icons/mic.js.map
16094 silly gunzTarPerm extractEntry dist/esm/icons/microscope.js.map
16095 silly gunzTarPerm extractEntry dist/esm/icons/microwave.js.map
16096 silly gunzTarPerm extractEntry dist/esm/icons/milestone.js.map
16097 silly gunzTarPerm extractEntry dist/esm/icons/milk-off.js.map
16098 silly gunzTarPerm extractEntry dist/esm/icons/milk.js.map
16099 silly gunzTarPerm extractEntry dist/esm/icons/minimize-2.js.map
16100 silly gunzTarPerm extractEntry dist/esm/icons/minimize.js.map
16101 silly gunzTarPerm extractEntry dist/esm/icons/minus-circle.js.map
16102 silly gunzTarPerm extractEntry dist/esm/icons/minus-square.js.map
16103 silly gunzTarPerm extractEntry dist/esm/icons/minus.js.map
16104 silly gunzTarPerm extractEntry dist/esm/icons/monitor-check.js.map
16105 silly gunzTarPerm extractEntry dist/esm/icons/monitor-dot.js.map
16106 silly gunzTarPerm extractEntry dist/esm/icons/monitor-down.js.map
16107 silly gunzTarPerm extractEntry dist/esm/icons/monitor-off.js.map
16108 silly gunzTarPerm extractEntry dist/esm/icons/monitor-pause.js.map
16109 silly gunzTarPerm extractEntry dist/esm/icons/monitor-play.js.map
16110 silly gunzTarPerm extractEntry dist/esm/icons/monitor-smartphone.js.map
16111 silly gunzTarPerm extractEntry dist/esm/icons/monitor-speaker.js.map
16112 silly gunzTarPerm extractEntry dist/esm/icons/monitor-stop.js.map
16113 silly gunzTarPerm extractEntry dist/esm/icons/monitor-up.js.map
16114 silly gunzTarPerm extractEntry dist/esm/icons/monitor-x.js.map
16115 silly gunzTarPerm extractEntry dist/esm/icons/monitor.js.map
16116 silly gunzTarPerm extractEntry dist/esm/icons/moon-star.js.map
16117 silly gunzTarPerm extractEntry dist/esm/icons/moon.js.map
16118 silly gunzTarPerm extractEntry dist/esm/icons/more-horizontal.js.map
16119 silly gunzTarPerm extractEntry dist/esm/icons/more-vertical.js.map
16120 silly gunzTarPerm extractEntry dist/esm/icons/mountain-snow.js.map
16121 silly gunzTarPerm extractEntry dist/esm/icons/mountain.js.map
16122 silly gunzTarPerm extractEntry dist/esm/icons/mouse-pointer-2.js.map
16123 silly gunzTarPerm extractEntry dist/esm/icons/mouse-pointer-click.js.map
16124 silly gunzTarPerm extractEntry dist/esm/icons/mouse-pointer-square-dashed.js.map
16125 silly gunzTarPerm extractEntry dist/esm/icons/mouse-pointer-square.js.map
16126 silly gunzTarPerm extractEntry dist/esm/icons/mouse-pointer.js.map
16127 silly gunzTarPerm extractEntry dist/esm/icons/mouse.js.map
16128 silly gunzTarPerm extractEntry dist/esm/icons/move-3-d.js.map
16129 silly gunzTarPerm extractEntry dist/esm/icons/move-3d.js.map
16130 silly gunzTarPerm extractEntry dist/esm/icons/move-diagonal-2.js.map
16131 silly gunzTarPerm extractEntry dist/esm/icons/move-diagonal.js.map
16132 silly gunzTarPerm extractEntry dist/esm/icons/move-down-left.js.map
16133 silly gunzTarPerm extractEntry dist/esm/icons/move-down-right.js.map
16134 silly gunzTarPerm extractEntry dist/esm/icons/move-down.js.map
16135 silly gunzTarPerm extractEntry dist/esm/icons/move-horizontal.js.map
16136 silly gunzTarPerm extractEntry dist/esm/icons/move-left.js.map
16137 silly gunzTarPerm extractEntry dist/esm/icons/move-right.js.map
16138 silly gunzTarPerm extractEntry dist/esm/icons/move-up-left.js.map
16139 silly gunzTarPerm extractEntry dist/esm/icons/move-up-right.js.map
16140 silly gunzTarPerm extractEntry dist/esm/icons/move-up.js.map
16141 silly gunzTarPerm extractEntry dist/esm/icons/move-vertical.js.map
16142 silly gunzTarPerm extractEntry dist/esm/icons/move.js.map
16143 silly gunzTarPerm extractEntry dist/esm/icons/music-2.js.map
16144 silly gunzTarPerm extractEntry dist/esm/icons/music-3.js.map
16145 silly gunzTarPerm extractEntry dist/esm/icons/music-4.js.map
16146 silly gunzTarPerm extractEntry dist/esm/icons/music.js.map
16147 silly gunzTarPerm extractEntry dist/esm/icons/navigation-2-off.js.map
16148 silly gunzTarPerm extractEntry dist/esm/icons/navigation-2.js.map
16149 silly gunzTarPerm extractEntry dist/esm/icons/navigation-off.js.map
16150 silly gunzTarPerm extractEntry dist/esm/icons/navigation.js.map
16151 silly gunzTarPerm extractEntry dist/esm/icons/network.js.map
16152 silly gunzTarPerm extractEntry dist/esm/icons/newspaper.js.map
16153 silly gunzTarPerm extractEntry dist/esm/icons/nfc.js.map
16154 silly gunzTarPerm extractEntry dist/esm/icons/nut-off.js.map
16155 silly gunzTarPerm extractEntry dist/esm/icons/nut.js.map
16156 silly gunzTarPerm extractEntry dist/esm/icons/octagon.js.map
16157 silly gunzTarPerm extractEntry dist/esm/icons/option.js.map
16158 silly gunzTarPerm extractEntry dist/esm/icons/orbit.js.map
16159 silly gunzTarPerm extractEntry dist/esm/icons/outdent.js.map
16160 silly gunzTarPerm extractEntry dist/esm/icons/package-2.js.map
16161 silly gunzTarPerm extractEntry dist/esm/icons/package-check.js.map
16162 silly gunzTarPerm extractEntry dist/esm/icons/package-minus.js.map
16163 silly gunzTarPerm extractEntry dist/esm/icons/package-open.js.map
16164 silly gunzTarPerm extractEntry dist/esm/icons/package-plus.js.map
16165 silly gunzTarPerm extractEntry dist/esm/icons/package-search.js.map
16166 silly gunzTarPerm extractEntry dist/esm/icons/package-x.js.map
16167 silly gunzTarPerm extractEntry dist/esm/icons/package.js.map
16168 silly gunzTarPerm extractEntry dist/esm/icons/paint-bucket.js.map
16169 silly gunzTarPerm extractEntry dist/esm/icons/paintbrush-2.js.map
16170 silly gunzTarPerm extractEntry dist/esm/icons/paintbrush.js.map
16171 silly gunzTarPerm extractEntry dist/esm/icons/palette.js.map
16172 silly gunzTarPerm extractEntry dist/esm/icons/palmtree.js.map
16173 silly gunzTarPerm extractEntry dist/esm/icons/panel-bottom-close.js.map
16174 silly gunzTarPerm extractEntry dist/esm/icons/panel-bottom-inactive.js.map
16175 silly gunzTarPerm extractEntry dist/esm/icons/panel-bottom-open.js.map
16176 silly gunzTarPerm extractEntry dist/esm/icons/panel-bottom.js.map
16177 silly gunzTarPerm extractEntry dist/esm/icons/panel-left-close.js.map
16178 silly gunzTarPerm extractEntry dist/esm/icons/panel-left-inactive.js.map
16179 silly gunzTarPerm extractEntry dist/esm/icons/panel-left-open.js.map
16180 silly gunzTarPerm extractEntry dist/esm/icons/panel-left.js.map
16181 silly gunzTarPerm extractEntry dist/esm/icons/panel-right-close.js.map
16182 silly gunzTarPerm extractEntry dist/esm/icons/panel-right-inactive.js.map
16183 silly gunzTarPerm extractEntry dist/esm/icons/panel-right-open.js.map
16184 silly gunzTarPerm extractEntry dist/esm/icons/panel-right.js.map
16185 silly gunzTarPerm extractEntry dist/esm/icons/panel-top-close.js.map
16186 silly gunzTarPerm extractEntry dist/esm/icons/panel-top-inactive.js.map
16187 silly gunzTarPerm extractEntry dist/esm/icons/panel-top-open.js.map
16188 silly gunzTarPerm extractEntry dist/esm/icons/panel-top.js.map
16189 silly gunzTarPerm extractEntry dist/esm/icons/paperclip.js.map
16190 silly gunzTarPerm extractEntry dist/esm/icons/parentheses.js.map
16191 silly gunzTarPerm extractEntry dist/esm/icons/parking-circle-off.js.map
16192 silly gunzTarPerm extractEntry dist/esm/icons/parking-circle.js.map
16193 silly gunzTarPerm extractEntry dist/esm/icons/parking-meter.js.map
16194 silly gunzTarPerm extractEntry dist/esm/icons/parking-square-off.js.map
16195 silly gunzTarPerm extractEntry dist/esm/icons/parking-square.js.map
16196 silly gunzTarPerm extractEntry dist/esm/icons/party-popper.js.map
16197 silly gunzTarPerm extractEntry dist/esm/icons/pause-circle.js.map
16198 silly gunzTarPerm extractEntry dist/esm/icons/pause-octagon.js.map
16199 silly gunzTarPerm extractEntry dist/esm/icons/pause.js.map
16200 silly gunzTarPerm extractEntry dist/esm/icons/paw-print.js.map
16201 silly gunzTarPerm extractEntry dist/esm/icons/pc-case.js.map
16202 silly gunzTarPerm extractEntry dist/esm/icons/pen-box.js.map
16203 silly gunzTarPerm extractEntry dist/esm/icons/pen-line.js.map
16204 silly gunzTarPerm extractEntry dist/esm/icons/pen-square.js.map
16205 silly gunzTarPerm extractEntry dist/esm/icons/pen-tool.js.map
16206 silly gunzTarPerm extractEntry dist/esm/icons/pen.js.map
16207 silly gunzTarPerm extractEntry dist/esm/icons/pencil-line.js.map
16208 silly gunzTarPerm extractEntry dist/esm/icons/pencil-ruler.js.map
16209 silly gunzTarPerm extractEntry dist/esm/icons/pencil.js.map
16210 silly gunzTarPerm extractEntry dist/esm/icons/pentagon.js.map
16211 silly gunzTarPerm extractEntry dist/esm/icons/percent-circle.js.map
16212 silly gunzTarPerm extractEntry dist/esm/icons/percent-diamond.js.map
16213 silly gunzTarPerm extractEntry dist/esm/icons/percent-square.js.map
16214 silly gunzTarPerm extractEntry dist/esm/icons/percent.js.map
16215 silly gunzTarPerm extractEntry dist/esm/icons/person-standing.js.map
16216 silly gunzTarPerm extractEntry dist/esm/icons/phone-call.js.map
16217 silly gunzTarPerm extractEntry dist/esm/icons/phone-forwarded.js.map
16218 silly gunzTarPerm extractEntry dist/esm/icons/phone-incoming.js.map
16219 silly gunzTarPerm extractEntry dist/esm/icons/phone-missed.js.map
16220 silly gunzTarPerm extractEntry dist/esm/icons/phone-off.js.map
16221 silly gunzTarPerm extractEntry dist/esm/icons/phone-outgoing.js.map
16222 silly gunzTarPerm extractEntry dist/esm/icons/phone.js.map
16223 silly gunzTarPerm extractEntry dist/esm/icons/pi-square.js.map
16224 silly gunzTarPerm extractEntry dist/esm/icons/pi.js.map
16225 silly gunzTarPerm extractEntry dist/esm/icons/piano.js.map
16226 silly gunzTarPerm extractEntry dist/esm/icons/picture-in-picture-2.js.map
16227 silly gunzTarPerm extractEntry dist/esm/icons/picture-in-picture.js.map
16228 silly gunzTarPerm extractEntry dist/esm/icons/pie-chart.js.map
16229 silly gunzTarPerm extractEntry dist/esm/icons/piggy-bank.js.map
16230 silly gunzTarPerm extractEntry dist/esm/icons/pilcrow-square.js.map
16231 silly gunzTarPerm extractEntry dist/esm/icons/pilcrow.js.map
16232 silly gunzTarPerm extractEntry dist/esm/icons/pill.js.map
16233 silly gunzTarPerm extractEntry dist/esm/icons/pin-off.js.map
16234 silly gunzTarPerm extractEntry dist/esm/icons/pin.js.map
16235 silly gunzTarPerm extractEntry dist/esm/icons/pipette.js.map
16236 silly gunzTarPerm extractEntry dist/esm/icons/pizza.js.map
16237 silly gunzTarPerm extractEntry dist/esm/icons/plane-landing.js.map
16238 silly gunzTarPerm extractEntry dist/esm/icons/plane-takeoff.js.map
16239 silly gunzTarPerm extractEntry dist/esm/icons/plane.js.map
16240 silly gunzTarPerm extractEntry dist/esm/icons/play-circle.js.map
16241 silly gunzTarPerm extractEntry dist/esm/icons/play-square.js.map
16242 silly gunzTarPerm extractEntry dist/esm/icons/play.js.map
16243 silly gunzTarPerm extractEntry dist/esm/icons/plug-2.js.map
16244 silly gunzTarPerm extractEntry dist/esm/icons/plug-zap-2.js.map
16245 silly gunzTarPerm extractEntry dist/esm/icons/plug-zap.js.map
16246 silly gunzTarPerm extractEntry dist/esm/icons/plug.js.map
16247 silly gunzTarPerm extractEntry dist/esm/icons/plus-circle.js.map
16248 silly gunzTarPerm extractEntry dist/esm/icons/plus-square.js.map
16249 silly gunzTarPerm extractEntry dist/esm/icons/plus.js.map
16250 silly gunzTarPerm extractEntry dist/esm/icons/pocket-knife.js.map
16251 silly gunzTarPerm extractEntry dist/esm/icons/pocket.js.map
16252 silly gunzTarPerm extractEntry dist/esm/icons/podcast.js.map
16253 silly gunzTarPerm extractEntry dist/esm/icons/pointer-off.js.map
16254 silly gunzTarPerm extractEntry dist/esm/icons/pointer.js.map
16255 silly gunzTarPerm extractEntry dist/esm/icons/popcorn.js.map
16256 silly gunzTarPerm extractEntry dist/esm/icons/popsicle.js.map
16257 silly gunzTarPerm extractEntry dist/esm/icons/pound-sterling.js.map
16258 silly gunzTarPerm extractEntry dist/esm/icons/power-circle.js.map
16259 silly gunzTarPerm extractEntry dist/esm/icons/power-off.js.map
16260 silly gunzTarPerm extractEntry dist/esm/icons/power-square.js.map
16261 silly gunzTarPerm extractEntry dist/esm/icons/power.js.map
16262 silly gunzTarPerm extractEntry dist/esm/icons/presentation.js.map
16263 silly gunzTarPerm extractEntry dist/esm/icons/printer.js.map
16264 silly gunzTarPerm extractEntry dist/esm/icons/projector.js.map
16265 silly gunzTarPerm extractEntry dist/esm/icons/puzzle.js.map
16266 silly gunzTarPerm extractEntry dist/esm/icons/pyramid.js.map
16267 silly gunzTarPerm extractEntry dist/esm/icons/qr-code.js.map
16268 silly gunzTarPerm extractEntry dist/esm/icons/quote.js.map
16269 silly gunzTarPerm extractEntry dist/esm/icons/rabbit.js.map
16270 silly gunzTarPerm extractEntry dist/esm/icons/radar.js.map
16271 silly gunzTarPerm extractEntry dist/esm/icons/radiation.js.map
16272 silly gunzTarPerm extractEntry dist/esm/icons/radio-receiver.js.map
16273 silly gunzTarPerm extractEntry dist/esm/icons/radio-tower.js.map
16274 silly gunzTarPerm extractEntry dist/esm/icons/radio.js.map
16275 silly gunzTarPerm extractEntry dist/esm/icons/radius.js.map
16276 silly gunzTarPerm extractEntry dist/esm/icons/rail-symbol.js.map
16277 silly gunzTarPerm extractEntry dist/esm/icons/rainbow.js.map
16278 silly gunzTarPerm extractEntry dist/esm/icons/rat.js.map
16279 silly gunzTarPerm extractEntry dist/esm/icons/ratio.js.map
16280 silly gunzTarPerm extractEntry dist/esm/icons/receipt.js.map
16281 silly gunzTarPerm extractEntry dist/esm/icons/rectangle-horizontal.js.map
16282 silly gunzTarPerm extractEntry dist/esm/icons/rectangle-vertical.js.map
16283 silly gunzTarPerm extractEntry dist/esm/icons/recycle.js.map
16284 silly gunzTarPerm extractEntry dist/esm/icons/redo-2.js.map
16285 silly gunzTarPerm extractEntry dist/esm/icons/redo-dot.js.map
16286 silly gunzTarPerm extractEntry dist/esm/icons/redo.js.map
16287 silly gunzTarPerm extractEntry dist/esm/icons/refresh-ccw-dot.js.map
16288 silly gunzTarPerm extractEntry dist/esm/icons/refresh-ccw.js.map
16289 silly gunzTarPerm extractEntry dist/esm/icons/refresh-cw-off.js.map
16290 silly gunzTarPerm extractEntry dist/esm/icons/refresh-cw.js.map
16291 silly gunzTarPerm extractEntry dist/esm/icons/refrigerator.js.map
16292 silly gunzTarPerm extractEntry dist/esm/icons/regex.js.map
16293 silly gunzTarPerm extractEntry dist/esm/icons/remove-formatting.js.map
16294 silly gunzTarPerm extractEntry dist/esm/icons/repeat-1.js.map
16295 silly gunzTarPerm extractEntry dist/esm/icons/repeat-2.js.map
16296 silly gunzTarPerm extractEntry dist/esm/icons/repeat.js.map
16297 silly gunzTarPerm extractEntry dist/esm/icons/replace-all.js.map
16298 silly gunzTarPerm extractEntry dist/esm/icons/replace.js.map
16299 silly gunzTarPerm extractEntry dist/esm/icons/reply-all.js.map
16300 silly gunzTarPerm extractEntry dist/esm/icons/reply.js.map
16301 silly gunzTarPerm extractEntry dist/esm/icons/rewind.js.map
16302 silly gunzTarPerm extractEntry dist/esm/icons/ribbon.js.map
16303 silly gunzTarPerm extractEntry dist/esm/icons/rocket.js.map
16304 silly gunzTarPerm extractEntry dist/esm/icons/rocking-chair.js.map
16305 silly gunzTarPerm extractEntry dist/esm/icons/roller-coaster.js.map
16306 silly gunzTarPerm extractEntry dist/esm/icons/rotate-3-d.js.map
16307 silly gunzTarPerm extractEntry dist/esm/icons/rotate-3d.js.map
16308 silly gunzTarPerm extractEntry dist/esm/icons/rotate-ccw.js.map
16309 silly gunzTarPerm extractEntry dist/esm/icons/rotate-cw.js.map
16310 silly gunzTarPerm extractEntry dist/esm/icons/route-off.js.map
16311 silly gunzTarPerm extractEntry dist/esm/icons/route.js.map
16312 silly gunzTarPerm extractEntry dist/esm/icons/router.js.map
16313 silly gunzTarPerm extractEntry dist/esm/icons/rows.js.map
16314 silly gunzTarPerm extractEntry dist/esm/icons/rss.js.map
16315 silly gunzTarPerm extractEntry dist/esm/icons/ruler.js.map
16316 silly gunzTarPerm extractEntry dist/esm/icons/russian-ruble.js.map
16317 silly gunzTarPerm extractEntry dist/esm/icons/sailboat.js.map
16318 silly gunzTarPerm extractEntry dist/esm/icons/salad.js.map
16319 silly gunzTarPerm extractEntry dist/esm/icons/sandwich.js.map
16320 silly gunzTarPerm extractEntry dist/esm/icons/satellite-dish.js.map
16321 silly gunzTarPerm extractEntry dist/esm/icons/satellite.js.map
16322 silly gunzTarPerm extractEntry dist/esm/icons/save-all.js.map
16323 silly gunzTarPerm extractEntry dist/esm/icons/save.js.map
16324 silly gunzTarPerm extractEntry dist/esm/icons/scale-3-d.js.map
16325 silly gunzTarPerm extractEntry dist/esm/icons/scale-3d.js.map
16326 silly gunzTarPerm extractEntry dist/esm/icons/scale.js.map
16327 silly gunzTarPerm extractEntry dist/esm/icons/scaling.js.map
16328 silly gunzTarPerm extractEntry dist/esm/icons/scan-barcode.js.map
16329 silly gunzTarPerm extractEntry dist/esm/icons/scan-eye.js.map
16330 silly gunzTarPerm extractEntry dist/esm/icons/scan-face.js.map
16331 silly gunzTarPerm extractEntry dist/esm/icons/scan-line.js.map
16332 silly gunzTarPerm extractEntry dist/esm/icons/scan-search.js.map
16333 silly gunzTarPerm extractEntry dist/esm/icons/scan-text.js.map
16334 silly gunzTarPerm extractEntry dist/esm/icons/scan.js.map
16335 silly gunzTarPerm extractEntry dist/esm/icons/scatter-chart.js.map
16336 silly gunzTarPerm extractEntry dist/esm/icons/school-2.js.map
16337 silly gunzTarPerm extractEntry dist/esm/icons/school.js.map
16338 silly gunzTarPerm extractEntry dist/esm/icons/scissors-line-dashed.js.map
16339 silly gunzTarPerm extractEntry dist/esm/icons/scissors-square-dashed-bottom.js.map
16340 silly gunzTarPerm extractEntry dist/esm/icons/scissors-square.js.map
16341 silly gunzTarPerm extractEntry dist/esm/icons/scissors.js.map
16342 silly gunzTarPerm extractEntry dist/esm/icons/screen-share-off.js.map
16343 silly gunzTarPerm extractEntry dist/esm/icons/screen-share.js.map
16344 silly gunzTarPerm extractEntry dist/esm/icons/scroll-text.js.map
16345 silly gunzTarPerm extractEntry dist/esm/icons/scroll.js.map
16346 silly gunzTarPerm extractEntry dist/esm/icons/search-check.js.map
16347 silly gunzTarPerm extractEntry dist/esm/icons/search-code.js.map
16348 silly gunzTarPerm extractEntry dist/esm/icons/search-slash.js.map
16349 silly gunzTarPerm extractEntry dist/esm/icons/search-x.js.map
16350 silly gunzTarPerm extractEntry dist/esm/icons/search.js.map
16351 silly gunzTarPerm extractEntry dist/esm/icons/send-horizonal.js.map
16352 silly gunzTarPerm extractEntry dist/esm/icons/send-horizontal.js.map
16353 silly gunzTarPerm extractEntry dist/esm/icons/send-to-back.js.map
16354 silly gunzTarPerm extractEntry dist/esm/icons/send.js.map
16355 silly gunzTarPerm extractEntry dist/esm/icons/separator-horizontal.js.map
16356 silly gunzTarPerm extractEntry dist/esm/icons/separator-vertical.js.map
16357 silly gunzTarPerm extractEntry dist/esm/icons/server-cog.js.map
16358 silly gunzTarPerm extractEntry dist/esm/icons/server-crash.js.map
16359 silly gunzTarPerm extractEntry dist/esm/icons/server-off.js.map
16360 silly gunzTarPerm extractEntry dist/esm/icons/server.js.map
16361 silly gunzTarPerm extractEntry dist/esm/icons/settings-2.js.map
16362 silly gunzTarPerm extractEntry dist/esm/icons/settings.js.map
16363 silly gunzTarPerm extractEntry dist/esm/icons/shapes.js.map
16364 silly gunzTarPerm extractEntry dist/esm/icons/share-2.js.map
16365 silly gunzTarPerm extractEntry dist/esm/icons/share.js.map
16366 silly gunzTarPerm extractEntry dist/esm/icons/sheet.js.map
16367 silly gunzTarPerm extractEntry dist/esm/icons/shell.js.map
16368 silly gunzTarPerm extractEntry dist/esm/icons/shield-alert.js.map
16369 silly gunzTarPerm extractEntry dist/esm/icons/shield-ban.js.map
16370 silly gunzTarPerm extractEntry dist/esm/icons/shield-check.js.map
16371 silly gunzTarPerm extractEntry dist/esm/icons/shield-close.js.map
16372 silly gunzTarPerm extractEntry dist/esm/icons/shield-ellipsis.js.map
16373 silly gunzTarPerm extractEntry dist/esm/icons/shield-half.js.map
16374 silly gunzTarPerm extractEntry dist/esm/icons/shield-minus.js.map
16375 silly gunzTarPerm extractEntry dist/esm/icons/shield-off.js.map
16376 silly gunzTarPerm extractEntry dist/esm/icons/shield-plus.js.map
16377 silly gunzTarPerm extractEntry dist/esm/icons/shield-question.js.map
16378 silly gunzTarPerm extractEntry dist/esm/icons/shield-x.js.map
16379 silly gunzTarPerm extractEntry dist/esm/icons/shield.js.map
16380 silly gunzTarPerm extractEntry dist/esm/icons/ship-wheel.js.map
16381 silly gunzTarPerm extractEntry dist/esm/icons/ship.js.map
16382 silly gunzTarPerm extractEntry dist/esm/icons/shirt.js.map
16383 silly gunzTarPerm extractEntry dist/esm/icons/shopping-bag.js.map
16384 silly gunzTarPerm extractEntry dist/esm/icons/shopping-basket.js.map
16385 silly gunzTarPerm extractEntry dist/esm/icons/shopping-cart.js.map
16386 silly gunzTarPerm extractEntry dist/esm/icons/shovel.js.map
16387 silly gunzTarPerm extractEntry dist/esm/icons/shower-head.js.map
16388 silly gunzTarPerm extractEntry dist/esm/icons/shrink.js.map
16389 silly gunzTarPerm extractEntry dist/esm/icons/shrub.js.map
16390 silly gunzTarPerm extractEntry dist/esm/icons/shuffle.js.map
16391 silly gunzTarPerm extractEntry dist/esm/icons/sidebar-close.js.map
16392 silly gunzTarPerm extractEntry dist/esm/icons/sidebar-open.js.map
16393 silly gunzTarPerm extractEntry dist/esm/icons/sidebar.js.map
16394 silly gunzTarPerm extractEntry dist/esm/icons/sigma-square.js.map
16395 silly gunzTarPerm extractEntry dist/esm/icons/sigma.js.map
16396 silly gunzTarPerm extractEntry dist/esm/icons/signal-high.js.map
16397 silly gunzTarPerm extractEntry dist/esm/icons/signal-low.js.map
16398 silly gunzTarPerm extractEntry dist/esm/icons/signal-medium.js.map
16399 silly gunzTarPerm extractEntry dist/esm/icons/signal-zero.js.map
16400 silly gunzTarPerm extractEntry dist/esm/icons/signal.js.map
16401 silly gunzTarPerm extractEntry dist/esm/icons/signpost-big.js.map
16402 silly gunzTarPerm extractEntry dist/esm/icons/signpost.js.map
16403 silly gunzTarPerm extractEntry dist/esm/icons/siren.js.map
16404 silly gunzTarPerm extractEntry dist/esm/icons/skip-back.js.map
16405 silly gunzTarPerm extractEntry dist/esm/icons/skip-forward.js.map
16406 silly gunzTarPerm extractEntry dist/esm/icons/skull.js.map
16407 silly gunzTarPerm extractEntry dist/esm/icons/slack.js.map
16408 silly gunzTarPerm extractEntry dist/esm/icons/slash.js.map
16409 silly gunzTarPerm extractEntry dist/esm/icons/slice.js.map
16410 silly gunzTarPerm extractEntry dist/esm/icons/sliders-horizontal.js.map
16411 silly gunzTarPerm extractEntry dist/esm/icons/sliders.js.map
16412 silly gunzTarPerm extractEntry dist/esm/icons/smartphone-charging.js.map
16413 silly gunzTarPerm extractEntry dist/esm/icons/smartphone-nfc.js.map
16414 silly gunzTarPerm extractEntry dist/esm/icons/smartphone.js.map
16415 silly gunzTarPerm extractEntry dist/esm/icons/smile-plus.js.map
16416 silly gunzTarPerm extractEntry dist/esm/icons/smile.js.map
16417 silly gunzTarPerm extractEntry dist/esm/icons/snail.js.map
16418 silly gunzTarPerm extractEntry dist/esm/icons/snowflake.js.map
16419 silly gunzTarPerm extractEntry dist/esm/icons/sofa.js.map
16420 silly gunzTarPerm extractEntry dist/esm/icons/sort-asc.js.map
16421 silly gunzTarPerm extractEntry dist/esm/icons/sort-desc.js.map
16422 silly gunzTarPerm extractEntry dist/esm/icons/soup.js.map
16423 silly gunzTarPerm extractEntry dist/esm/icons/space.js.map
16424 silly gunzTarPerm extractEntry dist/esm/icons/spade.js.map
16425 silly gunzTarPerm extractEntry dist/esm/icons/sparkle.js.map
16426 silly gunzTarPerm extractEntry dist/esm/icons/sparkles.js.map
16427 silly gunzTarPerm extractEntry dist/esm/icons/speaker.js.map
16428 silly gunzTarPerm extractEntry dist/esm/icons/speech.js.map
16429 silly gunzTarPerm extractEntry dist/esm/icons/spell-check-2.js.map
16430 silly gunzTarPerm extractEntry dist/esm/icons/spell-check.js.map
16431 silly gunzTarPerm extractEntry dist/esm/icons/spline.js.map
16432 silly gunzTarPerm extractEntry dist/esm/icons/split-square-horizontal.js.map
16433 silly gunzTarPerm extractEntry dist/esm/icons/split-square-vertical.js.map
16434 silly gunzTarPerm extractEntry dist/esm/icons/split.js.map
16435 silly gunzTarPerm extractEntry dist/esm/icons/spray-can.js.map
16436 silly gunzTarPerm extractEntry dist/esm/icons/sprout.js.map
16437 silly gunzTarPerm extractEntry dist/esm/icons/square-asterisk.js.map
16438 silly gunzTarPerm extractEntry dist/esm/icons/square-code.js.map
16439 silly gunzTarPerm extractEntry dist/esm/icons/square-dashed-bottom-code.js.map
16440 silly gunzTarPerm extractEntry dist/esm/icons/square-dashed-bottom.js.map
16441 silly gunzTarPerm extractEntry dist/esm/icons/square-dot.js.map
16442 silly gunzTarPerm extractEntry dist/esm/icons/square-equal.js.map
16443 silly gunzTarPerm extractEntry dist/esm/icons/square-gantt.js.map
16444 silly gunzTarPerm extractEntry dist/esm/icons/square-kanban-dashed.js.map
16445 silly gunzTarPerm extractEntry dist/esm/icons/square-kanban.js.map
16446 silly gunzTarPerm extractEntry dist/esm/icons/square-slash.js.map
16447 silly gunzTarPerm extractEntry dist/esm/icons/square-stack.js.map
16448 silly gunzTarPerm extractEntry dist/esm/icons/square-user-round.js.map
16449 silly gunzTarPerm extractEntry dist/esm/icons/square-user.js.map
16450 silly gunzTarPerm extractEntry dist/esm/icons/square.js.map
16451 silly gunzTarPerm extractEntry dist/esm/icons/squircle.js.map
16452 silly gunzTarPerm extractEntry dist/esm/icons/squirrel.js.map
16453 silly gunzTarPerm extractEntry dist/esm/icons/stamp.js.map
16454 silly gunzTarPerm extractEntry dist/esm/icons/star-half.js.map
16455 silly gunzTarPerm extractEntry dist/esm/icons/star-off.js.map
16456 silly gunzTarPerm extractEntry dist/esm/icons/star.js.map
16457 silly gunzTarPerm extractEntry dist/esm/icons/stars.js.map
16458 silly gunzTarPerm extractEntry dist/esm/icons/step-back.js.map
16459 silly gunzTarPerm extractEntry dist/esm/icons/step-forward.js.map
16460 silly gunzTarPerm extractEntry dist/esm/icons/stethoscope.js.map
16461 silly gunzTarPerm extractEntry dist/esm/icons/sticker.js.map
16462 silly gunzTarPerm extractEntry dist/esm/icons/sticky-note.js.map
16463 silly gunzTarPerm extractEntry dist/esm/icons/stop-circle.js.map
16464 silly gunzTarPerm extractEntry dist/esm/icons/store.js.map
16465 silly gunzTarPerm extractEntry dist/esm/icons/stretch-horizontal.js.map
16466 silly gunzTarPerm extractEntry dist/esm/icons/stretch-vertical.js.map
16467 silly gunzTarPerm extractEntry dist/esm/icons/strikethrough.js.map
16468 silly gunzTarPerm extractEntry dist/esm/icons/subscript.js.map
16469 silly gunzTarPerm extractEntry dist/esm/icons/subtitles.js.map
16470 silly gunzTarPerm extractEntry dist/esm/icons/sun-dim.js.map
16471 silly gunzTarPerm extractEntry dist/esm/icons/sun-medium.js.map
16472 silly gunzTarPerm extractEntry dist/esm/icons/sun-moon.js.map
16473 silly gunzTarPerm extractEntry dist/esm/icons/sun-snow.js.map
16474 silly gunzTarPerm extractEntry dist/esm/icons/sun.js.map
16475 silly gunzTarPerm extractEntry dist/esm/icons/sunrise.js.map
16476 silly gunzTarPerm extractEntry dist/esm/icons/sunset.js.map
16477 silly gunzTarPerm extractEntry dist/esm/icons/superscript.js.map
16478 silly gunzTarPerm extractEntry dist/esm/icons/swiss-franc.js.map
16479 silly gunzTarPerm extractEntry dist/esm/icons/switch-camera.js.map
16480 silly gunzTarPerm extractEntry dist/esm/icons/sword.js.map
16481 silly gunzTarPerm extractEntry dist/esm/icons/swords.js.map
16482 silly gunzTarPerm extractEntry dist/esm/icons/syringe.js.map
16483 silly gunzTarPerm extractEntry dist/esm/icons/table-2.js.map
16484 silly gunzTarPerm extractEntry dist/esm/icons/table-properties.js.map
16485 silly gunzTarPerm extractEntry dist/esm/icons/table.js.map
16486 silly gunzTarPerm extractEntry dist/esm/icons/tablet-smartphone.js.map
16487 silly gunzTarPerm extractEntry dist/esm/icons/tablet.js.map
16488 silly gunzTarPerm extractEntry dist/esm/icons/tablets.js.map
16489 silly gunzTarPerm extractEntry dist/esm/icons/tag.js.map
16490 silly gunzTarPerm extractEntry dist/esm/icons/tags.js.map
16491 silly gunzTarPerm extractEntry dist/esm/icons/tally-1.js.map
16492 silly gunzTarPerm extractEntry dist/esm/icons/tally-2.js.map
16493 silly gunzTarPerm extractEntry dist/esm/icons/tally-3.js.map
16494 silly gunzTarPerm extractEntry dist/esm/icons/tally-4.js.map
16495 silly gunzTarPerm extractEntry dist/esm/icons/tally-5.js.map
16496 silly gunzTarPerm extractEntry dist/esm/icons/tangent.js.map
16497 silly gunzTarPerm extractEntry dist/esm/icons/target.js.map
16498 silly gunzTarPerm extractEntry dist/esm/icons/tent-tree.js.map
16499 silly gunzTarPerm extractEntry dist/esm/icons/tent.js.map
16500 silly gunzTarPerm extractEntry dist/esm/icons/terminal-square.js.map
16501 silly gunzTarPerm extractEntry dist/esm/icons/terminal.js.map
16502 silly gunzTarPerm extractEntry dist/esm/icons/test-tube-2.js.map
16503 silly gunzTarPerm extractEntry dist/esm/icons/test-tube.js.map
16504 silly gunzTarPerm extractEntry dist/esm/icons/test-tubes.js.map
16505 silly gunzTarPerm extractEntry dist/esm/icons/text-cursor-input.js.map
16506 silly gunzTarPerm extractEntry dist/esm/icons/text-cursor.js.map
16507 silly gunzTarPerm extractEntry dist/esm/icons/text-quote.js.map
16508 silly gunzTarPerm extractEntry dist/esm/icons/text-select.js.map
16509 silly gunzTarPerm extractEntry dist/esm/icons/text-selection.js.map
16510 silly gunzTarPerm extractEntry dist/esm/icons/text.js.map
16511 silly gunzTarPerm extractEntry dist/esm/icons/theater.js.map
16512 silly gunzTarPerm extractEntry dist/esm/icons/thermometer-snowflake.js.map
16513 silly gunzTarPerm extractEntry dist/esm/icons/thermometer-sun.js.map
16514 silly gunzTarPerm extractEntry dist/esm/icons/thermometer.js.map
16515 silly gunzTarPerm extractEntry dist/esm/icons/thumbs-down.js.map
16516 silly gunzTarPerm extractEntry dist/esm/icons/thumbs-up.js.map
16517 silly gunzTarPerm extractEntry dist/esm/icons/ticket.js.map
16518 silly gunzTarPerm extractEntry dist/esm/icons/timer-off.js.map
16519 silly gunzTarPerm extractEntry dist/esm/icons/timer-reset.js.map
16520 silly gunzTarPerm extractEntry dist/esm/icons/timer.js.map
16521 silly gunzTarPerm extractEntry dist/esm/icons/toggle-left.js.map
16522 silly gunzTarPerm extractEntry dist/esm/icons/toggle-right.js.map
16523 silly gunzTarPerm extractEntry dist/esm/icons/tornado.js.map
16524 silly gunzTarPerm extractEntry dist/esm/icons/torus.js.map
16525 silly gunzTarPerm extractEntry dist/esm/icons/touchpad-off.js.map
16526 silly gunzTarPerm extractEntry dist/esm/icons/touchpad.js.map
16527 silly gunzTarPerm extractEntry dist/esm/icons/tower-control.js.map
16528 silly gunzTarPerm extractEntry dist/esm/icons/toy-brick.js.map
16529 silly gunzTarPerm extractEntry dist/esm/icons/tractor.js.map
16530 silly gunzTarPerm extractEntry dist/esm/icons/traffic-cone.js.map
16531 silly gunzTarPerm extractEntry dist/esm/icons/train-front-tunnel.js.map
16532 silly gunzTarPerm extractEntry dist/esm/icons/train-front.js.map
16533 silly gunzTarPerm extractEntry dist/esm/icons/train-track.js.map
16534 silly gunzTarPerm extractEntry dist/esm/icons/train.js.map
16535 silly gunzTarPerm extractEntry dist/esm/icons/tram-front.js.map
16536 silly gunzTarPerm extractEntry dist/esm/icons/trash-2.js.map
16537 silly gunzTarPerm extractEntry dist/esm/icons/trash.js.map
16538 silly gunzTarPerm extractEntry dist/esm/icons/tree-deciduous.js.map
16539 silly gunzTarPerm extractEntry dist/esm/icons/tree-pine.js.map
16540 silly gunzTarPerm extractEntry dist/esm/icons/trees.js.map
16541 silly gunzTarPerm extractEntry dist/esm/icons/trello.js.map
16542 silly gunzTarPerm extractEntry dist/esm/icons/trending-down.js.map
16543 silly gunzTarPerm extractEntry dist/esm/icons/trending-up.js.map
16544 silly gunzTarPerm extractEntry dist/esm/icons/triangle-right.js.map
16545 silly gunzTarPerm extractEntry dist/esm/icons/triangle.js.map
16546 silly gunzTarPerm extractEntry dist/esm/icons/trophy.js.map
16547 silly gunzTarPerm extractEntry dist/esm/icons/truck.js.map
16548 silly gunzTarPerm extractEntry dist/esm/icons/turtle.js.map
16549 silly gunzTarPerm extractEntry dist/esm/icons/tv-2.js.map
16550 silly gunzTarPerm extractEntry dist/esm/icons/tv.js.map
16551 silly gunzTarPerm extractEntry dist/esm/icons/twitch.js.map
16552 silly gunzTarPerm extractEntry dist/esm/icons/twitter.js.map
16553 silly gunzTarPerm extractEntry dist/esm/icons/type.js.map
16554 silly gunzTarPerm extractEntry dist/esm/icons/umbrella-off.js.map
16555 silly gunzTarPerm extractEntry dist/esm/icons/umbrella.js.map
16556 silly gunzTarPerm extractEntry dist/esm/icons/underline.js.map
16557 silly gunzTarPerm extractEntry dist/esm/icons/undo-2.js.map
16558 silly gunzTarPerm extractEntry dist/esm/icons/undo-dot.js.map
16559 silly gunzTarPerm extractEntry dist/esm/icons/undo.js.map
16560 silly gunzTarPerm extractEntry dist/esm/icons/unfold-horizontal.js.map
16561 silly gunzTarPerm extractEntry dist/esm/icons/unfold-vertical.js.map
16562 silly gunzTarPerm extractEntry dist/esm/icons/ungroup.js.map
16563 silly gunzTarPerm extractEntry dist/esm/icons/unlink-2.js.map
16564 silly gunzTarPerm extractEntry dist/esm/icons/unlink.js.map
16565 silly gunzTarPerm extractEntry dist/esm/icons/unlock-keyhole.js.map
16566 silly gunzTarPerm extractEntry dist/esm/icons/unlock.js.map
16567 silly gunzTarPerm extractEntry dist/esm/icons/unplug.js.map
16568 silly gunzTarPerm extractEntry dist/esm/icons/upload-cloud.js.map
16569 silly gunzTarPerm extractEntry dist/esm/icons/upload.js.map
16570 silly gunzTarPerm extractEntry dist/esm/icons/usb.js.map
16571 silly gunzTarPerm extractEntry dist/esm/icons/user-2.js.map
16572 silly gunzTarPerm extractEntry dist/esm/icons/user-check-2.js.map
16573 silly gunzTarPerm extractEntry dist/esm/icons/user-check.js.map
16574 silly gunzTarPerm extractEntry dist/esm/icons/user-circle-2.js.map
16575 silly gunzTarPerm extractEntry dist/esm/icons/user-circle.js.map
16576 silly gunzTarPerm extractEntry dist/esm/icons/user-cog-2.js.map
16577 silly gunzTarPerm extractEntry dist/esm/icons/user-cog.js.map
16578 silly gunzTarPerm extractEntry dist/esm/icons/user-minus-2.js.map
16579 silly gunzTarPerm extractEntry dist/esm/icons/user-minus.js.map
16580 silly gunzTarPerm extractEntry dist/esm/icons/user-plus-2.js.map
16581 silly gunzTarPerm extractEntry dist/esm/icons/user-plus.js.map
16582 silly gunzTarPerm extractEntry dist/esm/icons/user-round-check.js.map
16583 silly gunzTarPerm extractEntry dist/esm/icons/user-round-cog.js.map
16584 silly gunzTarPerm extractEntry dist/esm/icons/user-round-minus.js.map
16585 silly gunzTarPerm extractEntry dist/esm/icons/user-round-plus.js.map
16586 silly gunzTarPerm extractEntry dist/esm/icons/user-round-search.js.map
16587 silly gunzTarPerm extractEntry dist/esm/icons/user-round-x.js.map
16588 silly gunzTarPerm extractEntry dist/esm/icons/user-round.js.map
16589 silly gunzTarPerm extractEntry dist/esm/icons/user-search.js.map
16590 silly gunzTarPerm extractEntry dist/esm/icons/user-square-2.js.map
16591 silly gunzTarPerm extractEntry dist/esm/icons/user-square.js.map
16592 silly gunzTarPerm extractEntry dist/esm/icons/user-x-2.js.map
16593 silly gunzTarPerm extractEntry dist/esm/icons/user-x.js.map
16594 silly gunzTarPerm extractEntry dist/esm/icons/user.js.map
16595 silly gunzTarPerm extractEntry dist/esm/icons/users-2.js.map
16596 silly gunzTarPerm extractEntry dist/esm/icons/users-round.js.map
16597 silly gunzTarPerm extractEntry dist/esm/icons/users.js.map
16598 silly gunzTarPerm extractEntry dist/esm/icons/utensils-crossed.js.map
16599 silly gunzTarPerm extractEntry dist/esm/icons/utensils.js.map
16600 silly gunzTarPerm extractEntry dist/esm/icons/utility-pole.js.map
16601 silly gunzTarPerm extractEntry dist/esm/icons/variable.js.map
16602 silly gunzTarPerm extractEntry dist/esm/icons/vegan.js.map
16603 silly gunzTarPerm extractEntry dist/esm/icons/venetian-mask.js.map
16604 silly gunzTarPerm extractEntry dist/esm/icons/verified.js.map
16605 silly gunzTarPerm extractEntry dist/esm/icons/vibrate-off.js.map
16606 silly gunzTarPerm extractEntry dist/esm/icons/vibrate.js.map
16607 silly gunzTarPerm extractEntry dist/esm/icons/video-off.js.map
16608 silly gunzTarPerm extractEntry dist/esm/icons/video.js.map
16609 silly gunzTarPerm extractEntry dist/esm/icons/videotape.js.map
16610 silly gunzTarPerm extractEntry dist/esm/icons/view.js.map
16611 silly gunzTarPerm extractEntry dist/esm/icons/voicemail.js.map
16612 silly gunzTarPerm extractEntry dist/esm/icons/volume-1.js.map
16613 silly gunzTarPerm extractEntry dist/esm/icons/volume-2.js.map
16614 silly gunzTarPerm extractEntry dist/esm/icons/volume-x.js.map
16615 silly gunzTarPerm extractEntry dist/esm/icons/volume.js.map
16616 silly gunzTarPerm extractEntry dist/esm/icons/vote.js.map
16617 silly gunzTarPerm extractEntry dist/esm/icons/wallet-2.js.map
16618 silly gunzTarPerm extractEntry dist/esm/icons/wallet-cards.js.map
16619 silly gunzTarPerm extractEntry dist/esm/icons/wallet.js.map
16620 silly gunzTarPerm extractEntry dist/esm/icons/wallpaper.js.map
16621 silly gunzTarPerm extractEntry dist/esm/icons/wand-2.js.map
16622 silly gunzTarPerm extractEntry dist/esm/icons/wand.js.map
16623 silly gunzTarPerm extractEntry dist/esm/icons/warehouse.js.map
16624 silly gunzTarPerm extractEntry dist/esm/icons/watch.js.map
16625 silly gunzTarPerm extractEntry dist/esm/icons/waves.js.map
16626 silly gunzTarPerm extractEntry dist/esm/icons/waypoints.js.map
16627 silly gunzTarPerm extractEntry dist/esm/icons/webcam.js.map
16628 silly gunzTarPerm extractEntry dist/esm/icons/webhook.js.map
16629 silly gunzTarPerm extractEntry dist/esm/icons/weight.js.map
16630 silly gunzTarPerm extractEntry dist/esm/icons/wheat-off.js.map
16631 silly gunzTarPerm extractEntry dist/esm/icons/wheat.js.map
16632 silly gunzTarPerm extractEntry dist/esm/icons/whole-word.js.map
16633 silly gunzTarPerm extractEntry dist/esm/icons/wifi-off.js.map
16634 silly gunzTarPerm extractEntry dist/esm/icons/wifi.js.map
16635 silly gunzTarPerm extractEntry dist/esm/icons/wind.js.map
16636 silly gunzTarPerm extractEntry dist/esm/icons/wine-off.js.map
16637 silly gunzTarPerm extractEntry dist/esm/icons/wine.js.map
16638 silly gunzTarPerm extractEntry dist/esm/icons/workflow.js.map
16639 silly gunzTarPerm extractEntry dist/esm/icons/wrap-text.js.map
16640 silly gunzTarPerm extractEntry dist/esm/icons/wrench.js.map
16641 silly gunzTarPerm extractEntry dist/esm/icons/x-circle.js.map
16642 silly gunzTarPerm extractEntry dist/esm/icons/x-octagon.js.map
16643 silly gunzTarPerm extractEntry dist/esm/icons/x-square.js.map
16644 silly gunzTarPerm extractEntry dist/esm/icons/x.js.map
16645 silly gunzTarPerm extractEntry dist/esm/icons/youtube.js.map
16646 silly gunzTarPerm extractEntry dist/esm/icons/zap-off.js.map
16647 silly gunzTarPerm extractEntry dist/esm/icons/zap.js.map
16648 silly gunzTarPerm extractEntry dist/esm/icons/zoom-in.js.map
16649 silly gunzTarPerm extractEntry dist/esm/icons/zoom-out.js.map
16650 silly gunzTarPerm extractEntry README.md
16651 silly gunzTarPerm extractEntry dynamicIconImports.d.ts
16652 silly gunzTarPerm extractEntry dist/lucide-react.d.ts
16653 silly gunzTarPerm extractEntry package.json
16654 silly gentlyRm /Users/hyypucs/work/Antigravity2/ai_pkt/frontend/node_modules/.staging/lucide-react-1a03b856/node_modules is being purged
16655 verbose gentlyRm don't care about contents; nuking /Users/hyypucs/work/Antigravity2/ai_pkt/frontend/node_modules/.staging/lucide-react-1a03b856/node_modules
16656 verbose unlock done using /Users/hyypucs/.npm/_locks/staging-9c4ee63926dc23a7.lock for /Users/hyypucs/work/Antigravity2/ai_pkt/frontend/node_modules/.staging
16657 silly rollbackFailedOptional Starting
16658 silly rollbackFailedOptional Finishing
16659 silly runTopLevelLifecycles Finishing
16660 silly install printInstalled
16661 warn optional SKIPPING OPTIONAL DEPENDENCY: @esbuild/linux-s390x@0.21.5 (node_modules/esbuild/node_modules/@esbuild/linux-s390x):
16662 warn notsup SKIPPING OPTIONAL DEPENDENCY: Unsupported platform for @esbuild/linux-s390x@0.21.5: wanted {"os":"linux","arch":"s390x"} (current: {"os":"darwin","arch":"x64"})
16663 verbose notsup SKIPPING OPTIONAL DEPENDENCY: Valid OS:    linux
16663 verbose notsup SKIPPING OPTIONAL DEPENDENCY: Valid Arch:  s390x
16663 verbose notsup SKIPPING OPTIONAL DEPENDENCY: Actual OS:   darwin
16663 verbose notsup SKIPPING OPTIONAL DEPENDENCY: Actual Arch: x64
16664 warn optional SKIPPING OPTIONAL DEPENDENCY: @esbuild/linux-ppc64@0.21.5 (node_modules/esbuild/node_modules/@esbuild/linux-ppc64):
16665 warn notsup SKIPPING OPTIONAL DEPENDENCY: Unsupported platform for @esbuild/linux-ppc64@0.21.5: wanted {"os":"linux","arch":"ppc64"} (current: {"os":"darwin","arch":"x64"})
16666 verbose notsup SKIPPING OPTIONAL DEPENDENCY: Valid OS:    linux
16666 verbose notsup SKIPPING OPTIONAL DEPENDENCY: Valid Arch:  ppc64
16666 verbose notsup SKIPPING OPTIONAL DEPENDENCY: Actual OS:   darwin
16666 verbose notsup SKIPPING OPTIONAL DEPENDENCY: Actual Arch: x64
16667 warn optional SKIPPING OPTIONAL DEPENDENCY: @esbuild/netbsd-x64@0.21.5 (node_modules/esbuild/node_modules/@esbuild/netbsd-x64):
16668 warn notsup SKIPPING OPTIONAL DEPENDENCY: Unsupported platform for @esbuild/netbsd-x64@0.21.5: wanted {"os":"netbsd","arch":"x64"} (current: {"os":"darwin","arch":"x64"})
16669 verbose notsup SKIPPING OPTIONAL DEPENDENCY: Valid OS:    netbsd
16669 verbose notsup SKIPPING OPTIONAL DEPENDENCY: Valid Arch:  x64
16669 verbose notsup SKIPPING OPTIONAL DEPENDENCY: Actual OS:   darwin
16669 verbose notsup SKIPPING OPTIONAL DEPENDENCY: Actual Arch: x64
16670 warn optional SKIPPING OPTIONAL DEPENDENCY: @esbuild/aix-ppc64@0.21.5 (node_modules/esbuild/node_modules/@esbuild/aix-ppc64):
16671 warn notsup SKIPPING OPTIONAL DEPENDENCY: Unsupported platform for @esbuild/aix-ppc64@0.21.5: wanted {"os":"aix","arch":"ppc64"} (current: {"os":"darwin","arch":"x64"})
16672 verbose notsup SKIPPING OPTIONAL DEPENDENCY: Valid OS:    aix
16672 verbose notsup SKIPPING OPTIONAL DEPENDENCY: Valid Arch:  ppc64
16672 verbose notsup SKIPPING OPTIONAL DEPENDENCY: Actual OS:   darwin
16672 verbose notsup SKIPPING OPTIONAL DEPENDENCY: Actual Arch: x64
16673 warn optional SKIPPING OPTIONAL DEPENDENCY: @esbuild/linux-ia32@0.21.5 (node_modules/esbuild/node_modules/@esbuild/linux-ia32):
16674 warn notsup SKIPPING OPTIONAL DEPENDENCY: Unsupported platform for @esbuild/linux-ia32@0.21.5: wanted {"os":"linux","arch":"ia32"} (current: {"os":"darwin","arch":"x64"})
16675 verbose notsup SKIPPING OPTIONAL DEPENDENCY: Valid OS:    linux
16675 verbose notsup SKIPPING OPTIONAL DEPENDENCY: Valid Arch:  ia32
16675 verbose notsup SKIPPING OPTIONAL DEPENDENCY: Actual OS:   darwin
16675 verbose notsup SKIPPING OPTIONAL DEPENDENCY: Actual Arch: x64
16676 warn optional SKIPPING OPTIONAL DEPENDENCY: @esbuild/sunos-x64@0.21.5 (node_modules/esbuild/node_modules/@esbuild/sunos-x64):
16677 warn notsup SKIPPING OPTIONAL DEPENDENCY: Unsupported platform for @esbuild/sunos-x64@0.21.5: wanted {"os":"sunos","arch":"x64"} (current: {"os":"darwin","arch":"x64"})
16678 verbose notsup SKIPPING OPTIONAL DEPENDENCY: Valid OS:    sunos
16678 verbose notsup SKIPPING OPTIONAL DEPENDENCY: Valid Arch:  x64
16678 verbose notsup SKIPPING OPTIONAL DEPENDENCY: Actual OS:   darwin
16678 verbose notsup SKIPPING OPTIONAL DEPENDENCY: Actual Arch: x64
16679 warn optional SKIPPING OPTIONAL DEPENDENCY: @esbuild/win32-x64@0.21.5 (node_modules/esbuild/node_modules/@esbuild/win32-x64):
16680 warn notsup SKIPPING OPTIONAL DEPENDENCY: Unsupported platform for @esbuild/win32-x64@0.21.5: wanted {"os":"win32","arch":"x64"} (current: {"os":"darwin","arch":"x64"})
16681 verbose notsup SKIPPING OPTIONAL DEPENDENCY: Valid OS:    win32
16681 verbose notsup SKIPPING OPTIONAL DEPENDENCY: Valid Arch:  x64
16681 verbose notsup SKIPPING OPTIONAL DEPENDENCY: Actual OS:   darwin
16681 verbose notsup SKIPPING OPTIONAL DEPENDENCY: Actual Arch: x64
16682 warn optional SKIPPING OPTIONAL DEPENDENCY: @esbuild/linux-arm64@0.21.5 (node_modules/esbuild/node_modules/@esbuild/linux-arm64):
16683 warn notsup SKIPPING OPTIONAL DEPENDENCY: Unsupported platform for @esbuild/linux-arm64@0.21.5: wanted {"os":"linux","arch":"arm64"} (current: {"os":"darwin","arch":"x64"})
16684 verbose notsup SKIPPING OPTIONAL DEPENDENCY: Valid OS:    linux
16684 verbose notsup SKIPPING OPTIONAL DEPENDENCY: Valid Arch:  arm64
16684 verbose notsup SKIPPING OPTIONAL DEPENDENCY: Actual OS:   darwin
16684 verbose notsup SKIPPING OPTIONAL DEPENDENCY: Actual Arch: x64
16685 warn optional SKIPPING OPTIONAL DEPENDENCY: @esbuild/android-x64@0.21.5 (node_modules/esbuild/node_modules/@esbuild/android-x64):
16686 warn notsup SKIPPING OPTIONAL DEPENDENCY: Unsupported platform for @esbuild/android-x64@0.21.5: wanted {"os":"android","arch":"x64"} (current: {"os":"darwin","arch":"x64"})
16687 verbose notsup SKIPPING OPTIONAL DEPENDENCY: Valid OS:    android
16687 verbose notsup SKIPPING OPTIONAL DEPENDENCY: Valid Arch:  x64
16687 verbose notsup SKIPPING OPTIONAL DEPENDENCY: Actual OS:   darwin
16687 verbose notsup SKIPPING OPTIONAL DEPENDENCY: Actual Arch: x64
16688 warn optional SKIPPING OPTIONAL DEPENDENCY: @esbuild/linux-x64@0.21.5 (node_modules/esbuild/node_modules/@esbuild/linux-x64):
16689 warn notsup SKIPPING OPTIONAL DEPENDENCY: Unsupported platform for @esbuild/linux-x64@0.21.5: wanted {"os":"linux","arch":"x64"} (current: {"os":"darwin","arch":"x64"})
16690 verbose notsup SKIPPING OPTIONAL DEPENDENCY: Valid OS:    linux
16690 verbose notsup SKIPPING OPTIONAL DEPENDENCY: Valid Arch:  x64
16690 verbose notsup SKIPPING OPTIONAL DEPENDENCY: Actual OS:   darwin
16690 verbose notsup SKIPPING OPTIONAL DEPENDENCY: Actual Arch: x64
16691 warn optional SKIPPING OPTIONAL DEPENDENCY: @esbuild/win32-ia32@0.21.5 (node_modules/esbuild/node_modules/@esbuild/win32-ia32):
16692 warn notsup SKIPPING OPTIONAL DEPENDENCY: Unsupported platform for @esbuild/win32-ia32@0.21.5: wanted {"os":"win32","arch":"ia32"} (current: {"os":"darwin","arch":"x64"})
16693 verbose notsup SKIPPING OPTIONAL DEPENDENCY: Valid OS:    win32
16693 verbose notsup SKIPPING OPTIONAL DEPENDENCY: Valid Arch:  ia32
16693 verbose notsup SKIPPING OPTIONAL DEPENDENCY: Actual OS:   darwin
16693 verbose notsup SKIPPING OPTIONAL DEPENDENCY: Actual Arch: x64
16694 warn optional SKIPPING OPTIONAL DEPENDENCY: @esbuild/linux-arm@0.21.5 (node_modules/esbuild/node_modules/@esbuild/linux-arm):
16695 warn notsup SKIPPING OPTIONAL DEPENDENCY: Unsupported platform for @esbuild/linux-arm@0.21.5: wanted {"os":"linux","arch":"arm"} (current: {"os":"darwin","arch":"x64"})
16696 verbose notsup SKIPPING OPTIONAL DEPENDENCY: Valid OS:    linux
16696 verbose notsup SKIPPING OPTIONAL DEPENDENCY: Valid Arch:  arm
16696 verbose notsup SKIPPING OPTIONAL DEPENDENCY: Actual OS:   darwin
16696 verbose notsup SKIPPING OPTIONAL DEPENDENCY: Actual Arch: x64
16697 warn optional SKIPPING OPTIONAL DEPENDENCY: @esbuild/win32-arm64@0.21.5 (node_modules/esbuild/node_modules/@esbuild/win32-arm64):
16698 warn notsup SKIPPING OPTIONAL DEPENDENCY: Unsupported platform for @esbuild/win32-arm64@0.21.5: wanted {"os":"win32","arch":"arm64"} (current: {"os":"darwin","arch":"x64"})
16699 verbose notsup SKIPPING OPTIONAL DEPENDENCY: Valid OS:    win32
16699 verbose notsup SKIPPING OPTIONAL DEPENDENCY: Valid Arch:  arm64
16699 verbose notsup SKIPPING OPTIONAL DEPENDENCY: Actual OS:   darwin
16699 verbose notsup SKIPPING OPTIONAL DEPENDENCY: Actual Arch: x64
16700 warn optional SKIPPING OPTIONAL DEPENDENCY: @esbuild/openbsd-x64@0.21.5 (node_modules/esbuild/node_modules/@esbuild/openbsd-x64):
16701 warn notsup SKIPPING OPTIONAL DEPENDENCY: Unsupported platform for @esbuild/openbsd-x64@0.21.5: wanted {"os":"openbsd","arch":"x64"} (current: {"os":"darwin","arch":"x64"})
16702 verbose notsup SKIPPING OPTIONAL DEPENDENCY: Valid OS:    openbsd
16702 verbose notsup SKIPPING OPTIONAL DEPENDENCY: Valid Arch:  x64
16702 verbose notsup SKIPPING OPTIONAL DEPENDENCY: Actual OS:   darwin
16702 verbose notsup SKIPPING OPTIONAL DEPENDENCY: Actual Arch: x64
16703 warn optional SKIPPING OPTIONAL DEPENDENCY: @esbuild/freebsd-x64@0.21.5 (node_modules/esbuild/node_modules/@esbuild/freebsd-x64):
16704 warn notsup SKIPPING OPTIONAL DEPENDENCY: Unsupported platform for @esbuild/freebsd-x64@0.21.5: wanted {"os":"freebsd","arch":"x64"} (current: {"os":"darwin","arch":"x64"})
16705 verbose notsup SKIPPING OPTIONAL DEPENDENCY: Valid OS:    freebsd
16705 verbose notsup SKIPPING OPTIONAL DEPENDENCY: Valid Arch:  x64
16705 verbose notsup SKIPPING OPTIONAL DEPENDENCY: Actual OS:   darwin
16705 verbose notsup SKIPPING OPTIONAL DEPENDENCY: Actual Arch: x64
16706 warn optional SKIPPING OPTIONAL DEPENDENCY: @esbuild/linux-riscv64@0.21.5 (node_modules/esbuild/node_modules/@esbuild/linux-riscv64):
16707 warn notsup SKIPPING OPTIONAL DEPENDENCY: Unsupported platform for @esbuild/linux-riscv64@0.21.5: wanted {"os":"linux","arch":"riscv64"} (current: {"os":"darwin","arch":"x64"})
16708 verbose notsup SKIPPING OPTIONAL DEPENDENCY: Valid OS:    linux
16708 verbose notsup SKIPPING OPTIONAL DEPENDENCY: Valid Arch:  riscv64
16708 verbose notsup SKIPPING OPTIONAL DEPENDENCY: Actual OS:   darwin
16708 verbose notsup SKIPPING OPTIONAL DEPENDENCY: Actual Arch: x64
16709 warn optional SKIPPING OPTIONAL DEPENDENCY: @esbuild/darwin-arm64@0.21.5 (node_modules/esbuild/node_modules/@esbuild/darwin-arm64):
16710 warn notsup SKIPPING OPTIONAL DEPENDENCY: Unsupported platform for @esbuild/darwin-arm64@0.21.5: wanted {"os":"darwin","arch":"arm64"} (current: {"os":"darwin","arch":"x64"})
16711 verbose notsup SKIPPING OPTIONAL DEPENDENCY: Valid OS:    darwin
16711 verbose notsup SKIPPING OPTIONAL DEPENDENCY: Valid Arch:  arm64
16711 verbose notsup SKIPPING OPTIONAL DEPENDENCY: Actual OS:   darwin
16711 verbose notsup SKIPPING OPTIONAL DEPENDENCY: Actual Arch: x64
16712 warn optional SKIPPING OPTIONAL DEPENDENCY: @esbuild/freebsd-arm64@0.21.5 (node_modules/esbuild/node_modules/@esbuild/freebsd-arm64):
16713 warn notsup SKIPPING OPTIONAL DEPENDENCY: Unsupported platform for @esbuild/freebsd-arm64@0.21.5: wanted {"os":"freebsd","arch":"arm64"} (current: {"os":"darwin","arch":"x64"})
16714 verbose notsup SKIPPING OPTIONAL DEPENDENCY: Valid OS:    freebsd
16714 verbose notsup SKIPPING OPTIONAL DEPENDENCY: Valid Arch:  arm64
16714 verbose notsup SKIPPING OPTIONAL DEPENDENCY: Actual OS:   darwin
16714 verbose notsup SKIPPING OPTIONAL DEPENDENCY: Actual Arch: x64
16715 warn optional SKIPPING OPTIONAL DEPENDENCY: @esbuild/linux-mips64el@0.21.5 (node_modules/esbuild/node_modules/@esbuild/linux-mips64el):
16716 warn notsup SKIPPING OPTIONAL DEPENDENCY: Unsupported platform for @esbuild/linux-mips64el@0.21.5: wanted {"os":"linux","arch":"mips64el"} (current: {"os":"darwin","arch":"x64"})
16717 verbose notsup SKIPPING OPTIONAL DEPENDENCY: Valid OS:    linux
16717 verbose notsup SKIPPING OPTIONAL DEPENDENCY: Valid Arch:  mips64el
16717 verbose notsup SKIPPING OPTIONAL DEPENDENCY: Actual OS:   darwin
16717 verbose notsup SKIPPING OPTIONAL DEPENDENCY: Actual Arch: x64
16718 warn optional SKIPPING OPTIONAL DEPENDENCY: @esbuild/android-arm64@0.21.5 (node_modules/esbuild/node_modules/@esbuild/android-arm64):
16719 warn notsup SKIPPING OPTIONAL DEPENDENCY: Unsupported platform for @esbuild/android-arm64@0.21.5: wanted {"os":"android","arch":"arm64"} (current: {"os":"darwin","arch":"x64"})
16720 verbose notsup SKIPPING OPTIONAL DEPENDENCY: Valid OS:    android
16720 verbose notsup SKIPPING OPTIONAL DEPENDENCY: Valid Arch:  arm64
16720 verbose notsup SKIPPING OPTIONAL DEPENDENCY: Actual OS:   darwin
16720 verbose notsup SKIPPING OPTIONAL DEPENDENCY: Actual Arch: x64
16721 warn optional SKIPPING OPTIONAL DEPENDENCY: @esbuild/android-arm@0.21.5 (node_modules/esbuild/node_modules/@esbuild/android-arm):
16722 warn notsup SKIPPING OPTIONAL DEPENDENCY: Unsupported platform for @esbuild/android-arm@0.21.5: wanted {"os":"android","arch":"arm"} (current: {"os":"darwin","arch":"x64"})
16723 verbose notsup SKIPPING OPTIONAL DEPENDENCY: Valid OS:    android
16723 verbose notsup SKIPPING OPTIONAL DEPENDENCY: Valid Arch:  arm
16723 verbose notsup SKIPPING OPTIONAL DEPENDENCY: Actual OS:   darwin
16723 verbose notsup SKIPPING OPTIONAL DEPENDENCY: Actual Arch: x64
16724 warn optional SKIPPING OPTIONAL DEPENDENCY: @esbuild/linux-loong64@0.21.5 (node_modules/esbuild/node_modules/@esbuild/linux-loong64):
16725 warn notsup SKIPPING OPTIONAL DEPENDENCY: Unsupported platform for @esbuild/linux-loong64@0.21.5: wanted {"os":"linux","arch":"loong64"} (current: {"os":"darwin","arch":"x64"})
16726 verbose notsup SKIPPING OPTIONAL DEPENDENCY: Valid OS:    linux
16726 verbose notsup SKIPPING OPTIONAL DEPENDENCY: Valid Arch:  loong64
16726 verbose notsup SKIPPING OPTIONAL DEPENDENCY: Actual OS:   darwin
16726 verbose notsup SKIPPING OPTIONAL DEPENDENCY: Actual Arch: x64
16727 warn optional SKIPPING OPTIONAL DEPENDENCY: @napi-rs/lzma-linux-x64-gnu@1.5.1 (node_modules/rollup/node_modules/@napi-rs/lzma-linux-x64-gnu):
16728 warn notsup SKIPPING OPTIONAL DEPENDENCY: Unsupported platform for @napi-rs/lzma-linux-x64-gnu@1.5.1: wanted {"os":"linux","arch":"x64"} (current: {"os":"darwin","arch":"x64"})
16729 verbose notsup SKIPPING OPTIONAL DEPENDENCY: Valid OS:    linux
16729 verbose notsup SKIPPING OPTIONAL DEPENDENCY: Valid Arch:  x64
16729 verbose notsup SKIPPING OPTIONAL DEPENDENCY: Actual OS:   darwin
16729 verbose notsup SKIPPING OPTIONAL DEPENDENCY: Actual Arch: x64
16730 warn optional SKIPPING OPTIONAL DEPENDENCY: @rollup/rollup-linux-loong64-gnu@4.62.4 (node_modules/rollup/node_modules/@rollup/rollup-linux-loong64-gnu):
16731 warn notsup SKIPPING OPTIONAL DEPENDENCY: Unsupported platform for @rollup/rollup-linux-loong64-gnu@4.62.4: wanted {"os":"linux","arch":"loong64"} (current: {"os":"darwin","arch":"x64"})
16732 verbose notsup SKIPPING OPTIONAL DEPENDENCY: Valid OS:    linux
16732 verbose notsup SKIPPING OPTIONAL DEPENDENCY: Valid Arch:  loong64
16732 verbose notsup SKIPPING OPTIONAL DEPENDENCY: Actual OS:   darwin
16732 verbose notsup SKIPPING OPTIONAL DEPENDENCY: Actual Arch: x64
16733 warn optional SKIPPING OPTIONAL DEPENDENCY: @rollup/rollup-openbsd-x64@4.62.4 (node_modules/rollup/node_modules/@rollup/rollup-openbsd-x64):
16734 warn notsup SKIPPING OPTIONAL DEPENDENCY: Unsupported platform for @rollup/rollup-openbsd-x64@4.62.4: wanted {"os":"openbsd","arch":"x64"} (current: {"os":"darwin","arch":"x64"})
16735 verbose notsup SKIPPING OPTIONAL DEPENDENCY: Valid OS:    openbsd
16735 verbose notsup SKIPPING OPTIONAL DEPENDENCY: Valid Arch:  x64
16735 verbose notsup SKIPPING OPTIONAL DEPENDENCY: Actual OS:   darwin
16735 verbose notsup SKIPPING OPTIONAL DEPENDENCY: Actual Arch: x64
16736 warn optional SKIPPING OPTIONAL DEPENDENCY: @rollup/rollup-linux-loong64-musl@4.62.4 (node_modules/rollup/node_modules/@rollup/rollup-linux-loong64-musl):
16737 warn notsup SKIPPING OPTIONAL DEPENDENCY: Unsupported platform for @rollup/rollup-linux-loong64-musl@4.62.4: wanted {"os":"linux","arch":"loong64"} (current: {"os":"darwin","arch":"x64"})
16738 verbose notsup SKIPPING OPTIONAL DEPENDENCY: Valid OS:    linux
16738 verbose notsup SKIPPING OPTIONAL DEPENDENCY: Valid Arch:  loong64
16738 verbose notsup SKIPPING OPTIONAL DEPENDENCY: Actual OS:   darwin
16738 verbose notsup SKIPPING OPTIONAL DEPENDENCY: Actual Arch: x64
16739 warn optional SKIPPING OPTIONAL DEPENDENCY: @rollup/rollup-linux-ppc64-musl@4.62.4 (node_modules/rollup/node_modules/@rollup/rollup-linux-ppc64-musl):
16740 warn notsup SKIPPING OPTIONAL DEPENDENCY: Unsupported platform for @rollup/rollup-linux-ppc64-musl@4.62.4: wanted {"os":"linux","arch":"ppc64"} (current: {"os":"darwin","arch":"x64"})
16741 verbose notsup SKIPPING OPTIONAL DEPENDENCY: Valid OS:    linux
16741 verbose notsup SKIPPING OPTIONAL DEPENDENCY: Valid Arch:  ppc64
16741 verbose notsup SKIPPING OPTIONAL DEPENDENCY: Actual OS:   darwin
16741 verbose notsup SKIPPING OPTIONAL DEPENDENCY: Actual Arch: x64
16742 warn optional SKIPPING OPTIONAL DEPENDENCY: @rollup/rollup-win32-x64-gnu@4.62.4 (node_modules/rollup/node_modules/@rollup/rollup-win32-x64-gnu):
16743 warn notsup SKIPPING OPTIONAL DEPENDENCY: Unsupported platform for @rollup/rollup-win32-x64-gnu@4.62.4: wanted {"os":"win32","arch":"x64"} (current: {"os":"darwin","arch":"x64"})
16744 verbose notsup SKIPPING OPTIONAL DEPENDENCY: Valid OS:    win32
16744 verbose notsup SKIPPING OPTIONAL DEPENDENCY: Valid Arch:  x64
16744 verbose notsup SKIPPING OPTIONAL DEPENDENCY: Actual OS:   darwin
16744 verbose notsup SKIPPING OPTIONAL DEPENDENCY: Actual Arch: x64
16745 warn optional SKIPPING OPTIONAL DEPENDENCY: @rollup/rollup-openharmony-arm64@4.62.4 (node_modules/rollup/node_modules/@rollup/rollup-openharmony-arm64):
16746 warn notsup SKIPPING OPTIONAL DEPENDENCY: Unsupported platform for @rollup/rollup-openharmony-arm64@4.62.4: wanted {"os":"openharmony","arch":"arm64"} (current: {"os":"darwin","arch":"x64"})
16747 verbose notsup SKIPPING OPTIONAL DEPENDENCY: Valid OS:    openharmony
16747 verbose notsup SKIPPING OPTIONAL DEPENDENCY: Valid Arch:  arm64
16747 verbose notsup SKIPPING OPTIONAL DEPENDENCY: Actual OS:   darwin
16747 verbose notsup SKIPPING OPTIONAL DEPENDENCY: Actual Arch: x64
16748 warn optional SKIPPING OPTIONAL DEPENDENCY: @rollup/rollup-linux-ppc64-gnu@4.62.4 (node_modules/rollup/node_modules/@rollup/rollup-linux-ppc64-gnu):
16749 warn notsup SKIPPING OPTIONAL DEPENDENCY: Unsupported platform for @rollup/rollup-linux-ppc64-gnu@4.62.4: wanted {"os":"linux","arch":"ppc64"} (current: {"os":"darwin","arch":"x64"})
16750 verbose notsup SKIPPING OPTIONAL DEPENDENCY: Valid OS:    linux
16750 verbose notsup SKIPPING OPTIONAL DEPENDENCY: Valid Arch:  ppc64
16750 verbose notsup SKIPPING OPTIONAL DEPENDENCY: Actual OS:   darwin
16750 verbose notsup SKIPPING OPTIONAL DEPENDENCY: Actual Arch: x64
16751 warn optional SKIPPING OPTIONAL DEPENDENCY: @rollup/rollup-linux-riscv64-musl@4.62.4 (node_modules/rollup/node_modules/@rollup/rollup-linux-riscv64-musl):
16752 warn notsup SKIPPING OPTIONAL DEPENDENCY: Unsupported platform for @rollup/rollup-linux-riscv64-musl@4.62.4: wanted {"os":"linux","arch":"riscv64"} (current: {"os":"darwin","arch":"x64"})
16753 verbose notsup SKIPPING OPTIONAL DEPENDENCY: Valid OS:    linux
16753 verbose notsup SKIPPING OPTIONAL DEPENDENCY: Valid Arch:  riscv64
16753 verbose notsup SKIPPING OPTIONAL DEPENDENCY: Actual OS:   darwin
16753 verbose notsup SKIPPING OPTIONAL DEPENDENCY: Actual Arch: x64
16754 warn optional SKIPPING OPTIONAL DEPENDENCY: @rollup/rollup-freebsd-arm64@4.62.4 (node_modules/rollup/node_modules/@rollup/rollup-freebsd-arm64):
16755 warn notsup SKIPPING OPTIONAL DEPENDENCY: Unsupported platform for @rollup/rollup-freebsd-arm64@4.62.4: wanted {"os":"freebsd","arch":"arm64"} (current: {"os":"darwin","arch":"x64"})
16756 verbose notsup SKIPPING OPTIONAL DEPENDENCY: Valid OS:    freebsd
16756 verbose notsup SKIPPING OPTIONAL DEPENDENCY: Valid Arch:  arm64
16756 verbose notsup SKIPPING OPTIONAL DEPENDENCY: Actual OS:   darwin
16756 verbose notsup SKIPPING OPTIONAL DEPENDENCY: Actual Arch: x64
16757 warn optional SKIPPING OPTIONAL DEPENDENCY: @rollup/rollup-freebsd-x64@4.62.4 (node_modules/rollup/node_modules/@rollup/rollup-freebsd-x64):
16758 warn notsup SKIPPING OPTIONAL DEPENDENCY: Unsupported platform for @rollup/rollup-freebsd-x64@4.62.4: wanted {"os":"freebsd","arch":"x64"} (current: {"os":"darwin","arch":"x64"})
16759 verbose notsup SKIPPING OPTIONAL DEPENDENCY: Valid OS:    freebsd
16759 verbose notsup SKIPPING OPTIONAL DEPENDENCY: Valid Arch:  x64
16759 verbose notsup SKIPPING OPTIONAL DEPENDENCY: Actual OS:   darwin
16759 verbose notsup SKIPPING OPTIONAL DEPENDENCY: Actual Arch: x64
16760 warn optional SKIPPING OPTIONAL DEPENDENCY: @rollup/rollup-linux-s390x-gnu@4.62.4 (node_modules/rollup/node_modules/@rollup/rollup-linux-s390x-gnu):
16761 warn notsup SKIPPING OPTIONAL DEPENDENCY: Unsupported platform for @rollup/rollup-linux-s390x-gnu@4.62.4: wanted {"os":"linux","arch":"s390x"} (current: {"os":"darwin","arch":"x64"})
16762 verbose notsup SKIPPING OPTIONAL DEPENDENCY: Valid OS:    linux
16762 verbose notsup SKIPPING OPTIONAL DEPENDENCY: Valid Arch:  s390x
16762 verbose notsup SKIPPING OPTIONAL DEPENDENCY: Actual OS:   darwin
16762 verbose notsup SKIPPING OPTIONAL DEPENDENCY: Actual Arch: x64
16763 warn optional SKIPPING OPTIONAL DEPENDENCY: @rollup/rollup-linux-arm-musleabihf@4.62.4 (node_modules/rollup/node_modules/@rollup/rollup-linux-arm-musleabihf):
16764 warn notsup SKIPPING OPTIONAL DEPENDENCY: Unsupported platform for @rollup/rollup-linux-arm-musleabihf@4.62.4: wanted {"os":"linux","arch":"arm"} (current: {"os":"darwin","arch":"x64"})
16765 verbose notsup SKIPPING OPTIONAL DEPENDENCY: Valid OS:    linux
16765 verbose notsup SKIPPING OPTIONAL DEPENDENCY: Valid Arch:  arm
16765 verbose notsup SKIPPING OPTIONAL DEPENDENCY: Actual OS:   darwin
16765 verbose notsup SKIPPING OPTIONAL DEPENDENCY: Actual Arch: x64
16766 warn optional SKIPPING OPTIONAL DEPENDENCY: @rollup/rollup-linux-riscv64-gnu@4.62.4 (node_modules/rollup/node_modules/@rollup/rollup-linux-riscv64-gnu):
16767 warn notsup SKIPPING OPTIONAL DEPENDENCY: Unsupported platform for @rollup/rollup-linux-riscv64-gnu@4.62.4: wanted {"os":"linux","arch":"riscv64"} (current: {"os":"darwin","arch":"x64"})
16768 verbose notsup SKIPPING OPTIONAL DEPENDENCY: Valid OS:    linux
16768 verbose notsup SKIPPING OPTIONAL DEPENDENCY: Valid Arch:  riscv64
16768 verbose notsup SKIPPING OPTIONAL DEPENDENCY: Actual OS:   darwin
16768 verbose notsup SKIPPING OPTIONAL DEPENDENCY: Actual Arch: x64
16769 warn optional SKIPPING OPTIONAL DEPENDENCY: @rollup/rollup-win32-x64-msvc@4.62.4 (node_modules/rollup/node_modules/@rollup/rollup-win32-x64-msvc):
16770 warn notsup SKIPPING OPTIONAL DEPENDENCY: Unsupported platform for @rollup/rollup-win32-x64-msvc@4.62.4: wanted {"os":"win32","arch":"x64"} (current: {"os":"darwin","arch":"x64"})
16771 verbose notsup SKIPPING OPTIONAL DEPENDENCY: Valid OS:    win32
16771 verbose notsup SKIPPING OPTIONAL DEPENDENCY: Valid Arch:  x64
16771 verbose notsup SKIPPING OPTIONAL DEPENDENCY: Actual OS:   darwin
16771 verbose notsup SKIPPING OPTIONAL DEPENDENCY: Actual Arch: x64
16772 warn optional SKIPPING OPTIONAL DEPENDENCY: @rollup/rollup-linux-arm64-musl@4.62.4 (node_modules/rollup/node_modules/@rollup/rollup-linux-arm64-musl):
16773 warn notsup SKIPPING OPTIONAL DEPENDENCY: Unsupported platform for @rollup/rollup-linux-arm64-musl@4.62.4: wanted {"os":"linux","arch":"arm64"} (current: {"os":"darwin","arch":"x64"})
16774 verbose notsup SKIPPING OPTIONAL DEPENDENCY: Valid OS:    linux
16774 verbose notsup SKIPPING OPTIONAL DEPENDENCY: Valid Arch:  arm64
16774 verbose notsup SKIPPING OPTIONAL DEPENDENCY: Actual OS:   darwin
16774 verbose notsup SKIPPING OPTIONAL DEPENDENCY: Actual Arch: x64
16775 warn optional SKIPPING OPTIONAL DEPENDENCY: @rollup/rollup-darwin-arm64@4.62.4 (node_modules/rollup/node_modules/@rollup/rollup-darwin-arm64):
16776 warn notsup SKIPPING OPTIONAL DEPENDENCY: Unsupported platform for @rollup/rollup-darwin-arm64@4.62.4: wanted {"os":"darwin","arch":"arm64"} (current: {"os":"darwin","arch":"x64"})
16777 verbose notsup SKIPPING OPTIONAL DEPENDENCY: Valid OS:    darwin
16777 verbose notsup SKIPPING OPTIONAL DEPENDENCY: Valid Arch:  arm64
16777 verbose notsup SKIPPING OPTIONAL DEPENDENCY: Actual OS:   darwin
16777 verbose notsup SKIPPING OPTIONAL DEPENDENCY: Actual Arch: x64
16778 warn optional SKIPPING OPTIONAL DEPENDENCY: @rollup/rollup-android-arm64@4.62.4 (node_modules/rollup/node_modules/@rollup/rollup-android-arm64):
16779 warn notsup SKIPPING OPTIONAL DEPENDENCY: Unsupported platform for @rollup/rollup-android-arm64@4.62.4: wanted {"os":"android","arch":"arm64"} (current: {"os":"darwin","arch":"x64"})
16780 verbose notsup SKIPPING OPTIONAL DEPENDENCY: Valid OS:    android
16780 verbose notsup SKIPPING OPTIONAL DEPENDENCY: Valid Arch:  arm64
16780 verbose notsup SKIPPING OPTIONAL DEPENDENCY: Actual OS:   darwin
16780 verbose notsup SKIPPING OPTIONAL DEPENDENCY: Actual Arch: x64
16781 warn optional SKIPPING OPTIONAL DEPENDENCY: @rollup/rollup-linux-x64-musl@4.62.4 (node_modules/rollup/node_modules/@rollup/rollup-linux-x64-musl):
16782 warn notsup SKIPPING OPTIONAL DEPENDENCY: Unsupported platform for @rollup/rollup-linux-x64-musl@4.62.4: wanted {"os":"linux","arch":"x64"} (current: {"os":"darwin","arch":"x64"})
16783 verbose notsup SKIPPING OPTIONAL DEPENDENCY: Valid OS:    linux
16783 verbose notsup SKIPPING OPTIONAL DEPENDENCY: Valid Arch:  x64
16783 verbose notsup SKIPPING OPTIONAL DEPENDENCY: Actual OS:   darwin
16783 verbose notsup SKIPPING OPTIONAL DEPENDENCY: Actual Arch: x64
16784 warn optional SKIPPING OPTIONAL DEPENDENCY: @rollup/rollup-win32-arm64-msvc@4.62.4 (node_modules/rollup/node_modules/@rollup/rollup-win32-arm64-msvc):
16785 warn notsup SKIPPING OPTIONAL DEPENDENCY: Unsupported platform for @rollup/rollup-win32-arm64-msvc@4.62.4: wanted {"os":"win32","arch":"arm64"} (current: {"os":"darwin","arch":"x64"})
16786 verbose notsup SKIPPING OPTIONAL DEPENDENCY: Valid OS:    win32
16786 verbose notsup SKIPPING OPTIONAL DEPENDENCY: Valid Arch:  arm64
16786 verbose notsup SKIPPING OPTIONAL DEPENDENCY: Actual OS:   darwin
16786 verbose notsup SKIPPING OPTIONAL DEPENDENCY: Actual Arch: x64
16787 warn optional SKIPPING OPTIONAL DEPENDENCY: @rollup/rollup-linux-arm64-gnu@4.62.4 (node_modules/rollup/node_modules/@rollup/rollup-linux-arm64-gnu):
16788 warn notsup SKIPPING OPTIONAL DEPENDENCY: Unsupported platform for @rollup/rollup-linux-arm64-gnu@4.62.4: wanted {"os":"linux","arch":"arm64"} (current: {"os":"darwin","arch":"x64"})
16789 verbose notsup SKIPPING OPTIONAL DEPENDENCY: Valid OS:    linux
16789 verbose notsup SKIPPING OPTIONAL DEPENDENCY: Valid Arch:  arm64
16789 verbose notsup SKIPPING OPTIONAL DEPENDENCY: Actual OS:   darwin
16789 verbose notsup SKIPPING OPTIONAL DEPENDENCY: Actual Arch: x64
16790 warn optional SKIPPING OPTIONAL DEPENDENCY: @rollup/rollup-win32-ia32-msvc@4.62.4 (node_modules/rollup/node_modules/@rollup/rollup-win32-ia32-msvc):
16791 warn notsup SKIPPING OPTIONAL DEPENDENCY: Unsupported platform for @rollup/rollup-win32-ia32-msvc@4.62.4: wanted {"os":"win32","arch":"ia32"} (current: {"os":"darwin","arch":"x64"})
16792 verbose notsup SKIPPING OPTIONAL DEPENDENCY: Valid OS:    win32
16792 verbose notsup SKIPPING OPTIONAL DEPENDENCY: Valid Arch:  ia32
16792 verbose notsup SKIPPING OPTIONAL DEPENDENCY: Actual OS:   darwin
16792 verbose notsup SKIPPING OPTIONAL DEPENDENCY: Actual Arch: x64
16793 warn optional SKIPPING OPTIONAL DEPENDENCY: @rollup/rollup-linux-x64-gnu@4.62.4 (node_modules/rollup/node_modules/@rollup/rollup-linux-x64-gnu):
16794 warn notsup SKIPPING OPTIONAL DEPENDENCY: Unsupported platform for @rollup/rollup-linux-x64-gnu@4.62.4: wanted {"os":"linux","arch":"x64"} (current: {"os":"darwin","arch":"x64"})
16795 verbose notsup SKIPPING OPTIONAL DEPENDENCY: Valid OS:    linux
16795 verbose notsup SKIPPING OPTIONAL DEPENDENCY: Valid Arch:  x64
16795 verbose notsup SKIPPING OPTIONAL DEPENDENCY: Actual OS:   darwin
16795 verbose notsup SKIPPING OPTIONAL DEPENDENCY: Actual Arch: x64
16796 warn optional SKIPPING OPTIONAL DEPENDENCY: @rollup/rollup-android-arm-eabi@4.62.4 (node_modules/rollup/node_modules/@rollup/rollup-android-arm-eabi):
16797 warn notsup SKIPPING OPTIONAL DEPENDENCY: Unsupported platform for @rollup/rollup-android-arm-eabi@4.62.4: wanted {"os":"android","arch":"arm"} (current: {"os":"darwin","arch":"x64"})
16798 verbose notsup SKIPPING OPTIONAL DEPENDENCY: Valid OS:    android
16798 verbose notsup SKIPPING OPTIONAL DEPENDENCY: Valid Arch:  arm
16798 verbose notsup SKIPPING OPTIONAL DEPENDENCY: Actual OS:   darwin
16798 verbose notsup SKIPPING OPTIONAL DEPENDENCY: Actual Arch: x64
16799 warn optional SKIPPING OPTIONAL DEPENDENCY: @rollup/rollup-linux-arm-gnueabihf@4.62.4 (node_modules/rollup/node_modules/@rollup/rollup-linux-arm-gnueabihf):
16800 warn notsup SKIPPING OPTIONAL DEPENDENCY: Unsupported platform for @rollup/rollup-linux-arm-gnueabihf@4.62.4: wanted {"os":"linux","arch":"arm"} (current: {"os":"darwin","arch":"x64"})
16801 verbose notsup SKIPPING OPTIONAL DEPENDENCY: Valid OS:    linux
16801 verbose notsup SKIPPING OPTIONAL DEPENDENCY: Valid Arch:  arm
16801 verbose notsup SKIPPING OPTIONAL DEPENDENCY: Actual OS:   darwin
16801 verbose notsup SKIPPING OPTIONAL DEPENDENCY: Actual Arch: x64
16802 warn vite@5.4.21 requires a peer of less@* but none was installed.
16803 verbose If you need help, you may report this error at:
16803 verbose     <https://github.com/npm/npm/issues>
16804 warn vite@5.4.21 requires a peer of sass@* but none was installed.
16805 verbose If you need help, you may report this error at:
16805 verbose     <https://github.com/npm/npm/issues>
16806 warn vite@5.4.21 requires a peer of stylus@* but none was installed.
16807 verbose If you need help, you may report this error at:
16807 verbose     <https://github.com/npm/npm/issues>
16808 warn vite@5.4.21 requires a peer of terser@^5.4.0 but none was installed.
16809 verbose If you need help, you may report this error at:
16809 verbose     <https://github.com/npm/npm/issues>
16810 warn vite@5.4.21 requires a peer of sugarss@* but none was installed.
16811 verbose If you need help, you may report this error at:
16811 verbose     <https://github.com/npm/npm/issues>
16812 warn vite@5.4.21 requires a peer of @types/node@^18.0.0 || >=20.0.0 but none was installed.
16813 verbose If you need help, you may report this error at:
16813 verbose     <https://github.com/npm/npm/issues>
16814 warn vite@5.4.21 requires a peer of lightningcss@^1.21.0 but none was installed.
16815 verbose If you need help, you may report this error at:
16815 verbose     <https://github.com/npm/npm/issues>
16816 warn vite@5.4.21 requires a peer of sass-embedded@* but none was installed.
16817 verbose If you need help, you may report this error at:
16817 verbose     <https://github.com/npm/npm/issues>
16818 verbose stack Error: ENOTDIR: not a directory, open '/Users/hyypucs/work/Antigravity2/ai_pkt/frontend/node_modules/.staging/@types/prop-types-07d470b2/package.json'
16818 verbose stack     at Error (native)
16819 verbose cwd /Users/hyypucs/work/Antigravity2/ai_pkt/frontend
16820 error Darwin 22.6.0
16821 error argv "/usr/local/bin/node" "/usr/local/bin/npm" "install"
16822 error node v6.11.2
16823 error npm  v3.10.10
16824 error path /Users/hyypucs/work/Antigravity2/ai_pkt/frontend/node_modules/.staging/@types/prop-types-07d470b2/package.json
16825 error code ENOTDIR
16826 error errno -20
16827 error syscall open
16828 error ENOTDIR: not a directory, open '/Users/hyypucs/work/Antigravity2/ai_pkt/frontend/node_modules/.staging/@types/prop-types-07d470b2/package.json'
16829 error If you need help, you may report this error at:
16829 error     <https://github.com/npm/npm/issues>
16830 verbose exit [ -20, true ]
